Model,Metric,Query,Rank,Video,Score
MiniLM,cosine,Learn English with The Devil Wears Prada scene,1,aRbaIHNttv4,0.6139
MiniLM,cosine,Learn English with The Devil Wears Prada scene,2,OuTtIzGhUDY,0.5923
MiniLM,cosine,Learn English with The Devil Wears Prada scene,3,3GCmsMI5iAY,0.5296
MiniLM,cosine,Learn English with The Devil Wears Prada scene,4,QaP6nhNyHb0,0.5122
MiniLM,cosine,Learn English with The Devil Wears Prada scene,5,pKoH9GkEKxQ,0.5085
MiniLM,cosine,Learn English with SpongeBob SquarePants dialogue,1,JxWEAP0aAJQ,0.7447
MiniLM,cosine,Learn English with SpongeBob SquarePants dialogue,2,NDhPifXoBYI,0.6435
MiniLM,cosine,Learn English with SpongeBob SquarePants dialogue,3,FZXyYuiyq2I,0.536
MiniLM,cosine,Learn English with SpongeBob SquarePants dialogue,4,2MlWEVKMD_M,0.5342
MiniLM,cosine,Learn English with SpongeBob SquarePants dialogue,5,Sev_UnaqWmM,0.531
MiniLM,cosine,Learn English with The Simpsons episode conversation,1,apI6j_LQYAA,0.678
MiniLM,cosine,Learn English with The Simpsons episode conversation,2,RQuL3lsuarQ,0.5653
MiniLM,cosine,Learn English with The Simpsons episode conversation,3,wqOlUOkiFbs,0.5477
MiniLM,cosine,Learn English with The Simpsons episode conversation,4,fQwqes1cQ8E,0.5469
MiniLM,cosine,Learn English with The Simpsons episode conversation,5,2li3fhbUnXI,0.5388
MiniLM,cosine,Learn English with Peaky Blinders speaking style,1,uW-I9SFuU1A,0.6481
MiniLM,cosine,Learn English with Peaky Blinders speaking style,2,2li3fhbUnXI,0.6397
MiniLM,cosine,Learn English with Peaky Blinders speaking style,3,xV-GT84xzE8,0.5708
MiniLM,cosine,Learn English with Peaky Blinders speaking style,4,RHOGowO5i2A,0.563
MiniLM,cosine,Learn English with Peaky Blinders speaking style,5,EccLlzUCF4w,0.5587
MiniLM,cosine,Learn English with Jennifer Aniston interview,1,381NyVSorHo,0.7161
MiniLM,cosine,Learn English with Jennifer Aniston interview,2,dsN6FiF9ncI,0.6839
MiniLM,cosine,Learn English with Jennifer Aniston interview,3,5fBrINGT0Dg,0.5716
MiniLM,cosine,Learn English with Jennifer Aniston interview,4,mNCS4_wqaPY,0.5557
MiniLM,cosine,Learn English with Jennifer Aniston interview,5,SruvBaQa4UA,0.5525
MiniLM,cosine,Learn English with Zootopia movie dialogue,1,UpQF2gdw5RY,0.7331
MiniLM,cosine,Learn English with Zootopia movie dialogue,2,Ql17ws1pmiQ,0.6214
MiniLM,cosine,Learn English with Zootopia movie dialogue,3,SkViUbosnD4,0.6094
MiniLM,cosine,Learn English with Zootopia movie dialogue,4,HgB2UHli0fU,0.6085
MiniLM,cosine,Learn English with Zootopia movie dialogue,5,67E6Dl6LaW4,0.6082
MiniLM,cosine,Learn English with The Lion King movie scene,1,IIhWbZk2B3o,0.7407
MiniLM,cosine,Learn English with The Lion King movie scene,2,HgB2UHli0fU,0.7391
MiniLM,cosine,Learn English with The Lion King movie scene,3,Ql17ws1pmiQ,0.6206
MiniLM,cosine,Learn English with The Lion King movie scene,4,SkViUbosnD4,0.5613
MiniLM,cosine,Learn English with The Lion King movie scene,5,cj0_XhE_qxE,0.5543
MiniLM,cosine,Learn English with Pirates of the Caribbean dialogue,1,ICVQ6wfZr3c,0.7798
MiniLM,cosine,Learn English with Pirates of the Caribbean dialogue,2,UUAENx1NANg,0.725
MiniLM,cosine,Learn English with Pirates of the Caribbean dialogue,3,iuQsu4HOlrA,0.7246
MiniLM,cosine,Learn English with Pirates of the Caribbean dialogue,4,SkViUbosnD4,0.5505
MiniLM,cosine,Learn English with Pirates of the Caribbean dialogue,5,dcCn9a8TC_I,0.5471
MiniLM,cosine,Learn English with Beauty and the Beast conversation,1,aTYNX1pjwwk,0.6532
MiniLM,cosine,Learn English with Beauty and the Beast conversation,2,1jdjbt8W3es,0.641
MiniLM,cosine,Learn English with Beauty and the Beast conversation,3,Ql17ws1pmiQ,0.5916
MiniLM,cosine,Learn English with Beauty and the Beast conversation,4,3xCQrnTYmzY,0.5454
MiniLM,cosine,Learn English with Beauty and the Beast conversation,5,2MlWEVKMD_M,0.5331
MiniLM,cosine,Learn English with Frozen movie scene,1,pKoH9GkEKxQ,0.6645
MiniLM,cosine,Learn English with Frozen movie scene,2,PL7niJMDu5w,0.6607
MiniLM,cosine,Learn English with Frozen movie scene,3,wdh9y2TkIns,0.6077
MiniLM,cosine,Learn English with Frozen movie scene,4,tdn81jlykww,0.6033
MiniLM,cosine,Learn English with Frozen movie scene,5,3W2gRl5UIDY,0.594
MiniLM,cosine,Learn English with Toy Story movie dialogue,1,IYsurU_B4Qo,0.6519
MiniLM,cosine,Learn English with Toy Story movie dialogue,2,q3UH86tOuDI,0.6215
MiniLM,cosine,Learn English with Toy Story movie dialogue,3,SkViUbosnD4,0.6205
MiniLM,cosine,Learn English with Toy Story movie dialogue,4,cHWHY-JpAHw,0.6199
MiniLM,cosine,Learn English with Toy Story movie dialogue,5,pKoH9GkEKxQ,0.6169
MiniLM,cosine,Learn English with Finding Nemo conversation,1,RjNka8csfYU,0.6489
MiniLM,cosine,Learn English with Finding Nemo conversation,2,RlcSm5jf89o,0.6163
MiniLM,cosine,Learn English with Finding Nemo conversation,3,Xr2px4Zmdtg,0.5874
MiniLM,cosine,Learn English with Finding Nemo conversation,4,TswCNV6meYM,0.5709
MiniLM,cosine,Learn English with Finding Nemo conversation,5,lEuqXNfn90Y,0.5542
MiniLM,cosine,Learn English with Aladdin movie dialogue,1,SkViUbosnD4,0.6575
MiniLM,cosine,Learn English with Aladdin movie dialogue,2,cj0_XhE_qxE,0.6312
MiniLM,cosine,Learn English with Aladdin movie dialogue,3,pKoH9GkEKxQ,0.6292
MiniLM,cosine,Learn English with Aladdin movie dialogue,4,Ql17ws1pmiQ,0.6249
MiniLM,cosine,Learn English with Aladdin movie dialogue,5,WU0W0S5ILHY,0.6193
MiniLM,cosine,Learn English with Maleficent movie scene,1,pKoH9GkEKxQ,0.6696
MiniLM,cosine,Learn English with Maleficent movie scene,2,Xmgohhgb3pA,0.6549
MiniLM,cosine,Learn English with Maleficent movie scene,3,wdh9y2TkIns,0.6396
MiniLM,cosine,Learn English with Maleficent movie scene,4,tdn81jlykww,0.6349
MiniLM,cosine,Learn English with Maleficent movie scene,5,YR1n_jid024,0.6161
MiniLM,cosine,Learn English with Ice Age movie conversation,1,RjNka8csfYU,0.6187
MiniLM,cosine,Learn English with Ice Age movie conversation,2,pKoH9GkEKxQ,0.6101
MiniLM,cosine,Learn English with Ice Age movie conversation,3,PL7niJMDu5w,0.6069
MiniLM,cosine,Learn English with Ice Age movie conversation,4,FZXyYuiyq2I,0.5894
MiniLM,cosine,Learn English with Ice Age movie conversation,5,QaP6nhNyHb0,0.5886
MiniLM,cosine,Learn English with Monsters Inc movie dialogue,1,_kafLt9bNyU,0.6919
MiniLM,cosine,Learn English with Monsters Inc movie dialogue,2,k9MTueetF38,0.5939
MiniLM,cosine,Learn English with Monsters Inc movie dialogue,3,SkViUbosnD4,0.5861
MiniLM,cosine,Learn English with Monsters Inc movie dialogue,4,67E6Dl6LaW4,0.5795
MiniLM,cosine,Learn English with Monsters Inc movie dialogue,5,Ql17ws1pmiQ,0.5694
MiniLM,cosine,Learn English with Shrek movie expressions,1,Sev_UnaqWmM,0.7287
MiniLM,cosine,Learn English with Shrek movie expressions,2,esG_czN6sOc,0.6905
MiniLM,cosine,Learn English with Shrek movie expressions,3,WU0W0S5ILHY,0.5753
MiniLM,cosine,Learn English with Shrek movie expressions,4,Ns9o3Ixysqo,0.5563
MiniLM,cosine,Learn English with Shrek movie expressions,5,Ql17ws1pmiQ,0.5562
MiniLM,cosine,Learn English with Disney movie conversations,1,SkViUbosnD4,0.7734
MiniLM,cosine,Learn English with Disney movie conversations,2,3xCQrnTYmzY,0.7313
MiniLM,cosine,Learn English with Disney movie conversations,3,Ql17ws1pmiQ,0.7177
MiniLM,cosine,Learn English with Disney movie conversations,4,q3UH86tOuDI,0.7137
MiniLM,cosine,Learn English with Disney movie conversations,5,67E6Dl6LaW4,0.7083
MiniLM,cosine,Learn English with How I Met Your Mother dialogue,1,RQuL3lsuarQ,0.502
MiniLM,cosine,Learn English with How I Met Your Mother dialogue,2,KEWge76EHpA,0.4744
MiniLM,cosine,Learn English with How I Met Your Mother dialogue,3,MKv55DyDk0Y,0.4738
MiniLM,cosine,Learn English with How I Met Your Mother dialogue,4,wdh9y2TkIns,0.4694
MiniLM,cosine,Learn English with How I Met Your Mother dialogue,5,v2AQ2k8PSI0,0.4677
MiniLM,cosine,Learn English with Friends TV series conversation,1,2li3fhbUnXI,0.6757
MiniLM,cosine,Learn English with Friends TV series conversation,2,RQuL3lsuarQ,0.6666
MiniLM,cosine,Learn English with Friends TV series conversation,3,fRseMUZ2NOM,0.6435
MiniLM,cosine,Learn English with Friends TV series conversation,4,FZoeUNG_x4I,0.6386
MiniLM,cosine,Learn English with Friends TV series conversation,5,uW-I9SFuU1A,0.637
MiniLM,cosine,Learn English with rap songs pronunciation,1,soZc03vH_qQ,0.6902
MiniLM,cosine,Learn English with rap songs pronunciation,2,gj9SQk-rlkQ,0.6529
MiniLM,cosine,Learn English with rap songs pronunciation,3,VAAOTyfO-Oo,0.6101
MiniLM,cosine,Learn English with rap songs pronunciation,4,ys0SYYPLVOg,0.6088
MiniLM,cosine,Learn English with rap songs pronunciation,5,lz_gewAzBm8,0.579
MiniLM,cosine,Learn English with Eminem lyrics pronunciation,1,soZc03vH_qQ,0.6763
MiniLM,cosine,Learn English with Eminem lyrics pronunciation,2,HBVX1D1SerE,0.6346
MiniLM,cosine,Learn English with Eminem lyrics pronunciation,3,gj9SQk-rlkQ,0.6105
MiniLM,cosine,Learn English with Eminem lyrics pronunciation,4,CflETAu1f4I,0.5909
MiniLM,cosine,Learn English with Eminem lyrics pronunciation,5,u53Seni_i8U,0.5201
MiniLM,cosine,Learn English with Queen song vocabulary,1,ys0SYYPLVOg,0.6317
MiniLM,cosine,Learn English with Queen song vocabulary,2,A_zhjxLLA08,0.6238
MiniLM,cosine,Learn English with Queen song vocabulary,3,E7mbFm3NAp0,0.6221
MiniLM,cosine,Learn English with Queen song vocabulary,4,VAAOTyfO-Oo,0.594
MiniLM,cosine,Learn English with Queen song vocabulary,5,xpt3bJEjc-A,0.5935
MiniLM,cosine,Learn English with Ariana Grande song dialogue,1,CYkM3zOmjUE,0.72
MiniLM,cosine,Learn English with Ariana Grande song dialogue,2,VAAOTyfO-Oo,0.6873
MiniLM,cosine,Learn English with Ariana Grande song dialogue,3,PsPB_mnGK8s,0.6345
MiniLM,cosine,Learn English with Ariana Grande song dialogue,4,ys0SYYPLVOg,0.6266
MiniLM,cosine,Learn English with Ariana Grande song dialogue,5,lz_gewAzBm8,0.6234
MiniLM,cosine,Learn English with Taylor Swift song expressions,1,bUpTiOgMJu4,0.6996
MiniLM,cosine,Learn English with Taylor Swift song expressions,2,sn4eOnRyJVg,0.6411
MiniLM,cosine,Learn English with Taylor Swift song expressions,3,lz_gewAzBm8,0.6187
MiniLM,cosine,Learn English with Taylor Swift song expressions,4,BrWkotDAvfg,0.613
MiniLM,cosine,Learn English with Taylor Swift song expressions,5,ys0SYYPLVOg,0.5803
MiniLM,cosine,Learn English with Billie Eilish song pronunciation,1,2EhiOgkklY0,0.6759
MiniLM,cosine,Learn English with Billie Eilish song pronunciation,2,VAAOTyfO-Oo,0.506
MiniLM,cosine,Learn English with Billie Eilish song pronunciation,3,ys0SYYPLVOg,0.487
MiniLM,cosine,Learn English with Billie Eilish song pronunciation,4,fwrD70WeSzs,0.4864
MiniLM,cosine,Learn English with Billie Eilish song pronunciation,5,lz_gewAzBm8,0.4837
MiniLM,cosine,Learn English with Michael Jackson song lyrics,1,soZc03vH_qQ,0.4896
MiniLM,cosine,Learn English with Michael Jackson song lyrics,2,fwrD70WeSzs,0.4788
MiniLM,cosine,Learn English with Michael Jackson song lyrics,3,u53Seni_i8U,0.4694
MiniLM,cosine,Learn English with Michael Jackson song lyrics,4,2EhiOgkklY0,0.456
MiniLM,cosine,Learn English with Michael Jackson song lyrics,5,lz_gewAzBm8,0.4456
MiniLM,cosine,Learn English with Jonas Brothers song dialogue,1,u53Seni_i8U,0.568
MiniLM,cosine,Learn English with Jonas Brothers song dialogue,2,fwrD70WeSzs,0.5435
MiniLM,cosine,Learn English with Jonas Brothers song dialogue,3,lEuqXNfn90Y,0.5357
MiniLM,cosine,Learn English with Jonas Brothers song dialogue,4,g82BjCFBH-8,0.5321
MiniLM,cosine,Learn English with Jonas Brothers song dialogue,5,wrFIrqeWGcU,0.5292
MiniLM,cosine,Learn English with Lady Gaga song vocabulary,1,VAAOTyfO-Oo,0.7433
MiniLM,cosine,Learn English with Lady Gaga song vocabulary,2,A_zhjxLLA08,0.662
MiniLM,cosine,Learn English with Lady Gaga song vocabulary,3,3GCmsMI5iAY,0.6617
MiniLM,cosine,Learn English with Lady Gaga song vocabulary,4,ys0SYYPLVOg,0.6208
MiniLM,cosine,Learn English with Lady Gaga song vocabulary,5,CYkM3zOmjUE,0.5843
MiniLM,cosine,Learn English with Bob Marley song expressions,1,Ejb9b0veUPA,0.4676
MiniLM,cosine,Learn English with Bob Marley song expressions,2,DiBxjkkGb5o,0.4676
MiniLM,cosine,Learn English with Bob Marley song expressions,3,soZc03vH_qQ,0.4623
MiniLM,cosine,Learn English with Bob Marley song expressions,4,19iestleXXc,0.4585
MiniLM,cosine,Learn English with Bob Marley song expressions,5,ys0SYYPLVOg,0.4411
MiniLM,cosine,Understand fast English without subtitles,1,lhugwz26kUc,0.717
MiniLM,cosine,Understand fast English without subtitles,2,tdn81jlykww,0.6193
MiniLM,cosine,Understand fast English without subtitles,3,s3p2EoAzhtE,0.6169
MiniLM,cosine,Understand fast English without subtitles,4,xV-GT84xzE8,0.6079
MiniLM,cosine,Understand fast English without subtitles,5,tCrpvHJ52T0,0.6038
MiniLM,cosine,How to understand movies without subtitles,1,lhugwz26kUc,0.664
MiniLM,cosine,How to understand movies without subtitles,2,s3p2EoAzhtE,0.6527
MiniLM,cosine,How to understand movies without subtitles,3,T-FXi4Buqps,0.6179
MiniLM,cosine,How to understand movies without subtitles,4,tdn81jlykww,0.5797
MiniLM,cosine,How to understand movies without subtitles,5,Xmgohhgb3pA,0.5749
MiniLM,cosine,How to learn English with Netflix shows,1,xsUEm_faz_w,0.7879
MiniLM,cosine,How to learn English with Netflix shows,2,fRseMUZ2NOM,0.7043
MiniLM,cosine,How to learn English with Netflix shows,3,RQuL3lsuarQ,0.6655
MiniLM,cosine,How to learn English with Netflix shows,4,7nPv7pAFkio,0.6521
MiniLM,cosine,How to learn English with Netflix shows,5,wdh9y2TkIns,0.647
MiniLM,cosine,How to improve English listening with TV series,1,VZJaXyjs9RI,0.6965
MiniLM,cosine,How to improve English listening with TV series,2,lhugwz26kUc,0.657
MiniLM,cosine,How to improve English listening with TV series,3,FZoeUNG_x4I,0.6551
MiniLM,cosine,How to improve English listening with TV series,4,RQuL3lsuarQ,0.6334
MiniLM,cosine,How to improve English listening with TV series,5,fRseMUZ2NOM,0.6215
MiniLM,cosine,How to learn English with movie scenes,1,pKoH9GkEKxQ,0.7416
MiniLM,cosine,How to learn English with movie scenes,2,tdn81jlykww,0.7251
MiniLM,cosine,How to learn English with movie scenes,3,Xmgohhgb3pA,0.7171
MiniLM,cosine,How to learn English with movie scenes,4,wdh9y2TkIns,0.7127
MiniLM,cosine,How to learn English with movie scenes,5,fRseMUZ2NOM,0.6856
MiniLM,cosine,How to understand fast native English speech,1,xV-GT84xzE8,0.6548
MiniLM,cosine,How to understand fast native English speech,2,F23Bm4FrwJI,0.6369
MiniLM,cosine,How to understand fast native English speech,3,tCrpvHJ52T0,0.6349
MiniLM,cosine,How to understand fast native English speech,4,KEWge76EHpA,0.6327
MiniLM,cosine,How to understand fast native English speech,5,LPA52CoT44w,0.6322
MiniLM,cosine,How to learn English with TV show dialogue,1,RQuL3lsuarQ,0.6984
MiniLM,cosine,How to learn English with TV show dialogue,2,FZoeUNG_x4I,0.6804
MiniLM,cosine,How to learn English with TV show dialogue,3,fRseMUZ2NOM,0.674
MiniLM,cosine,How to learn English with TV show dialogue,4,lhugwz26kUc,0.6549
MiniLM,cosine,How to learn English with TV show dialogue,5,2li3fhbUnXI,0.6446
MiniLM,cosine,How to practice English listening with movies,1,pKoH9GkEKxQ,0.6958
MiniLM,cosine,How to practice English listening with movies,2,ys0SYYPLVOg,0.6926
MiniLM,cosine,How to practice English listening with movies,3,fRseMUZ2NOM,0.6879
MiniLM,cosine,How to practice English listening with movies,4,VZJaXyjs9RI,0.6712
MiniLM,cosine,How to practice English listening with movies,5,lhugwz26kUc,0.667
MiniLM,cosine,How to learn real English expressions from movies,1,pKoH9GkEKxQ,0.7019
MiniLM,cosine,How to learn real English expressions from movies,2,Xmgohhgb3pA,0.6915
MiniLM,cosine,How to learn real English expressions from movies,3,3W2gRl5UIDY,0.6816
MiniLM,cosine,How to learn real English expressions from movies,4,_WTEzSLs3LU,0.6814
MiniLM,cosine,How to learn real English expressions from movies,5,tdn81jlykww,0.6785
MiniLM,cosine,How to understand jokes in English TV shows,1,apI6j_LQYAA,0.5677
MiniLM,cosine,How to understand jokes in English TV shows,2,RQuL3lsuarQ,0.5632
MiniLM,cosine,How to understand jokes in English TV shows,3,ufCndfbsfpw,0.5623
MiniLM,cosine,How to understand jokes in English TV shows,4,jslJbssyfUQ,0.5606
MiniLM,cosine,How to understand jokes in English TV shows,5,FZoeUNG_x4I,0.5495
MiniLM,cosine,Real English expressions used by native speakers,1,xV-GT84xzE8,0.494
MiniLM,cosine,Real English expressions used by native speakers,2,Q5wMunSQHK4,0.4868
MiniLM,cosine,Real English expressions used by native speakers,3,IjEax-B7lrg,0.4722
MiniLM,cosine,Real English expressions used by native speakers,4,FZXyYuiyq2I,0.4633
MiniLM,cosine,Real English expressions used by native speakers,5,g82BjCFBH-8,0.4618
MiniLM,cosine,Common phrases used in American TV series,1,a79pawTkIx8,0.4622
MiniLM,cosine,Common phrases used in American TV series,2,JteHl9PQEIU,0.4483
MiniLM,cosine,Common phrases used in American TV series,3,YONM8R2_iu8,0.4202
MiniLM,cosine,Common phrases used in American TV series,4,7Ck3q5GaF5M,0.4123
MiniLM,cosine,Common phrases used in American TV series,5,F9hBErKjL_Y,0.4067
MiniLM,cosine,English slang used in movie dialogues,1,jslJbssyfUQ,0.4415
MiniLM,cosine,English slang used in movie dialogues,2,Rs_wuc9J4Wo,0.4387
MiniLM,cosine,English slang used in movie dialogues,3,fpbdQBcuJ_E,0.4382
MiniLM,cosine,English slang used in movie dialogues,4,YONM8R2_iu8,0.4339
MiniLM,cosine,English slang used in movie dialogues,5,67E6Dl6LaW4,0.4241
MiniLM,cosine,Daily English expressions used by natives,1,Q5wMunSQHK4,0.4933
MiniLM,cosine,Daily English expressions used by natives,2,xV-GT84xzE8,0.4732
MiniLM,cosine,Daily English expressions used by natives,3,JDYksdXAOOU,0.4628
MiniLM,cosine,Daily English expressions used by natives,4,FZXyYuiyq2I,0.4621
MiniLM,cosine,Daily English expressions used by natives,5,a79pawTkIx8,0.4531
MiniLM,cosine,Natural English pronunciation in movies,1,Nb7KuhBVCH8,0.5514
MiniLM,cosine,Natural English pronunciation in movies,2,pKoH9GkEKxQ,0.5363
MiniLM,cosine,Natural English pronunciation in movies,3,67E6Dl6LaW4,0.526
MiniLM,cosine,Natural English pronunciation in movies,4,tdn81jlykww,0.5245
MiniLM,cosine,Natural English pronunciation in movies,5,fRseMUZ2NOM,0.5176
MiniLM,cosine,Connected speech examples in movie dialogue,1,Xmgohhgb3pA,0.4715
MiniLM,cosine,Connected speech examples in movie dialogue,2,wOx50owZLyA,0.4554
MiniLM,cosine,Connected speech examples in movie dialogue,3,67E6Dl6LaW4,0.4282
MiniLM,cosine,Connected speech examples in movie dialogue,4,xQI0Kqu7x4o,0.4219
MiniLM,cosine,Connected speech examples in movie dialogue,5,pKoH9GkEKxQ,0.4196
MiniLM,cosine,Reduced speech in native English conversation,1,xV-GT84xzE8,0.5084
MiniLM,cosine,Reduced speech in native English conversation,2,KEWge76EHpA,0.5072
MiniLM,cosine,Reduced speech in native English conversation,3,F23Bm4FrwJI,0.5057
MiniLM,cosine,Reduced speech in native English conversation,4,L5EW4uRl_ps,0.5019
MiniLM,cosine,Reduced speech in native English conversation,5,tCrpvHJ52T0,0.4882
MiniLM,cosine,Shadowing technique with TV series dialogue,1,mxG8Ls1SQz8,0.3745
MiniLM,cosine,Shadowing technique with TV series dialogue,2,JteHl9PQEIU,0.3491
MiniLM,cosine,Shadowing technique with TV series dialogue,3,K0ddpZQxOZs,0.3429
MiniLM,cosine,Shadowing technique with TV series dialogue,4,b8XK8K1jjrg,0.339
MiniLM,cosine,Shadowing technique with TV series dialogue,5,-kXpw-AcEoM,0.3373
MiniLM,cosine,English listening practice with TV show scenes,1,VZJaXyjs9RI,0.6263
MiniLM,cosine,English listening practice with TV show scenes,2,FZoeUNG_x4I,0.6086
MiniLM,cosine,English listening practice with TV show scenes,3,RQuL3lsuarQ,0.5942
MiniLM,cosine,English listening practice with TV show scenes,4,lhugwz26kUc,0.5831
MiniLM,cosine,English listening practice with TV show scenes,5,uW-I9SFuU1A,0.5693
MiniLM,cosine,English pronunciation practice with movie dialogue,1,pKoH9GkEKxQ,0.6282
MiniLM,cosine,English pronunciation practice with movie dialogue,2,PL7niJMDu5w,0.6009
MiniLM,cosine,English pronunciation practice with movie dialogue,3,tdn81jlykww,0.5935
MiniLM,cosine,English pronunciation practice with movie dialogue,4,Xmgohhgb3pA,0.5918
MiniLM,cosine,English pronunciation practice with movie dialogue,5,fRseMUZ2NOM,0.589
MiniLM,cosine,Best TV series to learn English fast,1,7Ck3q5GaF5M,0.6609
MiniLM,cosine,Best TV series to learn English fast,2,JteHl9PQEIU,0.6494
MiniLM,cosine,Best TV series to learn English fast,3,fRseMUZ2NOM,0.6343
MiniLM,cosine,Best TV series to learn English fast,4,5i8s5XMzEoA,0.6175
MiniLM,cosine,Best TV series to learn English fast,5,4rX4sH8PMFc,0.6055
MiniLM,cosine,Best movies to learn English listening,1,V1mhdFpsYFA,0.7244
MiniLM,cosine,Best movies to learn English listening,2,pKoH9GkEKxQ,0.6031
MiniLM,cosine,Best movies to learn English listening,3,dcCn9a8TC_I,0.5872
MiniLM,cosine,Best movies to learn English listening,4,wdh9y2TkIns,0.5746
MiniLM,cosine,Best movies to learn English listening,5,67E6Dl6LaW4,0.5578
MiniLM,cosine,How to train your ear with English movies,1,pKoH9GkEKxQ,0.6278
MiniLM,cosine,How to train your ear with English movies,2,PL7niJMDu5w,0.6234
MiniLM,cosine,How to train your ear with English movies,3,fRseMUZ2NOM,0.6221
MiniLM,cosine,How to train your ear with English movies,4,Xmgohhgb3pA,0.6019
MiniLM,cosine,How to train your ear with English movies,5,67E6Dl6LaW4,0.5963
MiniLM,cosine,How to improve speaking using TV shows,1,Vcum4dzafOE,0.5659
MiniLM,cosine,How to improve speaking using TV shows,2,lhugwz26kUc,0.5499
MiniLM,cosine,How to improve speaking using TV shows,3,VZJaXyjs9RI,0.5324
MiniLM,cosine,How to improve speaking using TV shows,4,1puk6bREVMI,0.519
MiniLM,cosine,How to improve speaking using TV shows,5,KEWge76EHpA,0.5065
MiniLM,cosine,How to learn vocabulary from movie scenes,1,2uYHIfVOcvE,0.6562
MiniLM,cosine,How to learn vocabulary from movie scenes,2,Xmgohhgb3pA,0.6462
MiniLM,cosine,How to learn vocabulary from movie scenes,3,xQI0Kqu7x4o,0.6135
MiniLM,cosine,How to learn vocabulary from movie scenes,4,fRseMUZ2NOM,0.6129
MiniLM,cosine,How to learn vocabulary from movie scenes,5,tdn81jlykww,0.6052
MiniLM,cosine,How to sound like a native English speaker,1,xV-GT84xzE8,0.6001
MiniLM,cosine,How to sound like a native English speaker,2,LPA52CoT44w,0.5958
MiniLM,cosine,How to sound like a native English speaker,3,EccLlzUCF4w,0.5893
MiniLM,cosine,How to sound like a native English speaker,4,TzizA5rjM_Y,0.5752
MiniLM,cosine,How to sound like a native English speaker,5,srFHh4UiO7U,0.5676
MiniLM,cosine,English conversation practice with movie clips,1,pKoH9GkEKxQ,0.6695
MiniLM,cosine,English conversation practice with movie clips,2,Xmgohhgb3pA,0.6413
MiniLM,cosine,English conversation practice with movie clips,3,lhugwz26kUc,0.6325
MiniLM,cosine,English conversation practice with movie clips,4,tdn81jlykww,0.6215
MiniLM,cosine,English conversation practice with movie clips,5,3GCmsMI5iAY,0.6055
MiniLM,cosine,Advanced English listening with TV series,1,7Ck3q5GaF5M,0.5959
MiniLM,cosine,Advanced English listening with TV series,2,uW-I9SFuU1A,0.5913
MiniLM,cosine,Advanced English listening with TV series,3,VZJaXyjs9RI,0.5851
MiniLM,cosine,Advanced English listening with TV series,4,FZoeUNG_x4I,0.5841
MiniLM,cosine,Advanced English listening with TV series,5,4rX4sH8PMFc,0.568
MiniLM,cosine,Real life English conversation from movies,1,67E6Dl6LaW4,0.5935
MiniLM,cosine,Real life English conversation from movies,2,Xmgohhgb3pA,0.5811
MiniLM,cosine,Real life English conversation from movies,3,pKoH9GkEKxQ,0.5804
MiniLM,cosine,Real life English conversation from movies,4,tdn81jlykww,0.5745
MiniLM,cosine,Real life English conversation from movies,5,mNCS4_wqaPY,0.5683
MiniLM,cosine,English fluency practice with TV series scenes,1,lhugwz26kUc,0.6364
MiniLM,cosine,English fluency practice with TV series scenes,2,7Ck3q5GaF5M,0.6222
MiniLM,cosine,English fluency practice with TV series scenes,3,RQuL3lsuarQ,0.6128
MiniLM,cosine,English fluency practice with TV series scenes,4,tdn81jlykww,0.5989
MiniLM,cosine,English fluency practice with TV series scenes,5,mxG8Ls1SQz8,0.5881
MiniLM,dot,Learn English with The Devil Wears Prada scene,1,aRbaIHNttv4,0.6139
MiniLM,dot,Learn English with The Devil Wears Prada scene,2,OuTtIzGhUDY,0.5923
MiniLM,dot,Learn English with The Devil Wears Prada scene,3,3GCmsMI5iAY,0.5296
MiniLM,dot,Learn English with The Devil Wears Prada scene,4,QaP6nhNyHb0,0.5122
MiniLM,dot,Learn English with The Devil Wears Prada scene,5,pKoH9GkEKxQ,0.5085
MiniLM,dot,Learn English with SpongeBob SquarePants dialogue,1,JxWEAP0aAJQ,0.7447
MiniLM,dot,Learn English with SpongeBob SquarePants dialogue,2,NDhPifXoBYI,0.6435
MiniLM,dot,Learn English with SpongeBob SquarePants dialogue,3,FZXyYuiyq2I,0.536
MiniLM,dot,Learn English with SpongeBob SquarePants dialogue,4,2MlWEVKMD_M,0.5342
MiniLM,dot,Learn English with SpongeBob SquarePants dialogue,5,Sev_UnaqWmM,0.531
MiniLM,dot,Learn English with The Simpsons episode conversation,1,apI6j_LQYAA,0.678
MiniLM,dot,Learn English with The Simpsons episode conversation,2,RQuL3lsuarQ,0.5653
MiniLM,dot,Learn English with The Simpsons episode conversation,3,wqOlUOkiFbs,0.5477
MiniLM,dot,Learn English with The Simpsons episode conversation,4,fQwqes1cQ8E,0.5469
MiniLM,dot,Learn English with The Simpsons episode conversation,5,2li3fhbUnXI,0.5388
MiniLM,dot,Learn English with Peaky Blinders speaking style,1,uW-I9SFuU1A,0.6481
MiniLM,dot,Learn English with Peaky Blinders speaking style,2,2li3fhbUnXI,0.6397
MiniLM,dot,Learn English with Peaky Blinders speaking style,3,xV-GT84xzE8,0.5708
MiniLM,dot,Learn English with Peaky Blinders speaking style,4,RHOGowO5i2A,0.563
MiniLM,dot,Learn English with Peaky Blinders speaking style,5,EccLlzUCF4w,0.5587
MiniLM,dot,Learn English with Jennifer Aniston interview,1,381NyVSorHo,0.7161
MiniLM,dot,Learn English with Jennifer Aniston interview,2,dsN6FiF9ncI,0.6839
MiniLM,dot,Learn English with Jennifer Aniston interview,3,5fBrINGT0Dg,0.5716
MiniLM,dot,Learn English with Jennifer Aniston interview,4,mNCS4_wqaPY,0.5557
MiniLM,dot,Learn English with Jennifer Aniston interview,5,SruvBaQa4UA,0.5525
MiniLM,dot,Learn English with Zootopia movie dialogue,1,UpQF2gdw5RY,0.7331
MiniLM,dot,Learn English with Zootopia movie dialogue,2,Ql17ws1pmiQ,0.6214
MiniLM,dot,Learn English with Zootopia movie dialogue,3,SkViUbosnD4,0.6094
MiniLM,dot,Learn English with Zootopia movie dialogue,4,HgB2UHli0fU,0.6085
MiniLM,dot,Learn English with Zootopia movie dialogue,5,67E6Dl6LaW4,0.6082
MiniLM,dot,Learn English with The Lion King movie scene,1,IIhWbZk2B3o,0.7407
MiniLM,dot,Learn English with The Lion King movie scene,2,HgB2UHli0fU,0.7391
MiniLM,dot,Learn English with The Lion King movie scene,3,Ql17ws1pmiQ,0.6206
MiniLM,dot,Learn English with The Lion King movie scene,4,SkViUbosnD4,0.5613
MiniLM,dot,Learn English with The Lion King movie scene,5,cj0_XhE_qxE,0.5543
MiniLM,dot,Learn English with Pirates of the Caribbean dialogue,1,ICVQ6wfZr3c,0.7798
MiniLM,dot,Learn English with Pirates of the Caribbean dialogue,2,UUAENx1NANg,0.725
MiniLM,dot,Learn English with Pirates of the Caribbean dialogue,3,iuQsu4HOlrA,0.7246
MiniLM,dot,Learn English with Pirates of the Caribbean dialogue,4,SkViUbosnD4,0.5505
MiniLM,dot,Learn English with Pirates of the Caribbean dialogue,5,dcCn9a8TC_I,0.5471
MiniLM,dot,Learn English with Beauty and the Beast conversation,1,aTYNX1pjwwk,0.6532
MiniLM,dot,Learn English with Beauty and the Beast conversation,2,1jdjbt8W3es,0.641
MiniLM,dot,Learn English with Beauty and the Beast conversation,3,Ql17ws1pmiQ,0.5916
MiniLM,dot,Learn English with Beauty and the Beast conversation,4,3xCQrnTYmzY,0.5454
MiniLM,dot,Learn English with Beauty and the Beast conversation,5,2MlWEVKMD_M,0.5331
MiniLM,dot,Learn English with Frozen movie scene,1,pKoH9GkEKxQ,0.6645
MiniLM,dot,Learn English with Frozen movie scene,2,PL7niJMDu5w,0.6607
MiniLM,dot,Learn English with Frozen movie scene,3,wdh9y2TkIns,0.6077
MiniLM,dot,Learn English with Frozen movie scene,4,tdn81jlykww,0.6033
MiniLM,dot,Learn English with Frozen movie scene,5,3W2gRl5UIDY,0.594
MiniLM,dot,Learn English with Toy Story movie dialogue,1,IYsurU_B4Qo,0.6519
MiniLM,dot,Learn English with Toy Story movie dialogue,2,q3UH86tOuDI,0.6215
MiniLM,dot,Learn English with Toy Story movie dialogue,3,SkViUbosnD4,0.6205
MiniLM,dot,Learn English with Toy Story movie dialogue,4,cHWHY-JpAHw,0.6199
MiniLM,dot,Learn English with Toy Story movie dialogue,5,pKoH9GkEKxQ,0.6169
MiniLM,dot,Learn English with Finding Nemo conversation,1,RjNka8csfYU,0.6489
MiniLM,dot,Learn English with Finding Nemo conversation,2,RlcSm5jf89o,0.6163
MiniLM,dot,Learn English with Finding Nemo conversation,3,Xr2px4Zmdtg,0.5874
MiniLM,dot,Learn English with Finding Nemo conversation,4,TswCNV6meYM,0.5709
MiniLM,dot,Learn English with Finding Nemo conversation,5,lEuqXNfn90Y,0.5542
MiniLM,dot,Learn English with Aladdin movie dialogue,1,SkViUbosnD4,0.6575
MiniLM,dot,Learn English with Aladdin movie dialogue,2,cj0_XhE_qxE,0.6312
MiniLM,dot,Learn English with Aladdin movie dialogue,3,pKoH9GkEKxQ,0.6292
MiniLM,dot,Learn English with Aladdin movie dialogue,4,Ql17ws1pmiQ,0.6249
MiniLM,dot,Learn English with Aladdin movie dialogue,5,WU0W0S5ILHY,0.6193
MiniLM,dot,Learn English with Maleficent movie scene,1,pKoH9GkEKxQ,0.6696
MiniLM,dot,Learn English with Maleficent movie scene,2,Xmgohhgb3pA,0.6549
MiniLM,dot,Learn English with Maleficent movie scene,3,wdh9y2TkIns,0.6396
MiniLM,dot,Learn English with Maleficent movie scene,4,tdn81jlykww,0.6349
MiniLM,dot,Learn English with Maleficent movie scene,5,YR1n_jid024,0.6161
MiniLM,dot,Learn English with Ice Age movie conversation,1,RjNka8csfYU,0.6187
MiniLM,dot,Learn English with Ice Age movie conversation,2,pKoH9GkEKxQ,0.6101
MiniLM,dot,Learn English with Ice Age movie conversation,3,PL7niJMDu5w,0.6069
MiniLM,dot,Learn English with Ice Age movie conversation,4,FZXyYuiyq2I,0.5894
MiniLM,dot,Learn English with Ice Age movie conversation,5,QaP6nhNyHb0,0.5886
MiniLM,dot,Learn English with Monsters Inc movie dialogue,1,_kafLt9bNyU,0.6919
MiniLM,dot,Learn English with Monsters Inc movie dialogue,2,k9MTueetF38,0.5939
MiniLM,dot,Learn English with Monsters Inc movie dialogue,3,SkViUbosnD4,0.5861
MiniLM,dot,Learn English with Monsters Inc movie dialogue,4,67E6Dl6LaW4,0.5795
MiniLM,dot,Learn English with Monsters Inc movie dialogue,5,Ql17ws1pmiQ,0.5694
MiniLM,dot,Learn English with Shrek movie expressions,1,Sev_UnaqWmM,0.7287
MiniLM,dot,Learn English with Shrek movie expressions,2,esG_czN6sOc,0.6905
MiniLM,dot,Learn English with Shrek movie expressions,3,WU0W0S5ILHY,0.5753
MiniLM,dot,Learn English with Shrek movie expressions,4,Ns9o3Ixysqo,0.5563
MiniLM,dot,Learn English with Shrek movie expressions,5,Ql17ws1pmiQ,0.5562
MiniLM,dot,Learn English with Disney movie conversations,1,SkViUbosnD4,0.7734
MiniLM,dot,Learn English with Disney movie conversations,2,3xCQrnTYmzY,0.7313
MiniLM,dot,Learn English with Disney movie conversations,3,Ql17ws1pmiQ,0.7177
MiniLM,dot,Learn English with Disney movie conversations,4,q3UH86tOuDI,0.7137
MiniLM,dot,Learn English with Disney movie conversations,5,67E6Dl6LaW4,0.7083
MiniLM,dot,Learn English with How I Met Your Mother dialogue,1,RQuL3lsuarQ,0.502
MiniLM,dot,Learn English with How I Met Your Mother dialogue,2,KEWge76EHpA,0.4744
MiniLM,dot,Learn English with How I Met Your Mother dialogue,3,MKv55DyDk0Y,0.4738
MiniLM,dot,Learn English with How I Met Your Mother dialogue,4,wdh9y2TkIns,0.4694
MiniLM,dot,Learn English with How I Met Your Mother dialogue,5,v2AQ2k8PSI0,0.4677
MiniLM,dot,Learn English with Friends TV series conversation,1,2li3fhbUnXI,0.6757
MiniLM,dot,Learn English with Friends TV series conversation,2,RQuL3lsuarQ,0.6666
MiniLM,dot,Learn English with Friends TV series conversation,3,fRseMUZ2NOM,0.6435
MiniLM,dot,Learn English with Friends TV series conversation,4,FZoeUNG_x4I,0.6386
MiniLM,dot,Learn English with Friends TV series conversation,5,uW-I9SFuU1A,0.637
MiniLM,dot,Learn English with rap songs pronunciation,1,soZc03vH_qQ,0.6902
MiniLM,dot,Learn English with rap songs pronunciation,2,gj9SQk-rlkQ,0.6529
MiniLM,dot,Learn English with rap songs pronunciation,3,VAAOTyfO-Oo,0.6101
MiniLM,dot,Learn English with rap songs pronunciation,4,ys0SYYPLVOg,0.6088
MiniLM,dot,Learn English with rap songs pronunciation,5,lz_gewAzBm8,0.579
MiniLM,dot,Learn English with Eminem lyrics pronunciation,1,soZc03vH_qQ,0.6763
MiniLM,dot,Learn English with Eminem lyrics pronunciation,2,HBVX1D1SerE,0.6346
MiniLM,dot,Learn English with Eminem lyrics pronunciation,3,gj9SQk-rlkQ,0.6105
MiniLM,dot,Learn English with Eminem lyrics pronunciation,4,CflETAu1f4I,0.5909
MiniLM,dot,Learn English with Eminem lyrics pronunciation,5,u53Seni_i8U,0.5201
MiniLM,dot,Learn English with Queen song vocabulary,1,ys0SYYPLVOg,0.6317
MiniLM,dot,Learn English with Queen song vocabulary,2,A_zhjxLLA08,0.6238
MiniLM,dot,Learn English with Queen song vocabulary,3,E7mbFm3NAp0,0.6221
MiniLM,dot,Learn English with Queen song vocabulary,4,VAAOTyfO-Oo,0.594
MiniLM,dot,Learn English with Queen song vocabulary,5,xpt3bJEjc-A,0.5935
MiniLM,dot,Learn English with Ariana Grande song dialogue,1,CYkM3zOmjUE,0.72
MiniLM,dot,Learn English with Ariana Grande song dialogue,2,VAAOTyfO-Oo,0.6873
MiniLM,dot,Learn English with Ariana Grande song dialogue,3,PsPB_mnGK8s,0.6345
MiniLM,dot,Learn English with Ariana Grande song dialogue,4,ys0SYYPLVOg,0.6266
MiniLM,dot,Learn English with Ariana Grande song dialogue,5,lz_gewAzBm8,0.6234
MiniLM,dot,Learn English with Taylor Swift song expressions,1,bUpTiOgMJu4,0.6996
MiniLM,dot,Learn English with Taylor Swift song expressions,2,sn4eOnRyJVg,0.6411
MiniLM,dot,Learn English with Taylor Swift song expressions,3,lz_gewAzBm8,0.6187
MiniLM,dot,Learn English with Taylor Swift song expressions,4,BrWkotDAvfg,0.613
MiniLM,dot,Learn English with Taylor Swift song expressions,5,ys0SYYPLVOg,0.5803
MiniLM,dot,Learn English with Billie Eilish song pronunciation,1,2EhiOgkklY0,0.6759
MiniLM,dot,Learn English with Billie Eilish song pronunciation,2,VAAOTyfO-Oo,0.506
MiniLM,dot,Learn English with Billie Eilish song pronunciation,3,ys0SYYPLVOg,0.487
MiniLM,dot,Learn English with Billie Eilish song pronunciation,4,fwrD70WeSzs,0.4864
MiniLM,dot,Learn English with Billie Eilish song pronunciation,5,lz_gewAzBm8,0.4837
MiniLM,dot,Learn English with Michael Jackson song lyrics,1,soZc03vH_qQ,0.4896
MiniLM,dot,Learn English with Michael Jackson song lyrics,2,fwrD70WeSzs,0.4788
MiniLM,dot,Learn English with Michael Jackson song lyrics,3,u53Seni_i8U,0.4694
MiniLM,dot,Learn English with Michael Jackson song lyrics,4,2EhiOgkklY0,0.456
MiniLM,dot,Learn English with Michael Jackson song lyrics,5,lz_gewAzBm8,0.4456
MiniLM,dot,Learn English with Jonas Brothers song dialogue,1,u53Seni_i8U,0.568
MiniLM,dot,Learn English with Jonas Brothers song dialogue,2,fwrD70WeSzs,0.5435
MiniLM,dot,Learn English with Jonas Brothers song dialogue,3,lEuqXNfn90Y,0.5357
MiniLM,dot,Learn English with Jonas Brothers song dialogue,4,g82BjCFBH-8,0.5321
MiniLM,dot,Learn English with Jonas Brothers song dialogue,5,wrFIrqeWGcU,0.5292
MiniLM,dot,Learn English with Lady Gaga song vocabulary,1,VAAOTyfO-Oo,0.7433
MiniLM,dot,Learn English with Lady Gaga song vocabulary,2,A_zhjxLLA08,0.662
MiniLM,dot,Learn English with Lady Gaga song vocabulary,3,3GCmsMI5iAY,0.6617
MiniLM,dot,Learn English with Lady Gaga song vocabulary,4,ys0SYYPLVOg,0.6208
MiniLM,dot,Learn English with Lady Gaga song vocabulary,5,CYkM3zOmjUE,0.5843
MiniLM,dot,Learn English with Bob Marley song expressions,1,Ejb9b0veUPA,0.4676
MiniLM,dot,Learn English with Bob Marley song expressions,2,DiBxjkkGb5o,0.4676
MiniLM,dot,Learn English with Bob Marley song expressions,3,soZc03vH_qQ,0.4623
MiniLM,dot,Learn English with Bob Marley song expressions,4,19iestleXXc,0.4585
MiniLM,dot,Learn English with Bob Marley song expressions,5,ys0SYYPLVOg,0.4411
MiniLM,dot,Understand fast English without subtitles,1,lhugwz26kUc,0.717
MiniLM,dot,Understand fast English without subtitles,2,tdn81jlykww,0.6193
MiniLM,dot,Understand fast English without subtitles,3,s3p2EoAzhtE,0.6169
MiniLM,dot,Understand fast English without subtitles,4,xV-GT84xzE8,0.6079
MiniLM,dot,Understand fast English without subtitles,5,tCrpvHJ52T0,0.6038
MiniLM,dot,How to understand movies without subtitles,1,lhugwz26kUc,0.664
MiniLM,dot,How to understand movies without subtitles,2,s3p2EoAzhtE,0.6527
MiniLM,dot,How to understand movies without subtitles,3,T-FXi4Buqps,0.6179
MiniLM,dot,How to understand movies without subtitles,4,tdn81jlykww,0.5797
MiniLM,dot,How to understand movies without subtitles,5,Xmgohhgb3pA,0.5749
MiniLM,dot,How to learn English with Netflix shows,1,xsUEm_faz_w,0.7879
MiniLM,dot,How to learn English with Netflix shows,2,fRseMUZ2NOM,0.7043
MiniLM,dot,How to learn English with Netflix shows,3,RQuL3lsuarQ,0.6655
MiniLM,dot,How to learn English with Netflix shows,4,7nPv7pAFkio,0.6521
MiniLM,dot,How to learn English with Netflix shows,5,wdh9y2TkIns,0.647
MiniLM,dot,How to improve English listening with TV series,1,VZJaXyjs9RI,0.6965
MiniLM,dot,How to improve English listening with TV series,2,lhugwz26kUc,0.657
MiniLM,dot,How to improve English listening with TV series,3,FZoeUNG_x4I,0.6551
MiniLM,dot,How to improve English listening with TV series,4,RQuL3lsuarQ,0.6334
MiniLM,dot,How to improve English listening with TV series,5,fRseMUZ2NOM,0.6215
MiniLM,dot,How to learn English with movie scenes,1,pKoH9GkEKxQ,0.7416
MiniLM,dot,How to learn English with movie scenes,2,tdn81jlykww,0.7251
MiniLM,dot,How to learn English with movie scenes,3,Xmgohhgb3pA,0.7171
MiniLM,dot,How to learn English with movie scenes,4,wdh9y2TkIns,0.7127
MiniLM,dot,How to learn English with movie scenes,5,fRseMUZ2NOM,0.6856
MiniLM,dot,How to understand fast native English speech,1,xV-GT84xzE8,0.6548
MiniLM,dot,How to understand fast native English speech,2,F23Bm4FrwJI,0.6369
MiniLM,dot,How to understand fast native English speech,3,tCrpvHJ52T0,0.6349
MiniLM,dot,How to understand fast native English speech,4,KEWge76EHpA,0.6327
MiniLM,dot,How to understand fast native English speech,5,LPA52CoT44w,0.6322
MiniLM,dot,How to learn English with TV show dialogue,1,RQuL3lsuarQ,0.6984
MiniLM,dot,How to learn English with TV show dialogue,2,FZoeUNG_x4I,0.6804
MiniLM,dot,How to learn English with TV show dialogue,3,fRseMUZ2NOM,0.674
MiniLM,dot,How to learn English with TV show dialogue,4,lhugwz26kUc,0.6549
MiniLM,dot,How to learn English with TV show dialogue,5,2li3fhbUnXI,0.6446
MiniLM,dot,How to practice English listening with movies,1,pKoH9GkEKxQ,0.6958
MiniLM,dot,How to practice English listening with movies,2,ys0SYYPLVOg,0.6926
MiniLM,dot,How to practice English listening with movies,3,fRseMUZ2NOM,0.6879
MiniLM,dot,How to practice English listening with movies,4,VZJaXyjs9RI,0.6712
MiniLM,dot,How to practice English listening with movies,5,lhugwz26kUc,0.667
MiniLM,dot,How to learn real English expressions from movies,1,pKoH9GkEKxQ,0.7019
MiniLM,dot,How to learn real English expressions from movies,2,Xmgohhgb3pA,0.6915
MiniLM,dot,How to learn real English expressions from movies,3,3W2gRl5UIDY,0.6816
MiniLM,dot,How to learn real English expressions from movies,4,_WTEzSLs3LU,0.6814
MiniLM,dot,How to learn real English expressions from movies,5,tdn81jlykww,0.6785
MiniLM,dot,How to understand jokes in English TV shows,1,apI6j_LQYAA,0.5677
MiniLM,dot,How to understand jokes in English TV shows,2,RQuL3lsuarQ,0.5632
MiniLM,dot,How to understand jokes in English TV shows,3,ufCndfbsfpw,0.5623
MiniLM,dot,How to understand jokes in English TV shows,4,jslJbssyfUQ,0.5606
MiniLM,dot,How to understand jokes in English TV shows,5,FZoeUNG_x4I,0.5495
MiniLM,dot,Real English expressions used by native speakers,1,xV-GT84xzE8,0.494
MiniLM,dot,Real English expressions used by native speakers,2,Q5wMunSQHK4,0.4868
MiniLM,dot,Real English expressions used by native speakers,3,IjEax-B7lrg,0.4722
MiniLM,dot,Real English expressions used by native speakers,4,FZXyYuiyq2I,0.4633
MiniLM,dot,Real English expressions used by native speakers,5,g82BjCFBH-8,0.4618
MiniLM,dot,Common phrases used in American TV series,1,a79pawTkIx8,0.4622
MiniLM,dot,Common phrases used in American TV series,2,JteHl9PQEIU,0.4483
MiniLM,dot,Common phrases used in American TV series,3,YONM8R2_iu8,0.4202
MiniLM,dot,Common phrases used in American TV series,4,7Ck3q5GaF5M,0.4123
MiniLM,dot,Common phrases used in American TV series,5,F9hBErKjL_Y,0.4067
MiniLM,dot,English slang used in movie dialogues,1,jslJbssyfUQ,0.4415
MiniLM,dot,English slang used in movie dialogues,2,Rs_wuc9J4Wo,0.4387
MiniLM,dot,English slang used in movie dialogues,3,fpbdQBcuJ_E,0.4382
MiniLM,dot,English slang used in movie dialogues,4,YONM8R2_iu8,0.4339
MiniLM,dot,English slang used in movie dialogues,5,67E6Dl6LaW4,0.4241
MiniLM,dot,Daily English expressions used by natives,1,Q5wMunSQHK4,0.4933
MiniLM,dot,Daily English expressions used by natives,2,xV-GT84xzE8,0.4732
MiniLM,dot,Daily English expressions used by natives,3,JDYksdXAOOU,0.4628
MiniLM,dot,Daily English expressions used by natives,4,FZXyYuiyq2I,0.4621
MiniLM,dot,Daily English expressions used by natives,5,a79pawTkIx8,0.4531
MiniLM,dot,Natural English pronunciation in movies,1,Nb7KuhBVCH8,0.5514
MiniLM,dot,Natural English pronunciation in movies,2,pKoH9GkEKxQ,0.5363
MiniLM,dot,Natural English pronunciation in movies,3,67E6Dl6LaW4,0.526
MiniLM,dot,Natural English pronunciation in movies,4,tdn81jlykww,0.5245
MiniLM,dot,Natural English pronunciation in movies,5,fRseMUZ2NOM,0.5176
MiniLM,dot,Connected speech examples in movie dialogue,1,Xmgohhgb3pA,0.4715
MiniLM,dot,Connected speech examples in movie dialogue,2,wOx50owZLyA,0.4554
MiniLM,dot,Connected speech examples in movie dialogue,3,67E6Dl6LaW4,0.4282
MiniLM,dot,Connected speech examples in movie dialogue,4,xQI0Kqu7x4o,0.4219
MiniLM,dot,Connected speech examples in movie dialogue,5,pKoH9GkEKxQ,0.4196
MiniLM,dot,Reduced speech in native English conversation,1,xV-GT84xzE8,0.5084
MiniLM,dot,Reduced speech in native English conversation,2,KEWge76EHpA,0.5072
MiniLM,dot,Reduced speech in native English conversation,3,F23Bm4FrwJI,0.5057
MiniLM,dot,Reduced speech in native English conversation,4,L5EW4uRl_ps,0.5019
MiniLM,dot,Reduced speech in native English conversation,5,tCrpvHJ52T0,0.4882
MiniLM,dot,Shadowing technique with TV series dialogue,1,mxG8Ls1SQz8,0.3745
MiniLM,dot,Shadowing technique with TV series dialogue,2,JteHl9PQEIU,0.3491
MiniLM,dot,Shadowing technique with TV series dialogue,3,K0ddpZQxOZs,0.3429
MiniLM,dot,Shadowing technique with TV series dialogue,4,b8XK8K1jjrg,0.339
MiniLM,dot,Shadowing technique with TV series dialogue,5,-kXpw-AcEoM,0.3373
MiniLM,dot,English listening practice with TV show scenes,1,VZJaXyjs9RI,0.6263
MiniLM,dot,English listening practice with TV show scenes,2,FZoeUNG_x4I,0.6086
MiniLM,dot,English listening practice with TV show scenes,3,RQuL3lsuarQ,0.5942
MiniLM,dot,English listening practice with TV show scenes,4,lhugwz26kUc,0.5831
MiniLM,dot,English listening practice with TV show scenes,5,uW-I9SFuU1A,0.5693
MiniLM,dot,English pronunciation practice with movie dialogue,1,pKoH9GkEKxQ,0.6282
MiniLM,dot,English pronunciation practice with movie dialogue,2,PL7niJMDu5w,0.6009
MiniLM,dot,English pronunciation practice with movie dialogue,3,tdn81jlykww,0.5935
MiniLM,dot,English pronunciation practice with movie dialogue,4,Xmgohhgb3pA,0.5918
MiniLM,dot,English pronunciation practice with movie dialogue,5,fRseMUZ2NOM,0.589
MiniLM,dot,Best TV series to learn English fast,1,7Ck3q5GaF5M,0.6609
MiniLM,dot,Best TV series to learn English fast,2,JteHl9PQEIU,0.6494
MiniLM,dot,Best TV series to learn English fast,3,fRseMUZ2NOM,0.6343
MiniLM,dot,Best TV series to learn English fast,4,5i8s5XMzEoA,0.6175
MiniLM,dot,Best TV series to learn English fast,5,4rX4sH8PMFc,0.6055
MiniLM,dot,Best movies to learn English listening,1,V1mhdFpsYFA,0.7244
MiniLM,dot,Best movies to learn English listening,2,pKoH9GkEKxQ,0.6031
MiniLM,dot,Best movies to learn English listening,3,dcCn9a8TC_I,0.5872
MiniLM,dot,Best movies to learn English listening,4,wdh9y2TkIns,0.5746
MiniLM,dot,Best movies to learn English listening,5,67E6Dl6LaW4,0.5578
MiniLM,dot,How to train your ear with English movies,1,pKoH9GkEKxQ,0.6278
MiniLM,dot,How to train your ear with English movies,2,PL7niJMDu5w,0.6234
MiniLM,dot,How to train your ear with English movies,3,fRseMUZ2NOM,0.6221
MiniLM,dot,How to train your ear with English movies,4,Xmgohhgb3pA,0.6019
MiniLM,dot,How to train your ear with English movies,5,67E6Dl6LaW4,0.5963
MiniLM,dot,How to improve speaking using TV shows,1,Vcum4dzafOE,0.5659
MiniLM,dot,How to improve speaking using TV shows,2,lhugwz26kUc,0.5499
MiniLM,dot,How to improve speaking using TV shows,3,VZJaXyjs9RI,0.5324
MiniLM,dot,How to improve speaking using TV shows,4,1puk6bREVMI,0.519
MiniLM,dot,How to improve speaking using TV shows,5,KEWge76EHpA,0.5065
MiniLM,dot,How to learn vocabulary from movie scenes,1,2uYHIfVOcvE,0.6562
MiniLM,dot,How to learn vocabulary from movie scenes,2,Xmgohhgb3pA,0.6462
MiniLM,dot,How to learn vocabulary from movie scenes,3,xQI0Kqu7x4o,0.6135
MiniLM,dot,How to learn vocabulary from movie scenes,4,fRseMUZ2NOM,0.6129
MiniLM,dot,How to learn vocabulary from movie scenes,5,tdn81jlykww,0.6052
MiniLM,dot,How to sound like a native English speaker,1,xV-GT84xzE8,0.6001
MiniLM,dot,How to sound like a native English speaker,2,LPA52CoT44w,0.5958
MiniLM,dot,How to sound like a native English speaker,3,EccLlzUCF4w,0.5893
MiniLM,dot,How to sound like a native English speaker,4,TzizA5rjM_Y,0.5752
MiniLM,dot,How to sound like a native English speaker,5,srFHh4UiO7U,0.5676
MiniLM,dot,English conversation practice with movie clips,1,pKoH9GkEKxQ,0.6695
MiniLM,dot,English conversation practice with movie clips,2,Xmgohhgb3pA,0.6413
MiniLM,dot,English conversation practice with movie clips,3,lhugwz26kUc,0.6325
MiniLM,dot,English conversation practice with movie clips,4,tdn81jlykww,0.6215
MiniLM,dot,English conversation practice with movie clips,5,3GCmsMI5iAY,0.6055
MiniLM,dot,Advanced English listening with TV series,1,7Ck3q5GaF5M,0.5959
MiniLM,dot,Advanced English listening with TV series,2,uW-I9SFuU1A,0.5913
MiniLM,dot,Advanced English listening with TV series,3,VZJaXyjs9RI,0.5851
MiniLM,dot,Advanced English listening with TV series,4,FZoeUNG_x4I,0.5841
MiniLM,dot,Advanced English listening with TV series,5,4rX4sH8PMFc,0.568
MiniLM,dot,Real life English conversation from movies,1,67E6Dl6LaW4,0.5935
MiniLM,dot,Real life English conversation from movies,2,Xmgohhgb3pA,0.5811
MiniLM,dot,Real life English conversation from movies,3,pKoH9GkEKxQ,0.5804
MiniLM,dot,Real life English conversation from movies,4,tdn81jlykww,0.5745
MiniLM,dot,Real life English conversation from movies,5,mNCS4_wqaPY,0.5683
MiniLM,dot,English fluency practice with TV series scenes,1,lhugwz26kUc,0.6364
MiniLM,dot,English fluency practice with TV series scenes,2,7Ck3q5GaF5M,0.6222
MiniLM,dot,English fluency practice with TV series scenes,3,RQuL3lsuarQ,0.6128
MiniLM,dot,English fluency practice with TV series scenes,4,tdn81jlykww,0.5989
MiniLM,dot,English fluency practice with TV series scenes,5,mxG8Ls1SQz8,0.5881
MiniLM,euclidean,Learn English with The Devil Wears Prada scene,1,aRbaIHNttv4,0.8787
MiniLM,euclidean,Learn English with The Devil Wears Prada scene,2,OuTtIzGhUDY,0.903
MiniLM,euclidean,Learn English with The Devil Wears Prada scene,3,3GCmsMI5iAY,0.97
MiniLM,euclidean,Learn English with The Devil Wears Prada scene,4,QaP6nhNyHb0,0.9877
MiniLM,euclidean,Learn English with The Devil Wears Prada scene,5,pKoH9GkEKxQ,0.9914
MiniLM,euclidean,Learn English with SpongeBob SquarePants dialogue,1,JxWEAP0aAJQ,0.7145
MiniLM,euclidean,Learn English with SpongeBob SquarePants dialogue,2,NDhPifXoBYI,0.8444
MiniLM,euclidean,Learn English with SpongeBob SquarePants dialogue,3,FZXyYuiyq2I,0.9634
MiniLM,euclidean,Learn English with SpongeBob SquarePants dialogue,4,2MlWEVKMD_M,0.9652
MiniLM,euclidean,Learn English with SpongeBob SquarePants dialogue,5,Sev_UnaqWmM,0.9685
MiniLM,euclidean,Learn English with The Simpsons episode conversation,1,apI6j_LQYAA,0.8025
MiniLM,euclidean,Learn English with The Simpsons episode conversation,2,RQuL3lsuarQ,0.9324
MiniLM,euclidean,Learn English with The Simpsons episode conversation,3,wqOlUOkiFbs,0.9511
MiniLM,euclidean,Learn English with The Simpsons episode conversation,4,fQwqes1cQ8E,0.952
MiniLM,euclidean,Learn English with The Simpsons episode conversation,5,2li3fhbUnXI,0.9604
MiniLM,euclidean,Learn English with Peaky Blinders speaking style,1,uW-I9SFuU1A,0.8389
MiniLM,euclidean,Learn English with Peaky Blinders speaking style,2,2li3fhbUnXI,0.8488
MiniLM,euclidean,Learn English with Peaky Blinders speaking style,3,xV-GT84xzE8,0.9265
MiniLM,euclidean,Learn English with Peaky Blinders speaking style,4,RHOGowO5i2A,0.9349
MiniLM,euclidean,Learn English with Peaky Blinders speaking style,5,EccLlzUCF4w,0.9395
MiniLM,euclidean,Learn English with Jennifer Aniston interview,1,381NyVSorHo,0.7535
MiniLM,euclidean,Learn English with Jennifer Aniston interview,2,dsN6FiF9ncI,0.7951
MiniLM,euclidean,Learn English with Jennifer Aniston interview,3,5fBrINGT0Dg,0.9257
MiniLM,euclidean,Learn English with Jennifer Aniston interview,4,mNCS4_wqaPY,0.9427
MiniLM,euclidean,Learn English with Jennifer Aniston interview,5,SruvBaQa4UA,0.946
MiniLM,euclidean,Learn English with Zootopia movie dialogue,1,UpQF2gdw5RY,0.7306
MiniLM,euclidean,Learn English with Zootopia movie dialogue,2,Ql17ws1pmiQ,0.8702
MiniLM,euclidean,Learn English with Zootopia movie dialogue,3,SkViUbosnD4,0.8839
MiniLM,euclidean,Learn English with Zootopia movie dialogue,4,HgB2UHli0fU,0.8849
MiniLM,euclidean,Learn English with Zootopia movie dialogue,5,67E6Dl6LaW4,0.8852
MiniLM,euclidean,Learn English with The Lion King movie scene,1,IIhWbZk2B3o,0.7201
MiniLM,euclidean,Learn English with The Lion King movie scene,2,HgB2UHli0fU,0.7224
MiniLM,euclidean,Learn English with The Lion King movie scene,3,Ql17ws1pmiQ,0.8711
MiniLM,euclidean,Learn English with The Lion King movie scene,4,SkViUbosnD4,0.9367
MiniLM,euclidean,Learn English with The Lion King movie scene,5,cj0_XhE_qxE,0.9442
MiniLM,euclidean,Learn English with Pirates of the Caribbean dialogue,1,ICVQ6wfZr3c,0.6636
MiniLM,euclidean,Learn English with Pirates of the Caribbean dialogue,2,UUAENx1NANg,0.7416
MiniLM,euclidean,Learn English with Pirates of the Caribbean dialogue,3,iuQsu4HOlrA,0.7421
MiniLM,euclidean,Learn English with Pirates of the Caribbean dialogue,4,SkViUbosnD4,0.9481
MiniLM,euclidean,Learn English with Pirates of the Caribbean dialogue,5,dcCn9a8TC_I,0.9517
MiniLM,euclidean,Learn English with Beauty and the Beast conversation,1,aTYNX1pjwwk,0.8329
MiniLM,euclidean,Learn English with Beauty and the Beast conversation,2,1jdjbt8W3es,0.8474
MiniLM,euclidean,Learn English with Beauty and the Beast conversation,3,Ql17ws1pmiQ,0.9038
MiniLM,euclidean,Learn English with Beauty and the Beast conversation,4,3xCQrnTYmzY,0.9535
MiniLM,euclidean,Learn English with Beauty and the Beast conversation,5,2MlWEVKMD_M,0.9663
MiniLM,euclidean,Learn English with Frozen movie scene,1,pKoH9GkEKxQ,0.8192
MiniLM,euclidean,Learn English with Frozen movie scene,2,PL7niJMDu5w,0.8238
MiniLM,euclidean,Learn English with Frozen movie scene,3,wdh9y2TkIns,0.8858
MiniLM,euclidean,Learn English with Frozen movie scene,4,tdn81jlykww,0.8907
MiniLM,euclidean,Learn English with Frozen movie scene,5,3W2gRl5UIDY,0.9011
MiniLM,euclidean,Learn English with Toy Story movie dialogue,1,IYsurU_B4Qo,0.8344
MiniLM,euclidean,Learn English with Toy Story movie dialogue,2,q3UH86tOuDI,0.8701
MiniLM,euclidean,Learn English with Toy Story movie dialogue,3,SkViUbosnD4,0.8712
MiniLM,euclidean,Learn English with Toy Story movie dialogue,4,cHWHY-JpAHw,0.8719
MiniLM,euclidean,Learn English with Toy Story movie dialogue,5,pKoH9GkEKxQ,0.8754
MiniLM,euclidean,Learn English with Finding Nemo conversation,1,RjNka8csfYU,0.838
MiniLM,euclidean,Learn English with Finding Nemo conversation,2,RlcSm5jf89o,0.876
MiniLM,euclidean,Learn English with Finding Nemo conversation,3,Xr2px4Zmdtg,0.9084
MiniLM,euclidean,Learn English with Finding Nemo conversation,4,TswCNV6meYM,0.9264
MiniLM,euclidean,Learn English with Finding Nemo conversation,5,lEuqXNfn90Y,0.9442
MiniLM,euclidean,Learn English with Aladdin movie dialogue,1,SkViUbosnD4,0.8277
MiniLM,euclidean,Learn English with Aladdin movie dialogue,2,cj0_XhE_qxE,0.8589
MiniLM,euclidean,Learn English with Aladdin movie dialogue,3,pKoH9GkEKxQ,0.8612
MiniLM,euclidean,Learn English with Aladdin movie dialogue,4,Ql17ws1pmiQ,0.8662
MiniLM,euclidean,Learn English with Aladdin movie dialogue,5,WU0W0S5ILHY,0.8726
MiniLM,euclidean,Learn English with Maleficent movie scene,1,pKoH9GkEKxQ,0.8129
MiniLM,euclidean,Learn English with Maleficent movie scene,2,Xmgohhgb3pA,0.8308
MiniLM,euclidean,Learn English with Maleficent movie scene,3,wdh9y2TkIns,0.849
MiniLM,euclidean,Learn English with Maleficent movie scene,4,tdn81jlykww,0.8545
MiniLM,euclidean,Learn English with Maleficent movie scene,5,YR1n_jid024,0.8762
MiniLM,euclidean,Learn English with Ice Age movie conversation,1,RjNka8csfYU,0.8732
MiniLM,euclidean,Learn English with Ice Age movie conversation,2,pKoH9GkEKxQ,0.883
MiniLM,euclidean,Learn English with Ice Age movie conversation,3,PL7niJMDu5w,0.8867
MiniLM,euclidean,Learn English with Ice Age movie conversation,4,FZXyYuiyq2I,0.9062
MiniLM,euclidean,Learn English with Ice Age movie conversation,5,QaP6nhNyHb0,0.9071
MiniLM,euclidean,Learn English with Monsters Inc movie dialogue,1,_kafLt9bNyU,0.785
MiniLM,euclidean,Learn English with Monsters Inc movie dialogue,2,k9MTueetF38,0.9012
MiniLM,euclidean,Learn English with Monsters Inc movie dialogue,3,SkViUbosnD4,0.9098
MiniLM,euclidean,Learn English with Monsters Inc movie dialogue,4,67E6Dl6LaW4,0.9171
MiniLM,euclidean,Learn English with Monsters Inc movie dialogue,5,Ql17ws1pmiQ,0.928
MiniLM,euclidean,Learn English with Shrek movie expressions,1,Sev_UnaqWmM,0.7366
MiniLM,euclidean,Learn English with Shrek movie expressions,2,esG_czN6sOc,0.7868
MiniLM,euclidean,Learn English with Shrek movie expressions,3,WU0W0S5ILHY,0.9216
MiniLM,euclidean,Learn English with Shrek movie expressions,4,Ns9o3Ixysqo,0.942
MiniLM,euclidean,Learn English with Shrek movie expressions,5,Ql17ws1pmiQ,0.9421
MiniLM,euclidean,Learn English with Disney movie conversations,1,SkViUbosnD4,0.6732
MiniLM,euclidean,Learn English with Disney movie conversations,2,3xCQrnTYmzY,0.7331
MiniLM,euclidean,Learn English with Disney movie conversations,3,Ql17ws1pmiQ,0.7513
MiniLM,euclidean,Learn English with Disney movie conversations,4,q3UH86tOuDI,0.7567
MiniLM,euclidean,Learn English with Disney movie conversations,5,67E6Dl6LaW4,0.7638
MiniLM,euclidean,Learn English with How I Met Your Mother dialogue,1,RQuL3lsuarQ,0.998
MiniLM,euclidean,Learn English with How I Met Your Mother dialogue,2,KEWge76EHpA,1.0253
MiniLM,euclidean,Learn English with How I Met Your Mother dialogue,3,MKv55DyDk0Y,1.0259
MiniLM,euclidean,Learn English with How I Met Your Mother dialogue,4,wdh9y2TkIns,1.0301
MiniLM,euclidean,Learn English with How I Met Your Mother dialogue,5,v2AQ2k8PSI0,1.0318
MiniLM,euclidean,Learn English with Friends TV series conversation,1,2li3fhbUnXI,0.8054
MiniLM,euclidean,Learn English with Friends TV series conversation,2,RQuL3lsuarQ,0.8166
MiniLM,euclidean,Learn English with Friends TV series conversation,3,fRseMUZ2NOM,0.8444
MiniLM,euclidean,Learn English with Friends TV series conversation,4,FZoeUNG_x4I,0.8501
MiniLM,euclidean,Learn English with Friends TV series conversation,5,uW-I9SFuU1A,0.852
MiniLM,euclidean,Learn English with rap songs pronunciation,1,soZc03vH_qQ,0.7872
MiniLM,euclidean,Learn English with rap songs pronunciation,2,gj9SQk-rlkQ,0.8332
MiniLM,euclidean,Learn English with rap songs pronunciation,3,VAAOTyfO-Oo,0.883
MiniLM,euclidean,Learn English with rap songs pronunciation,4,ys0SYYPLVOg,0.8845
MiniLM,euclidean,Learn English with rap songs pronunciation,5,lz_gewAzBm8,0.9176
MiniLM,euclidean,Learn English with Eminem lyrics pronunciation,1,soZc03vH_qQ,0.8046
MiniLM,euclidean,Learn English with Eminem lyrics pronunciation,2,HBVX1D1SerE,0.8548
MiniLM,euclidean,Learn English with Eminem lyrics pronunciation,3,gj9SQk-rlkQ,0.8826
MiniLM,euclidean,Learn English with Eminem lyrics pronunciation,4,CflETAu1f4I,0.9046
MiniLM,euclidean,Learn English with Eminem lyrics pronunciation,5,u53Seni_i8U,0.9797
MiniLM,euclidean,Learn English with Queen song vocabulary,1,ys0SYYPLVOg,0.8583
MiniLM,euclidean,Learn English with Queen song vocabulary,2,A_zhjxLLA08,0.8674
MiniLM,euclidean,Learn English with Queen song vocabulary,3,E7mbFm3NAp0,0.8694
MiniLM,euclidean,Learn English with Queen song vocabulary,4,VAAOTyfO-Oo,0.9012
MiniLM,euclidean,Learn English with Queen song vocabulary,5,xpt3bJEjc-A,0.9016
MiniLM,euclidean,Learn English with Ariana Grande song dialogue,1,CYkM3zOmjUE,0.7484
MiniLM,euclidean,Learn English with Ariana Grande song dialogue,2,VAAOTyfO-Oo,0.7909
MiniLM,euclidean,Learn English with Ariana Grande song dialogue,3,PsPB_mnGK8s,0.855
MiniLM,euclidean,Learn English with Ariana Grande song dialogue,4,ys0SYYPLVOg,0.8641
MiniLM,euclidean,Learn English with Ariana Grande song dialogue,5,lz_gewAzBm8,0.8679
MiniLM,euclidean,Learn English with Taylor Swift song expressions,1,bUpTiOgMJu4,0.7752
MiniLM,euclidean,Learn English with Taylor Swift song expressions,2,sn4eOnRyJVg,0.8473
MiniLM,euclidean,Learn English with Taylor Swift song expressions,3,lz_gewAzBm8,0.8733
MiniLM,euclidean,Learn English with Taylor Swift song expressions,4,BrWkotDAvfg,0.8797
MiniLM,euclidean,Learn English with Taylor Swift song expressions,5,ys0SYYPLVOg,0.9162
MiniLM,euclidean,Learn English with Billie Eilish song pronunciation,1,2EhiOgkklY0,0.8051
MiniLM,euclidean,Learn English with Billie Eilish song pronunciation,2,VAAOTyfO-Oo,0.994
MiniLM,euclidean,Learn English with Billie Eilish song pronunciation,3,ys0SYYPLVOg,1.0129
MiniLM,euclidean,Learn English with Billie Eilish song pronunciation,4,fwrD70WeSzs,1.0136
MiniLM,euclidean,Learn English with Billie Eilish song pronunciation,5,lz_gewAzBm8,1.0162
MiniLM,euclidean,Learn English with Michael Jackson song lyrics,1,soZc03vH_qQ,1.0104
MiniLM,euclidean,Learn English with Michael Jackson song lyrics,2,fwrD70WeSzs,1.021
MiniLM,euclidean,Learn English with Michael Jackson song lyrics,3,u53Seni_i8U,1.0301
MiniLM,euclidean,Learn English with Michael Jackson song lyrics,4,2EhiOgkklY0,1.0431
MiniLM,euclidean,Learn English with Michael Jackson song lyrics,5,lz_gewAzBm8,1.053
MiniLM,euclidean,Learn English with Jonas Brothers song dialogue,1,u53Seni_i8U,0.9295
MiniLM,euclidean,Learn English with Jonas Brothers song dialogue,2,fwrD70WeSzs,0.9555
MiniLM,euclidean,Learn English with Jonas Brothers song dialogue,3,lEuqXNfn90Y,0.9636
MiniLM,euclidean,Learn English with Jonas Brothers song dialogue,4,g82BjCFBH-8,0.9674
MiniLM,euclidean,Learn English with Jonas Brothers song dialogue,5,wrFIrqeWGcU,0.9704
MiniLM,euclidean,Learn English with Lady Gaga song vocabulary,1,VAAOTyfO-Oo,0.7165
MiniLM,euclidean,Learn English with Lady Gaga song vocabulary,2,A_zhjxLLA08,0.8222
MiniLM,euclidean,Learn English with Lady Gaga song vocabulary,3,3GCmsMI5iAY,0.8226
MiniLM,euclidean,Learn English with Lady Gaga song vocabulary,4,ys0SYYPLVOg,0.8709
MiniLM,euclidean,Learn English with Lady Gaga song vocabulary,5,CYkM3zOmjUE,0.9118
MiniLM,euclidean,Learn English with Bob Marley song expressions,1,Ejb9b0veUPA,1.0319
MiniLM,euclidean,Learn English with Bob Marley song expressions,2,DiBxjkkGb5o,1.0319
MiniLM,euclidean,Learn English with Bob Marley song expressions,3,soZc03vH_qQ,1.037
MiniLM,euclidean,Learn English with Bob Marley song expressions,4,19iestleXXc,1.0407
MiniLM,euclidean,Learn English with Bob Marley song expressions,5,ys0SYYPLVOg,1.0573
MiniLM,euclidean,Understand fast English without subtitles,1,lhugwz26kUc,0.7523
MiniLM,euclidean,Understand fast English without subtitles,2,tdn81jlykww,0.8726
MiniLM,euclidean,Understand fast English without subtitles,3,s3p2EoAzhtE,0.8753
MiniLM,euclidean,Understand fast English without subtitles,4,xV-GT84xzE8,0.8855
MiniLM,euclidean,Understand fast English without subtitles,5,tCrpvHJ52T0,0.8901
MiniLM,euclidean,How to understand movies without subtitles,1,lhugwz26kUc,0.8198
MiniLM,euclidean,How to understand movies without subtitles,2,s3p2EoAzhtE,0.8334
MiniLM,euclidean,How to understand movies without subtitles,3,T-FXi4Buqps,0.8742
MiniLM,euclidean,How to understand movies without subtitles,4,tdn81jlykww,0.9168
MiniLM,euclidean,How to understand movies without subtitles,5,Xmgohhgb3pA,0.9221
MiniLM,euclidean,How to learn English with Netflix shows,1,xsUEm_faz_w,0.6513
MiniLM,euclidean,How to learn English with Netflix shows,2,fRseMUZ2NOM,0.769
MiniLM,euclidean,How to learn English with Netflix shows,3,RQuL3lsuarQ,0.8179
MiniLM,euclidean,How to learn English with Netflix shows,4,7nPv7pAFkio,0.8341
MiniLM,euclidean,How to learn English with Netflix shows,5,wdh9y2TkIns,0.8403
MiniLM,euclidean,How to improve English listening with TV series,1,VZJaXyjs9RI,0.7791
MiniLM,euclidean,How to improve English listening with TV series,2,lhugwz26kUc,0.8282
MiniLM,euclidean,How to improve English listening with TV series,3,FZoeUNG_x4I,0.8306
MiniLM,euclidean,How to improve English listening with TV series,4,RQuL3lsuarQ,0.8563
MiniLM,euclidean,How to improve English listening with TV series,5,fRseMUZ2NOM,0.8701
MiniLM,euclidean,How to learn English with movie scenes,1,pKoH9GkEKxQ,0.7188
MiniLM,euclidean,How to learn English with movie scenes,2,tdn81jlykww,0.7415
MiniLM,euclidean,How to learn English with movie scenes,3,Xmgohhgb3pA,0.7522
MiniLM,euclidean,How to learn English with movie scenes,4,wdh9y2TkIns,0.758
MiniLM,euclidean,How to learn English with movie scenes,5,fRseMUZ2NOM,0.7929
MiniLM,euclidean,How to understand fast native English speech,1,xV-GT84xzE8,0.8309
MiniLM,euclidean,How to understand fast native English speech,2,F23Bm4FrwJI,0.8522
MiniLM,euclidean,How to understand fast native English speech,3,tCrpvHJ52T0,0.8545
MiniLM,euclidean,How to understand fast native English speech,4,KEWge76EHpA,0.8571
MiniLM,euclidean,How to understand fast native English speech,5,LPA52CoT44w,0.8577
MiniLM,euclidean,How to learn English with TV show dialogue,1,RQuL3lsuarQ,0.7766
MiniLM,euclidean,How to learn English with TV show dialogue,2,FZoeUNG_x4I,0.7995
MiniLM,euclidean,How to learn English with TV show dialogue,3,fRseMUZ2NOM,0.8074
MiniLM,euclidean,How to learn English with TV show dialogue,4,lhugwz26kUc,0.8307
MiniLM,euclidean,How to learn English with TV show dialogue,5,2li3fhbUnXI,0.8431
MiniLM,euclidean,How to practice English listening with movies,1,pKoH9GkEKxQ,0.78
MiniLM,euclidean,How to practice English listening with movies,2,ys0SYYPLVOg,0.7841
MiniLM,euclidean,How to practice English listening with movies,3,fRseMUZ2NOM,0.7901
MiniLM,euclidean,How to practice English listening with movies,4,VZJaXyjs9RI,0.8109
MiniLM,euclidean,How to practice English listening with movies,5,lhugwz26kUc,0.816
MiniLM,euclidean,How to learn real English expressions from movies,1,pKoH9GkEKxQ,0.7721
MiniLM,euclidean,How to learn real English expressions from movies,2,Xmgohhgb3pA,0.7855
MiniLM,euclidean,How to learn real English expressions from movies,3,3W2gRl5UIDY,0.798
MiniLM,euclidean,How to learn real English expressions from movies,4,_WTEzSLs3LU,0.7982
MiniLM,euclidean,How to learn real English expressions from movies,5,tdn81jlykww,0.8018
MiniLM,euclidean,How to understand jokes in English TV shows,1,apI6j_LQYAA,0.9299
MiniLM,euclidean,How to understand jokes in English TV shows,2,RQuL3lsuarQ,0.9346
MiniLM,euclidean,How to understand jokes in English TV shows,3,ufCndfbsfpw,0.9357
MiniLM,euclidean,How to understand jokes in English TV shows,4,jslJbssyfUQ,0.9374
MiniLM,euclidean,How to understand jokes in English TV shows,5,FZoeUNG_x4I,0.9492
MiniLM,euclidean,Real English expressions used by native speakers,1,xV-GT84xzE8,1.006
MiniLM,euclidean,Real English expressions used by native speakers,2,Q5wMunSQHK4,1.0132
MiniLM,euclidean,Real English expressions used by native speakers,3,IjEax-B7lrg,1.0274
MiniLM,euclidean,Real English expressions used by native speakers,4,FZXyYuiyq2I,1.0361
MiniLM,euclidean,Real English expressions used by native speakers,5,g82BjCFBH-8,1.0375
MiniLM,euclidean,Common phrases used in American TV series,1,a79pawTkIx8,1.0371
MiniLM,euclidean,Common phrases used in American TV series,2,JteHl9PQEIU,1.0504
MiniLM,euclidean,Common phrases used in American TV series,3,YONM8R2_iu8,1.0769
MiniLM,euclidean,Common phrases used in American TV series,4,7Ck3q5GaF5M,1.0841
MiniLM,euclidean,Common phrases used in American TV series,5,F9hBErKjL_Y,1.0893
MiniLM,euclidean,English slang used in movie dialogues,1,jslJbssyfUQ,1.0569
MiniLM,euclidean,English slang used in movie dialogues,2,Rs_wuc9J4Wo,1.0595
MiniLM,euclidean,English slang used in movie dialogues,3,fpbdQBcuJ_E,1.06
MiniLM,euclidean,English slang used in movie dialogues,4,YONM8R2_iu8,1.064
MiniLM,euclidean,English slang used in movie dialogues,5,67E6Dl6LaW4,1.0732
MiniLM,euclidean,Daily English expressions used by natives,1,Q5wMunSQHK4,1.0067
MiniLM,euclidean,Daily English expressions used by natives,2,xV-GT84xzE8,1.0264
MiniLM,euclidean,Daily English expressions used by natives,3,JDYksdXAOOU,1.0365
MiniLM,euclidean,Daily English expressions used by natives,4,FZXyYuiyq2I,1.0372
MiniLM,euclidean,Daily English expressions used by natives,5,a79pawTkIx8,1.0459
MiniLM,euclidean,Natural English pronunciation in movies,1,Nb7KuhBVCH8,0.9472
MiniLM,euclidean,Natural English pronunciation in movies,2,pKoH9GkEKxQ,0.963
MiniLM,euclidean,Natural English pronunciation in movies,3,67E6Dl6LaW4,0.9736
MiniLM,euclidean,Natural English pronunciation in movies,4,tdn81jlykww,0.9752
MiniLM,euclidean,Natural English pronunciation in movies,5,fRseMUZ2NOM,0.9823
MiniLM,euclidean,Connected speech examples in movie dialogue,1,Xmgohhgb3pA,1.0282
MiniLM,euclidean,Connected speech examples in movie dialogue,2,wOx50owZLyA,1.0437
MiniLM,euclidean,Connected speech examples in movie dialogue,3,67E6Dl6LaW4,1.0694
MiniLM,euclidean,Connected speech examples in movie dialogue,4,xQI0Kqu7x4o,1.0753
MiniLM,euclidean,Connected speech examples in movie dialogue,5,pKoH9GkEKxQ,1.0774
MiniLM,euclidean,Reduced speech in native English conversation,1,xV-GT84xzE8,0.9916
MiniLM,euclidean,Reduced speech in native English conversation,2,KEWge76EHpA,0.9928
MiniLM,euclidean,Reduced speech in native English conversation,3,F23Bm4FrwJI,0.9943
MiniLM,euclidean,Reduced speech in native English conversation,4,L5EW4uRl_ps,0.9981
MiniLM,euclidean,Reduced speech in native English conversation,5,tCrpvHJ52T0,1.0117
MiniLM,euclidean,Shadowing technique with TV series dialogue,1,mxG8Ls1SQz8,1.1184
MiniLM,euclidean,Shadowing technique with TV series dialogue,2,JteHl9PQEIU,1.1409
MiniLM,euclidean,Shadowing technique with TV series dialogue,3,K0ddpZQxOZs,1.1464
MiniLM,euclidean,Shadowing technique with TV series dialogue,4,b8XK8K1jjrg,1.1498
MiniLM,euclidean,Shadowing technique with TV series dialogue,5,-kXpw-AcEoM,1.1512
MiniLM,euclidean,English listening practice with TV show scenes,1,VZJaXyjs9RI,0.8645
MiniLM,euclidean,English listening practice with TV show scenes,2,FZoeUNG_x4I,0.8848
MiniLM,euclidean,English listening practice with TV show scenes,3,RQuL3lsuarQ,0.9009
MiniLM,euclidean,English listening practice with TV show scenes,4,lhugwz26kUc,0.9132
MiniLM,euclidean,English listening practice with TV show scenes,5,uW-I9SFuU1A,0.9282
MiniLM,euclidean,English pronunciation practice with movie dialogue,1,pKoH9GkEKxQ,0.8623
MiniLM,euclidean,English pronunciation practice with movie dialogue,2,PL7niJMDu5w,0.8934
MiniLM,euclidean,English pronunciation practice with movie dialogue,3,tdn81jlykww,0.9017
MiniLM,euclidean,English pronunciation practice with movie dialogue,4,Xmgohhgb3pA,0.9035
MiniLM,euclidean,English pronunciation practice with movie dialogue,5,fRseMUZ2NOM,0.9066
MiniLM,euclidean,Best TV series to learn English fast,1,7Ck3q5GaF5M,0.8235
MiniLM,euclidean,Best TV series to learn English fast,2,JteHl9PQEIU,0.8374
MiniLM,euclidean,Best TV series to learn English fast,3,fRseMUZ2NOM,0.8552
MiniLM,euclidean,Best TV series to learn English fast,4,5i8s5XMzEoA,0.8747
MiniLM,euclidean,Best TV series to learn English fast,5,4rX4sH8PMFc,0.8883
MiniLM,euclidean,Best movies to learn English listening,1,V1mhdFpsYFA,0.7424
MiniLM,euclidean,Best movies to learn English listening,2,pKoH9GkEKxQ,0.8909
MiniLM,euclidean,Best movies to learn English listening,3,dcCn9a8TC_I,0.9086
MiniLM,euclidean,Best movies to learn English listening,4,wdh9y2TkIns,0.9224
MiniLM,euclidean,Best movies to learn English listening,5,67E6Dl6LaW4,0.9404
MiniLM,euclidean,How to train your ear with English movies,1,pKoH9GkEKxQ,0.8628
MiniLM,euclidean,How to train your ear with English movies,2,PL7niJMDu5w,0.8679
MiniLM,euclidean,How to train your ear with English movies,3,fRseMUZ2NOM,0.8694
MiniLM,euclidean,How to train your ear with English movies,4,Xmgohhgb3pA,0.8923
MiniLM,euclidean,How to train your ear with English movies,5,67E6Dl6LaW4,0.8985
MiniLM,euclidean,How to improve speaking using TV shows,1,Vcum4dzafOE,0.9318
MiniLM,euclidean,How to improve speaking using TV shows,2,lhugwz26kUc,0.9488
MiniLM,euclidean,How to improve speaking using TV shows,3,VZJaXyjs9RI,0.9671
MiniLM,euclidean,How to improve speaking using TV shows,4,1puk6bREVMI,0.9809
MiniLM,euclidean,How to improve speaking using TV shows,5,KEWge76EHpA,0.9934
MiniLM,euclidean,How to learn vocabulary from movie scenes,1,2uYHIfVOcvE,0.8292
MiniLM,euclidean,How to learn vocabulary from movie scenes,2,Xmgohhgb3pA,0.8412
MiniLM,euclidean,How to learn vocabulary from movie scenes,3,xQI0Kqu7x4o,0.8792
MiniLM,euclidean,How to learn vocabulary from movie scenes,4,fRseMUZ2NOM,0.8799
MiniLM,euclidean,How to learn vocabulary from movie scenes,5,tdn81jlykww,0.8886
MiniLM,euclidean,How to sound like a native English speaker,1,xV-GT84xzE8,0.8943
MiniLM,euclidean,How to sound like a native English speaker,2,LPA52CoT44w,0.8991
MiniLM,euclidean,How to sound like a native English speaker,3,EccLlzUCF4w,0.9063
MiniLM,euclidean,How to sound like a native English speaker,4,TzizA5rjM_Y,0.9217
MiniLM,euclidean,How to sound like a native English speaker,5,srFHh4UiO7U,0.9299
MiniLM,euclidean,English conversation practice with movie clips,1,pKoH9GkEKxQ,0.813
MiniLM,euclidean,English conversation practice with movie clips,2,Xmgohhgb3pA,0.847
MiniLM,euclidean,English conversation practice with movie clips,3,lhugwz26kUc,0.8574
MiniLM,euclidean,English conversation practice with movie clips,4,tdn81jlykww,0.87
MiniLM,euclidean,English conversation practice with movie clips,5,3GCmsMI5iAY,0.8882
MiniLM,euclidean,Advanced English listening with TV series,1,7Ck3q5GaF5M,0.899
MiniLM,euclidean,Advanced English listening with TV series,2,uW-I9SFuU1A,0.9041
MiniLM,euclidean,Advanced English listening with TV series,3,VZJaXyjs9RI,0.9109
MiniLM,euclidean,Advanced English listening with TV series,4,FZoeUNG_x4I,0.912
MiniLM,euclidean,Advanced English listening with TV series,5,4rX4sH8PMFc,0.9295
MiniLM,euclidean,Real life English conversation from movies,1,67E6Dl6LaW4,0.9016
MiniLM,euclidean,Real life English conversation from movies,2,Xmgohhgb3pA,0.9153
MiniLM,euclidean,Real life English conversation from movies,3,pKoH9GkEKxQ,0.9161
MiniLM,euclidean,Real life English conversation from movies,4,tdn81jlykww,0.9225
MiniLM,euclidean,Real life English conversation from movies,5,mNCS4_wqaPY,0.9292
MiniLM,euclidean,English fluency practice with TV series scenes,1,lhugwz26kUc,0.8528
MiniLM,euclidean,English fluency practice with TV series scenes,2,7Ck3q5GaF5M,0.8692
MiniLM,euclidean,English fluency practice with TV series scenes,3,RQuL3lsuarQ,0.8799
MiniLM,euclidean,English fluency practice with TV series scenes,4,tdn81jlykww,0.8957
MiniLM,euclidean,English fluency practice with TV series scenes,5,mxG8Ls1SQz8,0.9076
MiniLM,cityblock,Learn English with The Devil Wears Prada scene,1,aRbaIHNttv4,13.3857
MiniLM,cityblock,Learn English with The Devil Wears Prada scene,2,OuTtIzGhUDY,14.0172
MiniLM,cityblock,Learn English with The Devil Wears Prada scene,3,3GCmsMI5iAY,14.748
MiniLM,cityblock,Learn English with The Devil Wears Prada scene,4,pKoH9GkEKxQ,15.4677
MiniLM,cityblock,Learn English with The Devil Wears Prada scene,5,fRseMUZ2NOM,15.5088
MiniLM,cityblock,Learn English with SpongeBob SquarePants dialogue,1,JxWEAP0aAJQ,10.7194
MiniLM,cityblock,Learn English with SpongeBob SquarePants dialogue,2,NDhPifXoBYI,13.0876
MiniLM,cityblock,Learn English with SpongeBob SquarePants dialogue,3,FZXyYuiyq2I,14.9204
MiniLM,cityblock,Learn English with SpongeBob SquarePants dialogue,4,Sev_UnaqWmM,14.9627
MiniLM,cityblock,Learn English with SpongeBob SquarePants dialogue,5,2MlWEVKMD_M,15.0296
MiniLM,cityblock,Learn English with The Simpsons episode conversation,1,apI6j_LQYAA,12.2938
MiniLM,cityblock,Learn English with The Simpsons episode conversation,2,RQuL3lsuarQ,14.5052
MiniLM,cityblock,Learn English with The Simpsons episode conversation,3,fQwqes1cQ8E,14.5305
MiniLM,cityblock,Learn English with The Simpsons episode conversation,4,KEWge76EHpA,14.9844
MiniLM,cityblock,Learn English with The Simpsons episode conversation,5,uW-I9SFuU1A,15.0416
MiniLM,cityblock,Learn English with Peaky Blinders speaking style,1,uW-I9SFuU1A,13.0777
MiniLM,cityblock,Learn English with Peaky Blinders speaking style,2,2li3fhbUnXI,13.0833
MiniLM,cityblock,Learn English with Peaky Blinders speaking style,3,wqOlUOkiFbs,14.4379
MiniLM,cityblock,Learn English with Peaky Blinders speaking style,4,xV-GT84xzE8,14.4732
MiniLM,cityblock,Learn English with Peaky Blinders speaking style,5,QaP6nhNyHb0,14.6307
MiniLM,cityblock,Learn English with Jennifer Aniston interview,1,381NyVSorHo,11.5658
MiniLM,cityblock,Learn English with Jennifer Aniston interview,2,dsN6FiF9ncI,12.4508
MiniLM,cityblock,Learn English with Jennifer Aniston interview,3,5fBrINGT0Dg,14.4402
MiniLM,cityblock,Learn English with Jennifer Aniston interview,4,xpt3bJEjc-A,14.6783
MiniLM,cityblock,Learn English with Jennifer Aniston interview,5,SruvBaQa4UA,14.6856
MiniLM,cityblock,Learn English with Zootopia movie dialogue,1,UpQF2gdw5RY,11.2319
MiniLM,cityblock,Learn English with Zootopia movie dialogue,2,67E6Dl6LaW4,13.4981
MiniLM,cityblock,Learn English with Zootopia movie dialogue,3,IIhWbZk2B3o,13.6368
MiniLM,cityblock,Learn English with Zootopia movie dialogue,4,HgB2UHli0fU,13.6651
MiniLM,cityblock,Learn English with Zootopia movie dialogue,5,pKoH9GkEKxQ,13.6863
MiniLM,cityblock,Learn English with The Lion King movie scene,1,HgB2UHli0fU,11.1876
MiniLM,cityblock,Learn English with The Lion King movie scene,2,IIhWbZk2B3o,11.2458
MiniLM,cityblock,Learn English with The Lion King movie scene,3,Ql17ws1pmiQ,13.8554
MiniLM,cityblock,Learn English with The Lion King movie scene,4,WU0W0S5ILHY,14.3437
MiniLM,cityblock,Learn English with The Lion King movie scene,5,SkViUbosnD4,14.439
MiniLM,cityblock,Learn English with Pirates of the Caribbean dialogue,1,ICVQ6wfZr3c,10.5076
MiniLM,cityblock,Learn English with Pirates of the Caribbean dialogue,2,UUAENx1NANg,10.9879
MiniLM,cityblock,Learn English with Pirates of the Caribbean dialogue,3,iuQsu4HOlrA,11.6471
MiniLM,cityblock,Learn English with Pirates of the Caribbean dialogue,4,dcCn9a8TC_I,14.462
MiniLM,cityblock,Learn English with Pirates of the Caribbean dialogue,5,SkViUbosnD4,14.9064
MiniLM,cityblock,Learn English with Beauty and the Beast conversation,1,aTYNX1pjwwk,12.7073
MiniLM,cityblock,Learn English with Beauty and the Beast conversation,2,1jdjbt8W3es,12.7845
MiniLM,cityblock,Learn English with Beauty and the Beast conversation,3,Ql17ws1pmiQ,13.871
MiniLM,cityblock,Learn English with Beauty and the Beast conversation,4,HgB2UHli0fU,14.71
MiniLM,cityblock,Learn English with Beauty and the Beast conversation,5,cpp22-kDtp0,15.0229
MiniLM,cityblock,Learn English with Frozen movie scene,1,PL7niJMDu5w,12.8534
MiniLM,cityblock,Learn English with Frozen movie scene,2,pKoH9GkEKxQ,12.9767
MiniLM,cityblock,Learn English with Frozen movie scene,3,3W2gRl5UIDY,13.6138
MiniLM,cityblock,Learn English with Frozen movie scene,4,wdh9y2TkIns,13.7665
MiniLM,cityblock,Learn English with Frozen movie scene,5,tdn81jlykww,13.9069
MiniLM,cityblock,Learn English with Toy Story movie dialogue,1,IYsurU_B4Qo,13.3009
MiniLM,cityblock,Learn English with Toy Story movie dialogue,2,pKoH9GkEKxQ,13.4537
MiniLM,cityblock,Learn English with Toy Story movie dialogue,3,q3UH86tOuDI,13.5251
MiniLM,cityblock,Learn English with Toy Story movie dialogue,4,SkViUbosnD4,13.549
MiniLM,cityblock,Learn English with Toy Story movie dialogue,5,cHWHY-JpAHw,13.7613
MiniLM,cityblock,Learn English with Finding Nemo conversation,1,RjNka8csfYU,13.1659
MiniLM,cityblock,Learn English with Finding Nemo conversation,2,RlcSm5jf89o,13.5759
MiniLM,cityblock,Learn English with Finding Nemo conversation,3,Xr2px4Zmdtg,14.2448
MiniLM,cityblock,Learn English with Finding Nemo conversation,4,TswCNV6meYM,14.3274
MiniLM,cityblock,Learn English with Finding Nemo conversation,5,k9MTueetF38,14.8957
MiniLM,cityblock,Learn English with Aladdin movie dialogue,1,SkViUbosnD4,12.9412
MiniLM,cityblock,Learn English with Aladdin movie dialogue,2,cj0_XhE_qxE,13.3044
MiniLM,cityblock,Learn English with Aladdin movie dialogue,3,pKoH9GkEKxQ,13.356
MiniLM,cityblock,Learn English with Aladdin movie dialogue,4,67E6Dl6LaW4,13.4449
MiniLM,cityblock,Learn English with Aladdin movie dialogue,5,cHWHY-JpAHw,13.4575
MiniLM,cityblock,Learn English with Maleficent movie scene,1,pKoH9GkEKxQ,12.5102
MiniLM,cityblock,Learn English with Maleficent movie scene,2,Xmgohhgb3pA,12.7307
MiniLM,cityblock,Learn English with Maleficent movie scene,3,wdh9y2TkIns,13.0502
MiniLM,cityblock,Learn English with Maleficent movie scene,4,tdn81jlykww,13.349
MiniLM,cityblock,Learn English with Maleficent movie scene,5,RQuL3lsuarQ,13.63
MiniLM,cityblock,Learn English with Ice Age movie conversation,1,RjNka8csfYU,13.3471
MiniLM,cityblock,Learn English with Ice Age movie conversation,2,PL7niJMDu5w,13.5478
MiniLM,cityblock,Learn English with Ice Age movie conversation,3,FZXyYuiyq2I,13.7104
MiniLM,cityblock,Learn English with Ice Age movie conversation,4,pKoH9GkEKxQ,13.7807
MiniLM,cityblock,Learn English with Ice Age movie conversation,5,DB3-s5oJFo8,13.8031
MiniLM,cityblock,Learn English with Monsters Inc movie dialogue,1,_kafLt9bNyU,12.1393
MiniLM,cityblock,Learn English with Monsters Inc movie dialogue,2,SkViUbosnD4,13.9012
MiniLM,cityblock,Learn English with Monsters Inc movie dialogue,3,k9MTueetF38,13.9803
MiniLM,cityblock,Learn English with Monsters Inc movie dialogue,4,pKoH9GkEKxQ,14.0323
MiniLM,cityblock,Learn English with Monsters Inc movie dialogue,5,67E6Dl6LaW4,14.2034
MiniLM,cityblock,Learn English with Shrek movie expressions,1,Sev_UnaqWmM,11.6235
MiniLM,cityblock,Learn English with Shrek movie expressions,2,esG_czN6sOc,12.2442
MiniLM,cityblock,Learn English with Shrek movie expressions,3,WU0W0S5ILHY,14.0427
MiniLM,cityblock,Learn English with Shrek movie expressions,4,Ql17ws1pmiQ,14.3108
MiniLM,cityblock,Learn English with Shrek movie expressions,5,SkViUbosnD4,14.4445
MiniLM,cityblock,Learn English with Disney movie conversations,1,SkViUbosnD4,10.6859
MiniLM,cityblock,Learn English with Disney movie conversations,2,3xCQrnTYmzY,11.4857
MiniLM,cityblock,Learn English with Disney movie conversations,3,Ql17ws1pmiQ,11.6791
MiniLM,cityblock,Learn English with Disney movie conversations,4,q3UH86tOuDI,11.6861
MiniLM,cityblock,Learn English with Disney movie conversations,5,67E6Dl6LaW4,11.8088
MiniLM,cityblock,Learn English with How I Met Your Mother dialogue,1,v2AQ2k8PSI0,15.7764
MiniLM,cityblock,Learn English with How I Met Your Mother dialogue,2,RQuL3lsuarQ,15.9776
MiniLM,cityblock,Learn English with How I Met Your Mother dialogue,3,MKv55DyDk0Y,16.0171
MiniLM,cityblock,Learn English with How I Met Your Mother dialogue,4,wqOlUOkiFbs,16.0796
MiniLM,cityblock,Learn English with How I Met Your Mother dialogue,5,KEWge76EHpA,16.1168
MiniLM,cityblock,Learn English with Friends TV series conversation,1,2li3fhbUnXI,12.5831
MiniLM,cityblock,Learn English with Friends TV series conversation,2,RQuL3lsuarQ,12.6926
MiniLM,cityblock,Learn English with Friends TV series conversation,3,FZoeUNG_x4I,13.0773
MiniLM,cityblock,Learn English with Friends TV series conversation,4,uW-I9SFuU1A,13.1236
MiniLM,cityblock,Learn English with Friends TV series conversation,5,fRseMUZ2NOM,13.212
MiniLM,cityblock,Learn English with rap songs pronunciation,1,soZc03vH_qQ,12.2178
MiniLM,cityblock,Learn English with rap songs pronunciation,2,gj9SQk-rlkQ,12.7873
MiniLM,cityblock,Learn English with rap songs pronunciation,3,VAAOTyfO-Oo,13.8136
MiniLM,cityblock,Learn English with rap songs pronunciation,4,ys0SYYPLVOg,13.9285
MiniLM,cityblock,Learn English with rap songs pronunciation,5,J135Qy4TVfQ,14.3666
MiniLM,cityblock,Learn English with Eminem lyrics pronunciation,1,soZc03vH_qQ,12.4323
MiniLM,cityblock,Learn English with Eminem lyrics pronunciation,2,HBVX1D1SerE,13.2341
MiniLM,cityblock,Learn English with Eminem lyrics pronunciation,3,CflETAu1f4I,13.971
MiniLM,cityblock,Learn English with Eminem lyrics pronunciation,4,gj9SQk-rlkQ,14.0334
MiniLM,cityblock,Learn English with Eminem lyrics pronunciation,5,u53Seni_i8U,15.4728
MiniLM,cityblock,Learn English with Queen song vocabulary,1,ys0SYYPLVOg,13.1927
MiniLM,cityblock,Learn English with Queen song vocabulary,2,J135Qy4TVfQ,13.3525
MiniLM,cityblock,Learn English with Queen song vocabulary,3,A_zhjxLLA08,13.4137
MiniLM,cityblock,Learn English with Queen song vocabulary,4,E7mbFm3NAp0,13.5465
MiniLM,cityblock,Learn English with Queen song vocabulary,5,VAAOTyfO-Oo,13.7478
MiniLM,cityblock,Learn English with Ariana Grande song dialogue,1,CYkM3zOmjUE,11.4452
MiniLM,cityblock,Learn English with Ariana Grande song dialogue,2,VAAOTyfO-Oo,12.2479
MiniLM,cityblock,Learn English with Ariana Grande song dialogue,3,PsPB_mnGK8s,13.2495
MiniLM,cityblock,Learn English with Ariana Grande song dialogue,4,lz_gewAzBm8,13.6853
MiniLM,cityblock,Learn English with Ariana Grande song dialogue,5,ys0SYYPLVOg,13.715
MiniLM,cityblock,Learn English with Taylor Swift song expressions,1,bUpTiOgMJu4,12.1679
MiniLM,cityblock,Learn English with Taylor Swift song expressions,2,sn4eOnRyJVg,12.9135
MiniLM,cityblock,Learn English with Taylor Swift song expressions,3,lz_gewAzBm8,13.3422
MiniLM,cityblock,Learn English with Taylor Swift song expressions,4,BrWkotDAvfg,13.4584
MiniLM,cityblock,Learn English with Taylor Swift song expressions,5,ys0SYYPLVOg,14.0012
MiniLM,cityblock,Learn English with Billie Eilish song pronunciation,1,2EhiOgkklY0,12.577
MiniLM,cityblock,Learn English with Billie Eilish song pronunciation,2,VAAOTyfO-Oo,15.4195
MiniLM,cityblock,Learn English with Billie Eilish song pronunciation,3,DiBxjkkGb5o,15.6445
MiniLM,cityblock,Learn English with Billie Eilish song pronunciation,4,fwrD70WeSzs,15.7065
MiniLM,cityblock,Learn English with Billie Eilish song pronunciation,5,g82BjCFBH-8,15.7204
MiniLM,cityblock,Learn English with Michael Jackson song lyrics,1,soZc03vH_qQ,15.5092
MiniLM,cityblock,Learn English with Michael Jackson song lyrics,2,2EhiOgkklY0,15.7742
MiniLM,cityblock,Learn English with Michael Jackson song lyrics,3,fwrD70WeSzs,15.8077
MiniLM,cityblock,Learn English with Michael Jackson song lyrics,4,u53Seni_i8U,16.3651
MiniLM,cityblock,Learn English with Michael Jackson song lyrics,5,HBVX1D1SerE,16.489
MiniLM,cityblock,Learn English with Jonas Brothers song dialogue,1,u53Seni_i8U,14.5176
MiniLM,cityblock,Learn English with Jonas Brothers song dialogue,2,g82BjCFBH-8,14.6645
MiniLM,cityblock,Learn English with Jonas Brothers song dialogue,3,wrFIrqeWGcU,14.8415
MiniLM,cityblock,Learn English with Jonas Brothers song dialogue,4,lEuqXNfn90Y,14.8682
MiniLM,cityblock,Learn English with Jonas Brothers song dialogue,5,fwrD70WeSzs,15.1333
MiniLM,cityblock,Learn English with Lady Gaga song vocabulary,1,VAAOTyfO-Oo,11.1144
MiniLM,cityblock,Learn English with Lady Gaga song vocabulary,2,3GCmsMI5iAY,12.3546
MiniLM,cityblock,Learn English with Lady Gaga song vocabulary,3,A_zhjxLLA08,12.9205
MiniLM,cityblock,Learn English with Lady Gaga song vocabulary,4,ys0SYYPLVOg,13.5268
MiniLM,cityblock,Learn English with Lady Gaga song vocabulary,5,3lPiU3QDpxk,14.3255
MiniLM,cityblock,Learn English with Bob Marley song expressions,1,soZc03vH_qQ,15.812
MiniLM,cityblock,Learn English with Bob Marley song expressions,2,19iestleXXc,15.9276
MiniLM,cityblock,Learn English with Bob Marley song expressions,3,DiBxjkkGb5o,16.0535
MiniLM,cityblock,Learn English with Bob Marley song expressions,4,Ejb9b0veUPA,16.1179
MiniLM,cityblock,Learn English with Bob Marley song expressions,5,u53Seni_i8U,16.2735
MiniLM,cityblock,Understand fast English without subtitles,1,lhugwz26kUc,11.4104
MiniLM,cityblock,Understand fast English without subtitles,2,s3p2EoAzhtE,13.3857
MiniLM,cityblock,Understand fast English without subtitles,3,tdn81jlykww,13.6196
MiniLM,cityblock,Understand fast English without subtitles,4,tCrpvHJ52T0,13.8819
MiniLM,cityblock,Understand fast English without subtitles,5,uW-I9SFuU1A,13.8945
MiniLM,cityblock,How to understand movies without subtitles,1,lhugwz26kUc,12.6709
MiniLM,cityblock,How to understand movies without subtitles,2,s3p2EoAzhtE,12.7765
MiniLM,cityblock,How to understand movies without subtitles,3,T-FXi4Buqps,14.0106
MiniLM,cityblock,How to understand movies without subtitles,4,Xmgohhgb3pA,14.3229
MiniLM,cityblock,How to understand movies without subtitles,5,tdn81jlykww,14.3806
MiniLM,cityblock,How to learn English with Netflix shows,1,xsUEm_faz_w,10.1141
MiniLM,cityblock,How to learn English with Netflix shows,2,fRseMUZ2NOM,11.914
MiniLM,cityblock,How to learn English with Netflix shows,3,RQuL3lsuarQ,12.7397
MiniLM,cityblock,How to learn English with Netflix shows,4,uW-I9SFuU1A,12.9255
MiniLM,cityblock,How to learn English with Netflix shows,5,pKoH9GkEKxQ,13.0164
MiniLM,cityblock,How to improve English listening with TV series,1,VZJaXyjs9RI,12.4324
MiniLM,cityblock,How to improve English listening with TV series,2,FZoeUNG_x4I,12.8877
MiniLM,cityblock,How to improve English listening with TV series,3,lhugwz26kUc,13.1939
MiniLM,cityblock,How to improve English listening with TV series,4,uW-I9SFuU1A,13.465
MiniLM,cityblock,How to improve English listening with TV series,5,fRseMUZ2NOM,13.483
MiniLM,cityblock,How to learn English with movie scenes,1,pKoH9GkEKxQ,11.0438
MiniLM,cityblock,How to learn English with movie scenes,2,tdn81jlykww,11.6721
MiniLM,cityblock,How to learn English with movie scenes,3,wdh9y2TkIns,11.7229
MiniLM,cityblock,How to learn English with movie scenes,4,Xmgohhgb3pA,11.996
MiniLM,cityblock,How to learn English with movie scenes,5,fRseMUZ2NOM,12.1999
MiniLM,cityblock,How to understand fast native English speech,1,xV-GT84xzE8,12.9763
MiniLM,cityblock,How to understand fast native English speech,2,LPA52CoT44w,13.2037
MiniLM,cityblock,How to understand fast native English speech,3,KEWge76EHpA,13.2603
MiniLM,cityblock,How to understand fast native English speech,4,F23Bm4FrwJI,13.2969
MiniLM,cityblock,How to understand fast native English speech,5,FZXyYuiyq2I,13.4057
MiniLM,cityblock,How to learn English with TV show dialogue,1,RQuL3lsuarQ,12.2125
MiniLM,cityblock,How to learn English with TV show dialogue,2,fRseMUZ2NOM,12.5326
MiniLM,cityblock,How to learn English with TV show dialogue,3,FZoeUNG_x4I,12.6143
MiniLM,cityblock,How to learn English with TV show dialogue,4,lhugwz26kUc,12.9199
MiniLM,cityblock,How to learn English with TV show dialogue,5,mxG8Ls1SQz8,13.0096
MiniLM,cityblock,How to practice English listening with movies,1,ys0SYYPLVOg,12.0291
MiniLM,cityblock,How to practice English listening with movies,2,pKoH9GkEKxQ,12.1077
MiniLM,cityblock,How to practice English listening with movies,3,fRseMUZ2NOM,12.3654
MiniLM,cityblock,How to practice English listening with movies,4,lhugwz26kUc,12.3932
MiniLM,cityblock,How to practice English listening with movies,5,Xmgohhgb3pA,12.4991
MiniLM,cityblock,How to learn real English expressions from movies,1,pKoH9GkEKxQ,11.8646
MiniLM,cityblock,How to learn real English expressions from movies,2,Xmgohhgb3pA,12.2776
MiniLM,cityblock,How to learn real English expressions from movies,3,_WTEzSLs3LU,12.5579
MiniLM,cityblock,How to learn real English expressions from movies,4,3W2gRl5UIDY,12.5828
MiniLM,cityblock,How to learn real English expressions from movies,5,lhugwz26kUc,12.6515
MiniLM,cityblock,How to understand jokes in English TV shows,1,apI6j_LQYAA,14.1493
MiniLM,cityblock,How to understand jokes in English TV shows,2,ufCndfbsfpw,14.4543
MiniLM,cityblock,How to understand jokes in English TV shows,3,jslJbssyfUQ,14.467
MiniLM,cityblock,How to understand jokes in English TV shows,4,RQuL3lsuarQ,14.6608
MiniLM,cityblock,How to understand jokes in English TV shows,5,2li3fhbUnXI,14.7222
MiniLM,cityblock,Real English expressions used by native speakers,1,IjEax-B7lrg,15.75
MiniLM,cityblock,Real English expressions used by native speakers,2,xV-GT84xzE8,15.7598
MiniLM,cityblock,Real English expressions used by native speakers,3,Q5wMunSQHK4,15.831
MiniLM,cityblock,Real English expressions used by native speakers,4,_WTEzSLs3LU,16.1609
MiniLM,cityblock,Real English expressions used by native speakers,5,2li3fhbUnXI,16.1935
MiniLM,cityblock,Common phrases used in American TV series,1,a79pawTkIx8,16.1323
MiniLM,cityblock,Common phrases used in American TV series,2,JteHl9PQEIU,16.4134
MiniLM,cityblock,Common phrases used in American TV series,3,YONM8R2_iu8,16.6718
MiniLM,cityblock,Common phrases used in American TV series,4,apI6j_LQYAA,16.7525
MiniLM,cityblock,Common phrases used in American TV series,5,jslJbssyfUQ,16.8448
MiniLM,cityblock,English slang used in movie dialogues,1,Rs_wuc9J4Wo,16.1297
MiniLM,cityblock,English slang used in movie dialogues,2,pKoH9GkEKxQ,16.1869
MiniLM,cityblock,English slang used in movie dialogues,3,YONM8R2_iu8,16.2503
MiniLM,cityblock,English slang used in movie dialogues,4,Xmgohhgb3pA,16.4224
MiniLM,cityblock,English slang used in movie dialogues,5,fpbdQBcuJ_E,16.5758
MiniLM,cityblock,Daily English expressions used by natives,1,Q5wMunSQHK4,15.4778
MiniLM,cityblock,Daily English expressions used by natives,2,xV-GT84xzE8,15.596
MiniLM,cityblock,Daily English expressions used by natives,3,FZXyYuiyq2I,15.9002
MiniLM,cityblock,Daily English expressions used by natives,4,JDYksdXAOOU,15.9687
MiniLM,cityblock,Daily English expressions used by natives,5,a79pawTkIx8,16.1349
MiniLM,cityblock,Natural English pronunciation in movies,1,Nb7KuhBVCH8,14.746
MiniLM,cityblock,Natural English pronunciation in movies,2,pKoH9GkEKxQ,14.9193
MiniLM,cityblock,Natural English pronunciation in movies,3,fRseMUZ2NOM,14.9877
MiniLM,cityblock,Natural English pronunciation in movies,4,k9MTueetF38,15.0102
MiniLM,cityblock,Natural English pronunciation in movies,5,67E6Dl6LaW4,15.2791
MiniLM,cityblock,Connected speech examples in movie dialogue,1,Xmgohhgb3pA,15.6689
MiniLM,cityblock,Connected speech examples in movie dialogue,2,wOx50owZLyA,16.228
MiniLM,cityblock,Connected speech examples in movie dialogue,3,xQI0Kqu7x4o,16.6732
MiniLM,cityblock,Connected speech examples in movie dialogue,4,67E6Dl6LaW4,16.755
MiniLM,cityblock,Connected speech examples in movie dialogue,5,pKoH9GkEKxQ,16.8386
MiniLM,cityblock,Reduced speech in native English conversation,1,F23Bm4FrwJI,14.9859
MiniLM,cityblock,Reduced speech in native English conversation,2,L5EW4uRl_ps,15.3586
MiniLM,cityblock,Reduced speech in native English conversation,3,xV-GT84xzE8,15.4049
MiniLM,cityblock,Reduced speech in native English conversation,4,KEWge76EHpA,15.4448
MiniLM,cityblock,Reduced speech in native English conversation,5,k9MTueetF38,15.7294
MiniLM,cityblock,Shadowing technique with TV series dialogue,1,mxG8Ls1SQz8,17.5
MiniLM,cityblock,Shadowing technique with TV series dialogue,2,fO4hWM0qi9A,17.6614
MiniLM,cityblock,Shadowing technique with TV series dialogue,3,b8XK8K1jjrg,17.9159
MiniLM,cityblock,Shadowing technique with TV series dialogue,4,-kXpw-AcEoM,18.2178
MiniLM,cityblock,Shadowing technique with TV series dialogue,5,T-FXi4Buqps,18.2422
MiniLM,cityblock,English listening practice with TV show scenes,1,VZJaXyjs9RI,13.1646
MiniLM,cityblock,English listening practice with TV show scenes,2,FZoeUNG_x4I,13.8101
MiniLM,cityblock,English listening practice with TV show scenes,3,RQuL3lsuarQ,14.0073
MiniLM,cityblock,English listening practice with TV show scenes,4,uW-I9SFuU1A,14.0931
MiniLM,cityblock,English listening practice with TV show scenes,5,lhugwz26kUc,14.191
MiniLM,cityblock,English pronunciation practice with movie dialogue,1,pKoH9GkEKxQ,12.9607
MiniLM,cityblock,English pronunciation practice with movie dialogue,2,fRseMUZ2NOM,13.7688
MiniLM,cityblock,English pronunciation practice with movie dialogue,3,Xmgohhgb3pA,13.8104
MiniLM,cityblock,English pronunciation practice with movie dialogue,4,k9MTueetF38,13.975
MiniLM,cityblock,English pronunciation practice with movie dialogue,5,PL7niJMDu5w,13.9968
MiniLM,cityblock,Best TV series to learn English fast,1,7Ck3q5GaF5M,12.8112
MiniLM,cityblock,Best TV series to learn English fast,2,JteHl9PQEIU,12.9117
MiniLM,cityblock,Best TV series to learn English fast,3,fRseMUZ2NOM,13.5647
MiniLM,cityblock,Best TV series to learn English fast,4,4rX4sH8PMFc,13.6415
MiniLM,cityblock,Best TV series to learn English fast,5,5i8s5XMzEoA,13.7785
MiniLM,cityblock,Best movies to learn English listening,1,V1mhdFpsYFA,11.4113
MiniLM,cityblock,Best movies to learn English listening,2,pKoH9GkEKxQ,13.8886
MiniLM,cityblock,Best movies to learn English listening,3,dcCn9a8TC_I,14.3238
MiniLM,cityblock,Best movies to learn English listening,4,xQI0Kqu7x4o,14.5171
MiniLM,cityblock,Best movies to learn English listening,5,lz_gewAzBm8,14.5663
MiniLM,cityblock,How to train your ear with English movies,1,PL7niJMDu5w,13.3172
MiniLM,cityblock,How to train your ear with English movies,2,fRseMUZ2NOM,13.5713
MiniLM,cityblock,How to train your ear with English movies,3,pKoH9GkEKxQ,13.6645
MiniLM,cityblock,How to train your ear with English movies,4,lhugwz26kUc,13.8918
MiniLM,cityblock,How to train your ear with English movies,5,dcCn9a8TC_I,14.0472
MiniLM,cityblock,How to improve speaking using TV shows,1,Vcum4dzafOE,14.5253
MiniLM,cityblock,How to improve speaking using TV shows,2,lhugwz26kUc,14.8327
MiniLM,cityblock,How to improve speaking using TV shows,3,1puk6bREVMI,15.2896
MiniLM,cityblock,How to improve speaking using TV shows,4,VZJaXyjs9RI,15.3054
MiniLM,cityblock,How to improve speaking using TV shows,5,KEWge76EHpA,15.4212
MiniLM,cityblock,How to learn vocabulary from movie scenes,1,Xmgohhgb3pA,13.0157
MiniLM,cityblock,How to learn vocabulary from movie scenes,2,2uYHIfVOcvE,13.0819
MiniLM,cityblock,How to learn vocabulary from movie scenes,3,Wn8X5JMgBAk,13.4141
MiniLM,cityblock,How to learn vocabulary from movie scenes,4,tdn81jlykww,13.5892
MiniLM,cityblock,How to learn vocabulary from movie scenes,5,lhugwz26kUc,13.8765
MiniLM,cityblock,How to sound like a native English speaker,1,TzizA5rjM_Y,14.0947
MiniLM,cityblock,How to sound like a native English speaker,2,xV-GT84xzE8,14.1671
MiniLM,cityblock,How to sound like a native English speaker,3,LPA52CoT44w,14.3476
MiniLM,cityblock,How to sound like a native English speaker,4,srFHh4UiO7U,14.4311
MiniLM,cityblock,How to sound like a native English speaker,5,EccLlzUCF4w,14.6072
MiniLM,cityblock,English conversation practice with movie clips,1,pKoH9GkEKxQ,12.6296
MiniLM,cityblock,English conversation practice with movie clips,2,Xmgohhgb3pA,13.0166
MiniLM,cityblock,English conversation practice with movie clips,3,lhugwz26kUc,13.1767
MiniLM,cityblock,English conversation practice with movie clips,4,3GCmsMI5iAY,13.8018
MiniLM,cityblock,English conversation practice with movie clips,5,tdn81jlykww,13.8075
MiniLM,cityblock,Advanced English listening with TV series,1,7Ck3q5GaF5M,13.8918
MiniLM,cityblock,Advanced English listening with TV series,2,uW-I9SFuU1A,13.9488
MiniLM,cityblock,Advanced English listening with TV series,3,4rX4sH8PMFc,14.1832
MiniLM,cityblock,Advanced English listening with TV series,4,FZoeUNG_x4I,14.1837
MiniLM,cityblock,Advanced English listening with TV series,5,RQuL3lsuarQ,14.4761
MiniLM,cityblock,Real life English conversation from movies,1,67E6Dl6LaW4,13.969
MiniLM,cityblock,Real life English conversation from movies,2,Xmgohhgb3pA,14.0692
MiniLM,cityblock,Real life English conversation from movies,3,pKoH9GkEKxQ,14.0778
MiniLM,cityblock,Real life English conversation from movies,4,lhugwz26kUc,14.1956
MiniLM,cityblock,Real life English conversation from movies,5,RQuL3lsuarQ,14.3312
MiniLM,cityblock,English fluency practice with TV series scenes,1,lhugwz26kUc,13.2493
MiniLM,cityblock,English fluency practice with TV series scenes,2,7Ck3q5GaF5M,13.6619
MiniLM,cityblock,English fluency practice with TV series scenes,3,tdn81jlykww,13.6835
MiniLM,cityblock,English fluency practice with TV series scenes,4,RQuL3lsuarQ,13.7051
MiniLM,cityblock,English fluency practice with TV series scenes,5,mxG8Ls1SQz8,14.0348
MiniLM,chebyshev,Learn English with The Devil Wears Prada scene,1,aRbaIHNttv4,0.1407
MiniLM,chebyshev,Learn English with The Devil Wears Prada scene,2,fQwqes1cQ8E,0.1415
MiniLM,chebyshev,Learn English with The Devil Wears Prada scene,3,jslJbssyfUQ,0.1427
MiniLM,chebyshev,Learn English with The Devil Wears Prada scene,4,QaP6nhNyHb0,0.1439
MiniLM,chebyshev,Learn English with The Devil Wears Prada scene,5,rz478f17kn0,0.1453
MiniLM,chebyshev,Learn English with SpongeBob SquarePants dialogue,1,JxWEAP0aAJQ,0.1085
MiniLM,chebyshev,Learn English with SpongeBob SquarePants dialogue,2,NDhPifXoBYI,0.1318
MiniLM,chebyshev,Learn English with SpongeBob SquarePants dialogue,3,OyNA4FA47do,0.1318
MiniLM,chebyshev,Learn English with SpongeBob SquarePants dialogue,4,WsdwmoQcjiw,0.1411
MiniLM,chebyshev,Learn English with SpongeBob SquarePants dialogue,5,3xCQrnTYmzY,0.1411
MiniLM,chebyshev,Learn English with The Simpsons episode conversation,1,apI6j_LQYAA,0.127
MiniLM,chebyshev,Learn English with The Simpsons episode conversation,2,wqOlUOkiFbs,0.1398
MiniLM,chebyshev,Learn English with The Simpsons episode conversation,3,u53Seni_i8U,0.1409
MiniLM,chebyshev,Learn English with The Simpsons episode conversation,4,IjEax-B7lrg,0.1436
MiniLM,chebyshev,Learn English with The Simpsons episode conversation,5,3W2gRl5UIDY,0.1442
MiniLM,chebyshev,Learn English with Peaky Blinders speaking style,1,uW-I9SFuU1A,0.1273
MiniLM,chebyshev,Learn English with Peaky Blinders speaking style,2,3kcpvIRbSnA,0.1367
MiniLM,chebyshev,Learn English with Peaky Blinders speaking style,3,2li3fhbUnXI,0.1382
MiniLM,chebyshev,Learn English with Peaky Blinders speaking style,4,_WTEzSLs3LU,0.1387
MiniLM,chebyshev,Learn English with Peaky Blinders speaking style,5,FZoeUNG_x4I,0.1395
MiniLM,chebyshev,Learn English with Jennifer Aniston interview,1,381NyVSorHo,0.1177
MiniLM,chebyshev,Learn English with Jennifer Aniston interview,2,Lus0ttddiD8,0.1348
MiniLM,chebyshev,Learn English with Jennifer Aniston interview,3,QaP6nhNyHb0,0.1369
MiniLM,chebyshev,Learn English with Jennifer Aniston interview,4,mNCS4_wqaPY,0.1371
MiniLM,chebyshev,Learn English with Jennifer Aniston interview,5,lhugwz26kUc,0.1377
MiniLM,chebyshev,Learn English with Zootopia movie dialogue,1,UpQF2gdw5RY,0.1083
MiniLM,chebyshev,Learn English with Zootopia movie dialogue,2,SkViUbosnD4,0.1277
MiniLM,chebyshev,Learn English with Zootopia movie dialogue,3,4Pu-xXFfkro,0.1298
MiniLM,chebyshev,Learn English with Zootopia movie dialogue,4,HgB2UHli0fU,0.1314
MiniLM,chebyshev,Learn English with Zootopia movie dialogue,5,YR1n_jid024,0.1316
MiniLM,chebyshev,Learn English with The Lion King movie scene,1,HgB2UHli0fU,0.1046
MiniLM,chebyshev,Learn English with The Lion King movie scene,2,IIhWbZk2B3o,0.1158
MiniLM,chebyshev,Learn English with The Lion King movie scene,3,Ql17ws1pmiQ,0.1277
MiniLM,chebyshev,Learn English with The Lion King movie scene,4,cpp22-kDtp0,0.1355
MiniLM,chebyshev,Learn English with The Lion King movie scene,5,4Pu-xXFfkro,0.1361
MiniLM,chebyshev,Learn English with Pirates of the Caribbean dialogue,1,ICVQ6wfZr3c,0.1102
MiniLM,chebyshev,Learn English with Pirates of the Caribbean dialogue,2,iuQsu4HOlrA,0.1211
MiniLM,chebyshev,Learn English with Pirates of the Caribbean dialogue,3,pKoH9GkEKxQ,0.1318
MiniLM,chebyshev,Learn English with Pirates of the Caribbean dialogue,4,5AMGLvROqsg,0.1414
MiniLM,chebyshev,Learn English with Pirates of the Caribbean dialogue,5,mNCS4_wqaPY,0.1452
MiniLM,chebyshev,Learn English with Beauty and the Beast conversation,1,1jdjbt8W3es,0.1291
MiniLM,chebyshev,Learn English with Beauty and the Beast conversation,2,6SIqFgxLkSc,0.133
MiniLM,chebyshev,Learn English with Beauty and the Beast conversation,3,LPA52CoT44w,0.1363
MiniLM,chebyshev,Learn English with Beauty and the Beast conversation,4,SkViUbosnD4,0.1392
MiniLM,chebyshev,Learn English with Beauty and the Beast conversation,5,3xCQrnTYmzY,0.1402
MiniLM,chebyshev,Learn English with Frozen movie scene,1,PL7niJMDu5w,0.1245
MiniLM,chebyshev,Learn English with Frozen movie scene,2,ufCndfbsfpw,0.1323
MiniLM,chebyshev,Learn English with Frozen movie scene,3,Rs_wuc9J4Wo,0.1346
MiniLM,chebyshev,Learn English with Frozen movie scene,4,fEJ_zsL-17k,0.1347
MiniLM,chebyshev,Learn English with Frozen movie scene,5,wdh9y2TkIns,0.1366
MiniLM,chebyshev,Learn English with Toy Story movie dialogue,1,IYsurU_B4Qo,0.1266
MiniLM,chebyshev,Learn English with Toy Story movie dialogue,2,UWKcA7h1blI,0.1269
MiniLM,chebyshev,Learn English with Toy Story movie dialogue,3,AxlJvpuuZ0s,0.1294
MiniLM,chebyshev,Learn English with Toy Story movie dialogue,4,wppNtDrquVc,0.1315
MiniLM,chebyshev,Learn English with Toy Story movie dialogue,5,UpQF2gdw5RY,0.1322
MiniLM,chebyshev,Learn English with Finding Nemo conversation,1,RjNka8csfYU,0.122
MiniLM,chebyshev,Learn English with Finding Nemo conversation,2,xV-GT84xzE8,0.1331
MiniLM,chebyshev,Learn English with Finding Nemo conversation,3,wDZ2SGKNIp0,0.1389
MiniLM,chebyshev,Learn English with Finding Nemo conversation,4,fQwqes1cQ8E,0.1398
MiniLM,chebyshev,Learn English with Finding Nemo conversation,5,Xz4q93l6uvQ,0.141
MiniLM,chebyshev,Learn English with Aladdin movie dialogue,1,WU0W0S5ILHY,0.1274
MiniLM,chebyshev,Learn English with Aladdin movie dialogue,2,SkViUbosnD4,0.1286
MiniLM,chebyshev,Learn English with Aladdin movie dialogue,3,EQ9RFbIHrFw,0.1304
MiniLM,chebyshev,Learn English with Aladdin movie dialogue,4,YDTw1qL0wDw,0.1329
MiniLM,chebyshev,Learn English with Aladdin movie dialogue,5,OyNA4FA47do,0.1345
MiniLM,chebyshev,Learn English with Maleficent movie scene,1,wdh9y2TkIns,0.1164
MiniLM,chebyshev,Learn English with Maleficent movie scene,2,YR1n_jid024,0.118
MiniLM,chebyshev,Learn English with Maleficent movie scene,3,pKoH9GkEKxQ,0.1272
MiniLM,chebyshev,Learn English with Maleficent movie scene,4,ICVQ6wfZr3c,0.1301
MiniLM,chebyshev,Learn English with Maleficent movie scene,5,qSBNioIIQi4,0.1322
MiniLM,chebyshev,Learn English with Ice Age movie conversation,1,mNCS4_wqaPY,0.1283
MiniLM,chebyshev,Learn English with Ice Age movie conversation,2,lEuqXNfn90Y,0.1296
MiniLM,chebyshev,Learn English with Ice Age movie conversation,3,wqOlUOkiFbs,0.1325
MiniLM,chebyshev,Learn English with Ice Age movie conversation,4,UpQF2gdw5RY,0.1376
MiniLM,chebyshev,Learn English with Ice Age movie conversation,5,EccLlzUCF4w,0.1384
MiniLM,chebyshev,Learn English with Monsters Inc movie dialogue,1,_kafLt9bNyU,0.1212
MiniLM,chebyshev,Learn English with Monsters Inc movie dialogue,2,k9MTueetF38,0.1372
MiniLM,chebyshev,Learn English with Monsters Inc movie dialogue,3,vD5L1tciRvA,0.1406
MiniLM,chebyshev,Learn English with Monsters Inc movie dialogue,4,Sev_UnaqWmM,0.1417
MiniLM,chebyshev,Learn English with Monsters Inc movie dialogue,5,WU0W0S5ILHY,0.1422
MiniLM,chebyshev,Learn English with Shrek movie expressions,1,Sev_UnaqWmM,0.1154
MiniLM,chebyshev,Learn English with Shrek movie expressions,2,esG_czN6sOc,0.1211
MiniLM,chebyshev,Learn English with Shrek movie expressions,3,Bft__01hqsQ,0.1389
MiniLM,chebyshev,Learn English with Shrek movie expressions,4,fGNl7LPekwI,0.1434
MiniLM,chebyshev,Learn English with Shrek movie expressions,5,mNCS4_wqaPY,0.1436
MiniLM,chebyshev,Learn English with Disney movie conversations,1,SkViUbosnD4,0.1006
MiniLM,chebyshev,Learn English with Disney movie conversations,2,3xCQrnTYmzY,0.1073
MiniLM,chebyshev,Learn English with Disney movie conversations,3,67E6Dl6LaW4,0.1095
MiniLM,chebyshev,Learn English with Disney movie conversations,4,4Pu-xXFfkro,0.1114
MiniLM,chebyshev,Learn English with Disney movie conversations,5,EQ9RFbIHrFw,0.1201
MiniLM,chebyshev,Learn English with How I Met Your Mother dialogue,1,edvu5y-phhY,0.1323
MiniLM,chebyshev,Learn English with How I Met Your Mother dialogue,2,on4SqK6EKTo,0.1386
MiniLM,chebyshev,Learn English with How I Met Your Mother dialogue,3,wqOlUOkiFbs,0.1402
MiniLM,chebyshev,Learn English with How I Met Your Mother dialogue,4,fQwqes1cQ8E,0.1406
MiniLM,chebyshev,Learn English with How I Met Your Mother dialogue,5,g82BjCFBH-8,0.1432
MiniLM,chebyshev,Learn English with Friends TV series conversation,1,7Ck3q5GaF5M,0.1205
MiniLM,chebyshev,Learn English with Friends TV series conversation,2,OyNA4FA47do,0.1212
MiniLM,chebyshev,Learn English with Friends TV series conversation,3,wdh9y2TkIns,0.1222
MiniLM,chebyshev,Learn English with Friends TV series conversation,4,3W2gRl5UIDY,0.123
MiniLM,chebyshev,Learn English with Friends TV series conversation,5,KEWge76EHpA,0.1239
MiniLM,chebyshev,Learn English with rap songs pronunciation,1,soZc03vH_qQ,0.1155
MiniLM,chebyshev,Learn English with rap songs pronunciation,2,VAAOTyfO-Oo,0.1294
MiniLM,chebyshev,Learn English with rap songs pronunciation,3,u53Seni_i8U,0.1307
MiniLM,chebyshev,Learn English with rap songs pronunciation,4,fwrD70WeSzs,0.1308
MiniLM,chebyshev,Learn English with rap songs pronunciation,5,gj9SQk-rlkQ,0.1313
MiniLM,chebyshev,Learn English with Eminem lyrics pronunciation,1,HBVX1D1SerE,0.1347
MiniLM,chebyshev,Learn English with Eminem lyrics pronunciation,2,soZc03vH_qQ,0.1451
MiniLM,chebyshev,Learn English with Eminem lyrics pronunciation,3,MRD0pEWzT4c,0.1454
MiniLM,chebyshev,Learn English with Eminem lyrics pronunciation,4,rWZ48zPN6Po,0.1464
MiniLM,chebyshev,Learn English with Eminem lyrics pronunciation,5,XptIfkMNsRY,0.1484
MiniLM,chebyshev,Learn English with Queen song vocabulary,1,cpp22-kDtp0,0.127
MiniLM,chebyshev,Learn English with Queen song vocabulary,2,DiBxjkkGb5o,0.1278
MiniLM,chebyshev,Learn English with Queen song vocabulary,3,A_zhjxLLA08,0.1288
MiniLM,chebyshev,Learn English with Queen song vocabulary,4,E7mbFm3NAp0,0.1291
MiniLM,chebyshev,Learn English with Queen song vocabulary,5,Ql17ws1pmiQ,0.1342
MiniLM,chebyshev,Learn English with Ariana Grande song dialogue,1,ys0SYYPLVOg,0.1209
MiniLM,chebyshev,Learn English with Ariana Grande song dialogue,2,CYkM3zOmjUE,0.125
MiniLM,chebyshev,Learn English with Ariana Grande song dialogue,3,PsPB_mnGK8s,0.128
MiniLM,chebyshev,Learn English with Ariana Grande song dialogue,4,MKv55DyDk0Y,0.1284
MiniLM,chebyshev,Learn English with Ariana Grande song dialogue,5,xV-GT84xzE8,0.129
MiniLM,chebyshev,Learn English with Taylor Swift song expressions,1,bUpTiOgMJu4,0.1266
MiniLM,chebyshev,Learn English with Taylor Swift song expressions,2,lz_gewAzBm8,0.1346
MiniLM,chebyshev,Learn English with Taylor Swift song expressions,3,soZc03vH_qQ,0.136
MiniLM,chebyshev,Learn English with Taylor Swift song expressions,4,BrWkotDAvfg,0.1374
MiniLM,chebyshev,Learn English with Taylor Swift song expressions,5,u53Seni_i8U,0.1405
MiniLM,chebyshev,Learn English with Billie Eilish song pronunciation,1,2EhiOgkklY0,0.1214
MiniLM,chebyshev,Learn English with Billie Eilish song pronunciation,2,VAAOTyfO-Oo,0.138
MiniLM,chebyshev,Learn English with Billie Eilish song pronunciation,3,ys0SYYPLVOg,0.1406
MiniLM,chebyshev,Learn English with Billie Eilish song pronunciation,4,3lPiU3QDpxk,0.1432
MiniLM,chebyshev,Learn English with Billie Eilish song pronunciation,5,3W2gRl5UIDY,0.1454
MiniLM,chebyshev,Learn English with Michael Jackson song lyrics,1,MRD0pEWzT4c,0.1442
MiniLM,chebyshev,Learn English with Michael Jackson song lyrics,2,g82BjCFBH-8,0.1461
MiniLM,chebyshev,Learn English with Michael Jackson song lyrics,3,SkViUbosnD4,0.1467
MiniLM,chebyshev,Learn English with Michael Jackson song lyrics,4,PzDpWDp-EqY,0.1495
MiniLM,chebyshev,Learn English with Michael Jackson song lyrics,5,xV-GT84xzE8,0.1501
MiniLM,chebyshev,Learn English with Jonas Brothers song dialogue,1,fwrD70WeSzs,0.1395
MiniLM,chebyshev,Learn English with Jonas Brothers song dialogue,2,Bkp2tArah3o,0.1426
MiniLM,chebyshev,Learn English with Jonas Brothers song dialogue,3,19iestleXXc,0.1454
MiniLM,chebyshev,Learn English with Jonas Brothers song dialogue,4,lEuqXNfn90Y,0.1477
MiniLM,chebyshev,Learn English with Jonas Brothers song dialogue,5,PzDpWDp-EqY,0.1485
MiniLM,chebyshev,Learn English with Lady Gaga song vocabulary,1,A_zhjxLLA08,0.1173
MiniLM,chebyshev,Learn English with Lady Gaga song vocabulary,2,2MlWEVKMD_M,0.1187
MiniLM,chebyshev,Learn English with Lady Gaga song vocabulary,3,YZZpyxcspyE,0.124
MiniLM,chebyshev,Learn English with Lady Gaga song vocabulary,4,3lPiU3QDpxk,0.1288
MiniLM,chebyshev,Learn English with Lady Gaga song vocabulary,5,rWZ48zPN6Po,0.1315
MiniLM,chebyshev,Learn English with Bob Marley song expressions,1,Ejb9b0veUPA,0.1468
MiniLM,chebyshev,Learn English with Bob Marley song expressions,2,6Oy5_C2Pfiw,0.1483
MiniLM,chebyshev,Learn English with Bob Marley song expressions,3,sNyls5jrgvw,0.1484
MiniLM,chebyshev,Learn English with Bob Marley song expressions,4,KEWge76EHpA,0.152
MiniLM,chebyshev,Learn English with Bob Marley song expressions,5,Sev_UnaqWmM,0.154
MiniLM,chebyshev,Understand fast English without subtitles,1,s3p2EoAzhtE,0.1233
MiniLM,chebyshev,Understand fast English without subtitles,2,xV-GT84xzE8,0.1238
MiniLM,chebyshev,Understand fast English without subtitles,3,lhugwz26kUc,0.1261
MiniLM,chebyshev,Understand fast English without subtitles,4,fEJ_zsL-17k,0.127
MiniLM,chebyshev,Understand fast English without subtitles,5,ufCndfbsfpw,0.1287
MiniLM,chebyshev,How to understand movies without subtitles,1,s3p2EoAzhtE,0.113
MiniLM,chebyshev,How to understand movies without subtitles,2,lhugwz26kUc,0.1317
MiniLM,chebyshev,How to understand movies without subtitles,3,mNCS4_wqaPY,0.1323
MiniLM,chebyshev,How to understand movies without subtitles,4,tCrpvHJ52T0,0.1325
MiniLM,chebyshev,How to understand movies without subtitles,5,ys0SYYPLVOg,0.1341
MiniLM,chebyshev,How to learn English with Netflix shows,1,xsUEm_faz_w,0.1068
MiniLM,chebyshev,How to learn English with Netflix shows,2,uW-I9SFuU1A,0.1187
MiniLM,chebyshev,How to learn English with Netflix shows,3,wdh9y2TkIns,0.1188
MiniLM,chebyshev,How to learn English with Netflix shows,4,RQuL3lsuarQ,0.121
MiniLM,chebyshev,How to learn English with Netflix shows,5,4rX4sH8PMFc,0.1226
MiniLM,chebyshev,How to improve English listening with TV series,1,VZJaXyjs9RI,0.1005
MiniLM,chebyshev,How to improve English listening with TV series,2,lhugwz26kUc,0.1223
MiniLM,chebyshev,How to improve English listening with TV series,3,FZoeUNG_x4I,0.1276
MiniLM,chebyshev,How to improve English listening with TV series,4,T-FXi4Buqps,0.1278
MiniLM,chebyshev,How to improve English listening with TV series,5,-hWE1DbQ43s,0.1281
MiniLM,chebyshev,How to learn English with movie scenes,1,Xmgohhgb3pA,0.1049
MiniLM,chebyshev,How to learn English with movie scenes,2,RQuL3lsuarQ,0.1125
MiniLM,chebyshev,How to learn English with movie scenes,3,tdn81jlykww,0.1125
MiniLM,chebyshev,How to learn English with movie scenes,4,QaP6nhNyHb0,0.1131
MiniLM,chebyshev,How to learn English with movie scenes,5,fRseMUZ2NOM,0.1135
MiniLM,chebyshev,How to understand fast native English speech,1,xV-GT84xzE8,0.1192
MiniLM,chebyshev,How to understand fast native English speech,2,F23Bm4FrwJI,0.1197
MiniLM,chebyshev,How to understand fast native English speech,3,MtTDYMhU-qA,0.126
MiniLM,chebyshev,How to understand fast native English speech,4,r97i8J7U6XI,0.1269
MiniLM,chebyshev,How to understand fast native English speech,5,Q5wMunSQHK4,0.132
MiniLM,chebyshev,How to learn English with TV show dialogue,1,OyNA4FA47do,0.1158
MiniLM,chebyshev,How to learn English with TV show dialogue,2,FZoeUNG_x4I,0.1159
MiniLM,chebyshev,How to learn English with TV show dialogue,3,mxG8Ls1SQz8,0.1233
MiniLM,chebyshev,How to learn English with TV show dialogue,4,RQuL3lsuarQ,0.1238
MiniLM,chebyshev,How to learn English with TV show dialogue,5,T-FXi4Buqps,0.1245
MiniLM,chebyshev,How to practice English listening with movies,1,dcCn9a8TC_I,0.1145
MiniLM,chebyshev,How to practice English listening with movies,2,SkViUbosnD4,0.1146
MiniLM,chebyshev,How to practice English listening with movies,3,wdh9y2TkIns,0.1152
MiniLM,chebyshev,How to practice English listening with movies,4,F23Bm4FrwJI,0.1253
MiniLM,chebyshev,How to practice English listening with movies,5,3GCmsMI5iAY,0.1254
MiniLM,chebyshev,How to learn real English expressions from movies,1,Q5wMunSQHK4,0.1197
MiniLM,chebyshev,How to learn real English expressions from movies,2,IjEax-B7lrg,0.1242
MiniLM,chebyshev,How to learn real English expressions from movies,3,pKoH9GkEKxQ,0.1256
MiniLM,chebyshev,How to learn real English expressions from movies,4,RjNka8csfYU,0.1265
MiniLM,chebyshev,How to learn real English expressions from movies,5,V1mhdFpsYFA,0.1284
MiniLM,chebyshev,How to understand jokes in English TV shows,1,T-FXi4Buqps,0.1268
MiniLM,chebyshev,How to understand jokes in English TV shows,2,RQuL3lsuarQ,0.1283
MiniLM,chebyshev,How to understand jokes in English TV shows,3,K7n_D9FbD2k,0.1316
MiniLM,chebyshev,How to understand jokes in English TV shows,4,jslJbssyfUQ,0.1357
MiniLM,chebyshev,How to understand jokes in English TV shows,5,xV-GT84xzE8,0.136
MiniLM,chebyshev,Real English expressions used by native speakers,1,a79pawTkIx8,0.1455
MiniLM,chebyshev,Real English expressions used by native speakers,2,IJoJKkqJgac,0.1463
MiniLM,chebyshev,Real English expressions used by native speakers,3,on4SqK6EKTo,0.147
MiniLM,chebyshev,Real English expressions used by native speakers,4,pz3xKZiVYXs,0.1488
MiniLM,chebyshev,Real English expressions used by native speakers,5,FZY1phel0UI,0.1491
MiniLM,chebyshev,Common phrases used in American TV series,1,a79pawTkIx8,0.1425
MiniLM,chebyshev,Common phrases used in American TV series,2,r1WUFIK-96M,0.1512
MiniLM,chebyshev,Common phrases used in American TV series,3,NDhPifXoBYI,0.1516
MiniLM,chebyshev,Common phrases used in American TV series,4,DB3-s5oJFo8,0.1538
MiniLM,chebyshev,Common phrases used in American TV series,5,dIbLuZo5QzM,0.158
MiniLM,chebyshev,English slang used in movie dialogues,1,RY66aJXDg50,0.1516
MiniLM,chebyshev,English slang used in movie dialogues,2,fpbdQBcuJ_E,0.1584
MiniLM,chebyshev,English slang used in movie dialogues,3,ICVQ6wfZr3c,0.1613
MiniLM,chebyshev,English slang used in movie dialogues,4,oGjowST6d20,0.1634
MiniLM,chebyshev,English slang used in movie dialogues,5,-0g8d2A-nYA,0.1637
MiniLM,chebyshev,Daily English expressions used by natives,1,Sev_UnaqWmM,0.15
MiniLM,chebyshev,Daily English expressions used by natives,2,oJDLlWL79I8,0.1594
MiniLM,chebyshev,Daily English expressions used by natives,3,atySD7QuIqI,0.1625
MiniLM,chebyshev,Daily English expressions used by natives,4,fO4hWM0qi9A,0.1634
MiniLM,chebyshev,Daily English expressions used by natives,5,Ni4-She1uIQ,0.1635
MiniLM,chebyshev,Natural English pronunciation in movies,1,wdh9y2TkIns,0.1285
MiniLM,chebyshev,Natural English pronunciation in movies,2,67E6Dl6LaW4,0.1335
MiniLM,chebyshev,Natural English pronunciation in movies,3,edvu5y-phhY,0.1367
MiniLM,chebyshev,Natural English pronunciation in movies,4,_kafLt9bNyU,0.1379
MiniLM,chebyshev,Natural English pronunciation in movies,5,Nb7KuhBVCH8,0.139
MiniLM,chebyshev,Connected speech examples in movie dialogue,1,SAY6Mptrj5s,0.1509
MiniLM,chebyshev,Connected speech examples in movie dialogue,2,wOx50owZLyA,0.1553
MiniLM,chebyshev,Connected speech examples in movie dialogue,3,Kei3J9R3p8s,0.1584
MiniLM,chebyshev,Connected speech examples in movie dialogue,4,EQ9RFbIHrFw,0.1644
MiniLM,chebyshev,Connected speech examples in movie dialogue,5,lEuqXNfn90Y,0.1703
MiniLM,chebyshev,Reduced speech in native English conversation,1,RHOGowO5i2A,0.1473
MiniLM,chebyshev,Reduced speech in native English conversation,2,sNyls5jrgvw,0.1484
MiniLM,chebyshev,Reduced speech in native English conversation,3,ipwj4ZAq9BU,0.1507
MiniLM,chebyshev,Reduced speech in native English conversation,4,OCp43nUf0yQ,0.151
MiniLM,chebyshev,Reduced speech in native English conversation,5,YDTw1qL0wDw,0.152
MiniLM,chebyshev,Shadowing technique with TV series dialogue,1,JteHl9PQEIU,0.1602
MiniLM,chebyshev,Shadowing technique with TV series dialogue,2,K7n_D9FbD2k,0.1644
MiniLM,chebyshev,Shadowing technique with TV series dialogue,3,JDYksdXAOOU,0.1658
MiniLM,chebyshev,Shadowing technique with TV series dialogue,4,ErjErx3zFD8,0.1661
MiniLM,chebyshev,Shadowing technique with TV series dialogue,5,Xz4q93l6uvQ,0.1685
MiniLM,chebyshev,English listening practice with TV show scenes,1,Ih7MQa5-yTs,0.1402
MiniLM,chebyshev,English listening practice with TV show scenes,2,apI6j_LQYAA,0.1482
MiniLM,chebyshev,English listening practice with TV show scenes,3,Vcum4dzafOE,0.1485
MiniLM,chebyshev,English listening practice with TV show scenes,4,OCp43nUf0yQ,0.1495
MiniLM,chebyshev,English listening practice with TV show scenes,5,ICVQ6wfZr3c,0.15
MiniLM,chebyshev,English pronunciation practice with movie dialogue,1,edvu5y-phhY,0.1268
MiniLM,chebyshev,English pronunciation practice with movie dialogue,2,PL7niJMDu5w,0.1303
MiniLM,chebyshev,English pronunciation practice with movie dialogue,3,67E6Dl6LaW4,0.131
MiniLM,chebyshev,English pronunciation practice with movie dialogue,4,pKoH9GkEKxQ,0.1312
MiniLM,chebyshev,English pronunciation practice with movie dialogue,5,_WTEzSLs3LU,0.1333
MiniLM,chebyshev,Best TV series to learn English fast,1,fRseMUZ2NOM,0.11
MiniLM,chebyshev,Best TV series to learn English fast,2,2li3fhbUnXI,0.1226
MiniLM,chebyshev,Best TV series to learn English fast,3,FZXyYuiyq2I,0.1264
MiniLM,chebyshev,Best TV series to learn English fast,4,3GCmsMI5iAY,0.1275
MiniLM,chebyshev,Best TV series to learn English fast,5,d6Z7PqZMnnk,0.1276
MiniLM,chebyshev,Best movies to learn English listening,1,fRseMUZ2NOM,0.1202
MiniLM,chebyshev,Best movies to learn English listening,2,wdh9y2TkIns,0.1274
MiniLM,chebyshev,Best movies to learn English listening,3,Bft__01hqsQ,0.1348
MiniLM,chebyshev,Best movies to learn English listening,4,RjQJRRU8ZFU,0.1366
MiniLM,chebyshev,Best movies to learn English listening,5,3W2gRl5UIDY,0.137
MiniLM,chebyshev,How to train your ear with English movies,1,RQuL3lsuarQ,0.1264
MiniLM,chebyshev,How to train your ear with English movies,2,3GCmsMI5iAY,0.1268
MiniLM,chebyshev,How to train your ear with English movies,3,3xCQrnTYmzY,0.127
MiniLM,chebyshev,How to train your ear with English movies,4,edvu5y-phhY,0.1298
MiniLM,chebyshev,How to train your ear with English movies,5,67E6Dl6LaW4,0.1303
MiniLM,chebyshev,How to improve speaking using TV shows,1,Vcum4dzafOE,0.1333
MiniLM,chebyshev,How to improve speaking using TV shows,2,srFHh4UiO7U,0.1441
MiniLM,chebyshev,How to improve speaking using TV shows,3,qSBNioIIQi4,0.1458
MiniLM,chebyshev,How to improve speaking using TV shows,4,tCrpvHJ52T0,0.1486
MiniLM,chebyshev,How to improve speaking using TV shows,5,KEWge76EHpA,0.15
MiniLM,chebyshev,How to learn vocabulary from movie scenes,1,PL7niJMDu5w,0.1256
MiniLM,chebyshev,How to learn vocabulary from movie scenes,2,fRseMUZ2NOM,0.1299
MiniLM,chebyshev,How to learn vocabulary from movie scenes,3,Dp1I_iFRRVA,0.1302
MiniLM,chebyshev,How to learn vocabulary from movie scenes,4,edvu5y-phhY,0.1306
MiniLM,chebyshev,How to learn vocabulary from movie scenes,5,4rX4sH8PMFc,0.1346
MiniLM,chebyshev,How to sound like a native English speaker,1,srFHh4UiO7U,0.1294
MiniLM,chebyshev,How to sound like a native English speaker,2,g82BjCFBH-8,0.1305
MiniLM,chebyshev,How to sound like a native English speaker,3,lEuqXNfn90Y,0.1316
MiniLM,chebyshev,How to sound like a native English speaker,4,k9MTueetF38,0.1331
MiniLM,chebyshev,How to sound like a native English speaker,5,1puk6bREVMI,0.1333
MiniLM,chebyshev,English conversation practice with movie clips,1,pKoH9GkEKxQ,0.1253
MiniLM,chebyshev,English conversation practice with movie clips,2,Xz4q93l6uvQ,0.1298
MiniLM,chebyshev,English conversation practice with movie clips,3,k9MTueetF38,0.13
MiniLM,chebyshev,English conversation practice with movie clips,4,WU0W0S5ILHY,0.1311
MiniLM,chebyshev,English conversation practice with movie clips,5,SkViUbosnD4,0.1311
MiniLM,chebyshev,Advanced English listening with TV series,1,VZJaXyjs9RI,0.1275
MiniLM,chebyshev,Advanced English listening with TV series,2,ys0SYYPLVOg,0.1299
MiniLM,chebyshev,Advanced English listening with TV series,3,mxG8Ls1SQz8,0.1304
MiniLM,chebyshev,Advanced English listening with TV series,4,d3M3dMst2jw,0.134
MiniLM,chebyshev,Advanced English listening with TV series,5,KEWge76EHpA,0.1343
MiniLM,chebyshev,Real life English conversation from movies,1,fpbdQBcuJ_E,0.1353
MiniLM,chebyshev,Real life English conversation from movies,2,DB3-s5oJFo8,0.1358
MiniLM,chebyshev,Real life English conversation from movies,3,mxG8Ls1SQz8,0.1363
MiniLM,chebyshev,Real life English conversation from movies,4,K7n_D9FbD2k,0.1367
MiniLM,chebyshev,Real life English conversation from movies,5,rIRuoQMrCdg,0.1387
MiniLM,chebyshev,English fluency practice with TV series scenes,1,OCp43nUf0yQ,0.1242
MiniLM,chebyshev,English fluency practice with TV series scenes,2,_DC0U8vnxm4,0.1278
MiniLM,chebyshev,English fluency practice with TV series scenes,3,JDYksdXAOOU,0.1364
MiniLM,chebyshev,English fluency practice with TV series scenes,4,K7n_D9FbD2k,0.1404
MiniLM,chebyshev,English fluency practice with TV series scenes,5,lhugwz26kUc,0.1428
MPNet,cosine,Learn English with The Devil Wears Prada scene,1,aRbaIHNttv4,0.7117
MPNet,cosine,Learn English with The Devil Wears Prada scene,2,OuTtIzGhUDY,0.7107
MPNet,cosine,Learn English with The Devil Wears Prada scene,3,edvu5y-phhY,0.6112
MPNet,cosine,Learn English with The Devil Wears Prada scene,4,tdn81jlykww,0.5849
MPNet,cosine,Learn English with The Devil Wears Prada scene,5,Cd2pxyKaKUM,0.58
MPNet,cosine,Learn English with SpongeBob SquarePants dialogue,1,JxWEAP0aAJQ,0.8099
MPNet,cosine,Learn English with SpongeBob SquarePants dialogue,2,NDhPifXoBYI,0.7186
MPNet,cosine,Learn English with SpongeBob SquarePants dialogue,3,KEWge76EHpA,0.6597
MPNet,cosine,Learn English with SpongeBob SquarePants dialogue,4,8cjTEJseLUk,0.6508
MPNet,cosine,Learn English with SpongeBob SquarePants dialogue,5,YDTw1qL0wDw,0.6367
MPNet,cosine,Learn English with The Simpsons episode conversation,1,KEWge76EHpA,0.6517
MPNet,cosine,Learn English with The Simpsons episode conversation,2,A8h35t_VYQA,0.6494
MPNet,cosine,Learn English with The Simpsons episode conversation,3,xV-GT84xzE8,0.6347
MPNet,cosine,Learn English with The Simpsons episode conversation,4,apI6j_LQYAA,0.6292
MPNet,cosine,Learn English with The Simpsons episode conversation,5,HLBxx-rejmE,0.6274
MPNet,cosine,Learn English with Peaky Blinders speaking style,1,2li3fhbUnXI,0.6601
MPNet,cosine,Learn English with Peaky Blinders speaking style,2,1puk6bREVMI,0.6408
MPNet,cosine,Learn English with Peaky Blinders speaking style,3,y8RrDy0v8zs,0.6378
MPNet,cosine,Learn English with Peaky Blinders speaking style,4,KEWge76EHpA,0.6241
MPNet,cosine,Learn English with Peaky Blinders speaking style,5,uW-I9SFuU1A,0.6228
MPNet,cosine,Learn English with Jennifer Aniston interview,1,dsN6FiF9ncI,0.7295
MPNet,cosine,Learn English with Jennifer Aniston interview,2,381NyVSorHo,0.7001
MPNet,cosine,Learn English with Jennifer Aniston interview,3,5fBrINGT0Dg,0.6861
MPNet,cosine,Learn English with Jennifer Aniston interview,4,wdh9y2TkIns,0.6029
MPNet,cosine,Learn English with Jennifer Aniston interview,5,qSBNioIIQi4,0.5972
MPNet,cosine,Learn English with Zootopia movie dialogue,1,aU58RGC4IKw,0.7156
MPNet,cosine,Learn English with Zootopia movie dialogue,2,QMxTi2D66pY,0.6882
MPNet,cosine,Learn English with Zootopia movie dialogue,3,4Pu-xXFfkro,0.6849
MPNet,cosine,Learn English with Zootopia movie dialogue,4,LPA52CoT44w,0.6807
MPNet,cosine,Learn English with Zootopia movie dialogue,5,fRseMUZ2NOM,0.6795
MPNet,cosine,Learn English with The Lion King movie scene,1,HgB2UHli0fU,0.7801
MPNet,cosine,Learn English with The Lion King movie scene,2,IIhWbZk2B3o,0.7435
MPNet,cosine,Learn English with The Lion King movie scene,3,cj0_XhE_qxE,0.7161
MPNet,cosine,Learn English with The Lion King movie scene,4,4Pu-xXFfkro,0.6744
MPNet,cosine,Learn English with The Lion King movie scene,5,67E6Dl6LaW4,0.6623
MPNet,cosine,Learn English with Pirates of the Caribbean dialogue,1,UUAENx1NANg,0.8442
MPNet,cosine,Learn English with Pirates of the Caribbean dialogue,2,iuQsu4HOlrA,0.7691
MPNet,cosine,Learn English with Pirates of the Caribbean dialogue,3,ICVQ6wfZr3c,0.72
MPNet,cosine,Learn English with Pirates of the Caribbean dialogue,4,wqOlUOkiFbs,0.6779
MPNet,cosine,Learn English with Pirates of the Caribbean dialogue,5,cj0_XhE_qxE,0.6675
MPNet,cosine,Learn English with Beauty and the Beast conversation,1,aTYNX1pjwwk,0.7252
MPNet,cosine,Learn English with Beauty and the Beast conversation,2,1jdjbt8W3es,0.6337
MPNet,cosine,Learn English with Beauty and the Beast conversation,3,RjQJRRU8ZFU,0.6334
MPNet,cosine,Learn English with Beauty and the Beast conversation,4,WU0W0S5ILHY,0.6207
MPNet,cosine,Learn English with Beauty and the Beast conversation,5,RjNka8csfYU,0.6076
MPNet,cosine,Learn English with Frozen movie scene,1,PL7niJMDu5w,0.8042
MPNet,cosine,Learn English with Frozen movie scene,2,RjNka8csfYU,0.7415
MPNet,cosine,Learn English with Frozen movie scene,3,fRseMUZ2NOM,0.6636
MPNet,cosine,Learn English with Frozen movie scene,4,4Pu-xXFfkro,0.6583
MPNet,cosine,Learn English with Frozen movie scene,5,LPA52CoT44w,0.6494
MPNet,cosine,Learn English with Toy Story movie dialogue,1,YDTw1qL0wDw,0.7137
MPNet,cosine,Learn English with Toy Story movie dialogue,2,IYsurU_B4Qo,0.6959
MPNet,cosine,Learn English with Toy Story movie dialogue,3,4Pu-xXFfkro,0.6925
MPNet,cosine,Learn English with Toy Story movie dialogue,4,LPA52CoT44w,0.688
MPNet,cosine,Learn English with Toy Story movie dialogue,5,QMxTi2D66pY,0.6819
MPNet,cosine,Learn English with Finding Nemo conversation,1,TswCNV6meYM,0.758
MPNet,cosine,Learn English with Finding Nemo conversation,2,RjNka8csfYU,0.705
MPNet,cosine,Learn English with Finding Nemo conversation,3,8cjTEJseLUk,0.6614
MPNet,cosine,Learn English with Finding Nemo conversation,4,fRseMUZ2NOM,0.66
MPNet,cosine,Learn English with Finding Nemo conversation,5,UUAENx1NANg,0.6521
MPNet,cosine,Learn English with Aladdin movie dialogue,1,cj0_XhE_qxE,0.6705
MPNet,cosine,Learn English with Aladdin movie dialogue,2,67E6Dl6LaW4,0.6649
MPNet,cosine,Learn English with Aladdin movie dialogue,3,4Pu-xXFfkro,0.658
MPNet,cosine,Learn English with Aladdin movie dialogue,4,fRseMUZ2NOM,0.6503
MPNet,cosine,Learn English with Aladdin movie dialogue,5,2MlWEVKMD_M,0.6388
MPNet,cosine,Learn English with Maleficent movie scene,1,67E6Dl6LaW4,0.685
MPNet,cosine,Learn English with Maleficent movie scene,2,cj0_XhE_qxE,0.679
MPNet,cosine,Learn English with Maleficent movie scene,3,4Pu-xXFfkro,0.6741
MPNet,cosine,Learn English with Maleficent movie scene,4,aTYNX1pjwwk,0.6731
MPNet,cosine,Learn English with Maleficent movie scene,5,9GpGky10yOE,0.6567
MPNet,cosine,Learn English with Ice Age movie conversation,1,RjNka8csfYU,0.8002
MPNet,cosine,Learn English with Ice Age movie conversation,2,PL7niJMDu5w,0.6907
MPNet,cosine,Learn English with Ice Age movie conversation,3,QMxTi2D66pY,0.6902
MPNet,cosine,Learn English with Ice Age movie conversation,4,fRseMUZ2NOM,0.6661
MPNet,cosine,Learn English with Ice Age movie conversation,5,Md41MGtwjfo,0.6509
MPNet,cosine,Learn English with Monsters Inc movie dialogue,1,_kafLt9bNyU,0.686
MPNet,cosine,Learn English with Monsters Inc movie dialogue,2,fRseMUZ2NOM,0.6763
MPNet,cosine,Learn English with Monsters Inc movie dialogue,3,cj0_XhE_qxE,0.6643
MPNet,cosine,Learn English with Monsters Inc movie dialogue,4,4Pu-xXFfkro,0.6624
MPNet,cosine,Learn English with Monsters Inc movie dialogue,5,YDTw1qL0wDw,0.6529
MPNet,cosine,Learn English with Shrek movie expressions,1,Sev_UnaqWmM,0.7751
MPNet,cosine,Learn English with Shrek movie expressions,2,YDTw1qL0wDw,0.6712
MPNet,cosine,Learn English with Shrek movie expressions,3,PL7niJMDu5w,0.6485
MPNet,cosine,Learn English with Shrek movie expressions,4,Ql17ws1pmiQ,0.6439
MPNet,cosine,Learn English with Shrek movie expressions,5,QMxTi2D66pY,0.6426
MPNet,cosine,Learn English with Disney movie conversations,1,SkViUbosnD4,0.7659
MPNet,cosine,Learn English with Disney movie conversations,2,YDTw1qL0wDw,0.7633
MPNet,cosine,Learn English with Disney movie conversations,3,4Pu-xXFfkro,0.7457
MPNet,cosine,Learn English with Disney movie conversations,4,LPA52CoT44w,0.7348
MPNet,cosine,Learn English with Disney movie conversations,5,67E6Dl6LaW4,0.7314
MPNet,cosine,Learn English with How I Met Your Mother dialogue,1,HLBxx-rejmE,0.7487
MPNet,cosine,Learn English with How I Met Your Mother dialogue,2,KEWge76EHpA,0.6469
MPNet,cosine,Learn English with How I Met Your Mother dialogue,3,edvu5y-phhY,0.6329
MPNet,cosine,Learn English with How I Met Your Mother dialogue,4,xV-GT84xzE8,0.627
MPNet,cosine,Learn English with How I Met Your Mother dialogue,5,RQuL3lsuarQ,0.626
MPNet,cosine,Learn English with Friends TV series conversation,1,RQuL3lsuarQ,0.7172
MPNet,cosine,Learn English with Friends TV series conversation,2,HLBxx-rejmE,0.6859
MPNet,cosine,Learn English with Friends TV series conversation,3,KEWge76EHpA,0.6786
MPNet,cosine,Learn English with Friends TV series conversation,4,RjNka8csfYU,0.6742
MPNet,cosine,Learn English with Friends TV series conversation,5,xsUEm_faz_w,0.6703
MPNet,cosine,Learn English with rap songs pronunciation,1,soZc03vH_qQ,0.7629
MPNet,cosine,Learn English with rap songs pronunciation,2,gj9SQk-rlkQ,0.7089
MPNet,cosine,Learn English with rap songs pronunciation,3,u53Seni_i8U,0.5981
MPNet,cosine,Learn English with rap songs pronunciation,4,A_zhjxLLA08,0.5672
MPNet,cosine,Learn English with rap songs pronunciation,5,g82BjCFBH-8,0.5117
MPNet,cosine,Learn English with Eminem lyrics pronunciation,1,soZc03vH_qQ,0.7826
MPNet,cosine,Learn English with Eminem lyrics pronunciation,2,gj9SQk-rlkQ,0.7657
MPNet,cosine,Learn English with Eminem lyrics pronunciation,3,u53Seni_i8U,0.5985
MPNet,cosine,Learn English with Eminem lyrics pronunciation,4,A_zhjxLLA08,0.5611
MPNet,cosine,Learn English with Eminem lyrics pronunciation,5,HBVX1D1SerE,0.5599
MPNet,cosine,Learn English with Queen song vocabulary,1,A_zhjxLLA08,0.6003
MPNet,cosine,Learn English with Queen song vocabulary,2,ys0SYYPLVOg,0.5692
MPNet,cosine,Learn English with Queen song vocabulary,3,2EhiOgkklY0,0.566
MPNet,cosine,Learn English with Queen song vocabulary,4,fwrD70WeSzs,0.5649
MPNet,cosine,Learn English with Queen song vocabulary,5,E7mbFm3NAp0,0.5614
MPNet,cosine,Learn English with Ariana Grande song dialogue,1,CYkM3zOmjUE,0.7928
MPNet,cosine,Learn English with Ariana Grande song dialogue,2,VAAOTyfO-Oo,0.748
MPNet,cosine,Learn English with Ariana Grande song dialogue,3,A_zhjxLLA08,0.7347
MPNet,cosine,Learn English with Ariana Grande song dialogue,4,bUpTiOgMJu4,0.6791
MPNet,cosine,Learn English with Ariana Grande song dialogue,5,ys0SYYPLVOg,0.6779
MPNet,cosine,Learn English with Taylor Swift song expressions,1,bUpTiOgMJu4,0.7455
MPNet,cosine,Learn English with Taylor Swift song expressions,2,A_zhjxLLA08,0.6708
MPNet,cosine,Learn English with Taylor Swift song expressions,3,sn4eOnRyJVg,0.6498
MPNet,cosine,Learn English with Taylor Swift song expressions,4,CYkM3zOmjUE,0.6383
MPNet,cosine,Learn English with Taylor Swift song expressions,5,ys0SYYPLVOg,0.6246
MPNet,cosine,Learn English with Billie Eilish song pronunciation,1,2EhiOgkklY0,0.6776
MPNet,cosine,Learn English with Billie Eilish song pronunciation,2,u53Seni_i8U,0.5887
MPNet,cosine,Learn English with Billie Eilish song pronunciation,3,atySD7QuIqI,0.5505
MPNet,cosine,Learn English with Billie Eilish song pronunciation,4,1puk6bREVMI,0.5468
MPNet,cosine,Learn English with Billie Eilish song pronunciation,5,A_zhjxLLA08,0.5462
MPNet,cosine,Learn English with Michael Jackson song lyrics,1,soZc03vH_qQ,0.6522
MPNet,cosine,Learn English with Michael Jackson song lyrics,2,gj9SQk-rlkQ,0.6155
MPNet,cosine,Learn English with Michael Jackson song lyrics,3,u53Seni_i8U,0.6073
MPNet,cosine,Learn English with Michael Jackson song lyrics,4,A_zhjxLLA08,0.5859
MPNet,cosine,Learn English with Michael Jackson song lyrics,5,CflETAu1f4I,0.578
MPNet,cosine,Learn English with Jonas Brothers song dialogue,1,u53Seni_i8U,0.6685
MPNet,cosine,Learn English with Jonas Brothers song dialogue,2,bUpTiOgMJu4,0.6251
MPNet,cosine,Learn English with Jonas Brothers song dialogue,3,g82BjCFBH-8,0.6132
MPNet,cosine,Learn English with Jonas Brothers song dialogue,4,PL7niJMDu5w,0.6118
MPNet,cosine,Learn English with Jonas Brothers song dialogue,5,ufCndfbsfpw,0.6033
MPNet,cosine,Learn English with Lady Gaga song vocabulary,1,VAAOTyfO-Oo,0.6956
MPNet,cosine,Learn English with Lady Gaga song vocabulary,2,A_zhjxLLA08,0.6484
MPNet,cosine,Learn English with Lady Gaga song vocabulary,3,ys0SYYPLVOg,0.5928
MPNet,cosine,Learn English with Lady Gaga song vocabulary,4,3GCmsMI5iAY,0.5646
MPNet,cosine,Learn English with Lady Gaga song vocabulary,5,bUpTiOgMJu4,0.5604
MPNet,cosine,Learn English with Bob Marley song expressions,1,2VW4jNOVwtA,0.6055
MPNet,cosine,Learn English with Bob Marley song expressions,2,soZc03vH_qQ,0.59
MPNet,cosine,Learn English with Bob Marley song expressions,3,fwrD70WeSzs,0.5826
MPNet,cosine,Learn English with Bob Marley song expressions,4,A_zhjxLLA08,0.5796
MPNet,cosine,Learn English with Bob Marley song expressions,5,J135Qy4TVfQ,0.5606
MPNet,cosine,Understand fast English without subtitles,1,lhugwz26kUc,0.6974
MPNet,cosine,Understand fast English without subtitles,2,T-FXi4Buqps,0.6401
MPNet,cosine,Understand fast English without subtitles,3,s3p2EoAzhtE,0.6087
MPNet,cosine,Understand fast English without subtitles,4,ufCndfbsfpw,0.5818
MPNet,cosine,Understand fast English without subtitles,5,OyNA4FA47do,0.5743
MPNet,cosine,How to understand movies without subtitles,1,lhugwz26kUc,0.7292
MPNet,cosine,How to understand movies without subtitles,2,s3p2EoAzhtE,0.6848
MPNet,cosine,How to understand movies without subtitles,3,T-FXi4Buqps,0.6331
MPNet,cosine,How to understand movies without subtitles,4,OyNA4FA47do,0.5277
MPNet,cosine,How to understand movies without subtitles,5,Xz4q93l6uvQ,0.5088
MPNet,cosine,How to learn English with Netflix shows,1,xsUEm_faz_w,0.6616
MPNet,cosine,How to learn English with Netflix shows,2,y8RrDy0v8zs,0.6461
MPNet,cosine,How to learn English with Netflix shows,3,lhugwz26kUc,0.6231
MPNet,cosine,How to learn English with Netflix shows,4,fRseMUZ2NOM,0.6158
MPNet,cosine,How to learn English with Netflix shows,5,RQuL3lsuarQ,0.6077
MPNet,cosine,How to improve English listening with TV series,1,lhugwz26kUc,0.6628
MPNet,cosine,How to improve English listening with TV series,2,KEWge76EHpA,0.6554
MPNet,cosine,How to improve English listening with TV series,3,fRseMUZ2NOM,0.6486
MPNet,cosine,How to improve English listening with TV series,4,1puk6bREVMI,0.6454
MPNet,cosine,How to improve English listening with TV series,5,y8RrDy0v8zs,0.6429
MPNet,cosine,How to learn English with movie scenes,1,lhugwz26kUc,0.7332
MPNet,cosine,How to learn English with movie scenes,2,fRseMUZ2NOM,0.6987
MPNet,cosine,How to learn English with movie scenes,3,edvu5y-phhY,0.6525
MPNet,cosine,How to learn English with movie scenes,4,OyNA4FA47do,0.6448
MPNet,cosine,How to learn English with movie scenes,5,k9MTueetF38,0.6233
MPNet,cosine,How to understand fast native English speech,1,Vcum4dzafOE,0.6775
MPNet,cosine,How to understand fast native English speech,2,rp11KpaLA9A,0.6641
MPNet,cosine,How to understand fast native English speech,3,KEWge76EHpA,0.6373
MPNet,cosine,How to understand fast native English speech,4,F23Bm4FrwJI,0.6335
MPNet,cosine,How to understand fast native English speech,5,lhugwz26kUc,0.6312
MPNet,cosine,How to learn English with TV show dialogue,1,lhugwz26kUc,0.6957
MPNet,cosine,How to learn English with TV show dialogue,2,y8RrDy0v8zs,0.6618
MPNet,cosine,How to learn English with TV show dialogue,3,1puk6bREVMI,0.6602
MPNet,cosine,How to learn English with TV show dialogue,4,fRseMUZ2NOM,0.6416
MPNet,cosine,How to learn English with TV show dialogue,5,RQuL3lsuarQ,0.6389
MPNet,cosine,How to practice English listening with movies,1,fRseMUZ2NOM,0.717
MPNet,cosine,How to practice English listening with movies,2,lhugwz26kUc,0.7139
MPNet,cosine,How to practice English listening with movies,3,JpUZsBUitzA,0.6227
MPNet,cosine,How to practice English listening with movies,4,k9MTueetF38,0.6183
MPNet,cosine,How to practice English listening with movies,5,cj0_XhE_qxE,0.6173
MPNet,cosine,How to learn real English expressions from movies,1,lhugwz26kUc,0.6871
MPNet,cosine,How to learn real English expressions from movies,2,fRseMUZ2NOM,0.6744
MPNet,cosine,How to learn real English expressions from movies,3,edvu5y-phhY,0.6675
MPNet,cosine,How to learn real English expressions from movies,4,fpbdQBcuJ_E,0.6474
MPNet,cosine,How to learn real English expressions from movies,5,Dp1I_iFRRVA,0.615
MPNet,cosine,How to understand jokes in English TV shows,1,r3K7sfk7dmY,0.5702
MPNet,cosine,How to understand jokes in English TV shows,2,RlcSm5jf89o,0.502
MPNet,cosine,How to understand jokes in English TV shows,3,_WTEzSLs3LU,0.4995
MPNet,cosine,How to understand jokes in English TV shows,4,LlTP-I9o3PA,0.4941
MPNet,cosine,How to understand jokes in English TV shows,5,72okAeSn5Tc,0.4899
MPNet,cosine,Real English expressions used by native speakers,1,a79pawTkIx8,0.6424
MPNet,cosine,Real English expressions used by native speakers,2,wc3rY_2YQkM,0.6138
MPNet,cosine,Real English expressions used by native speakers,3,72okAeSn5Tc,0.5293
MPNet,cosine,Real English expressions used by native speakers,4,SkRaA1b73N4,0.5219
MPNet,cosine,Real English expressions used by native speakers,5,UUj4dwbCnGE,0.5178
MPNet,cosine,Common phrases used in American TV series,1,a79pawTkIx8,0.6605
MPNet,cosine,Common phrases used in American TV series,2,F9hBErKjL_Y,0.5672
MPNet,cosine,Common phrases used in American TV series,3,CKTPXv9XCeA,0.5365
MPNet,cosine,Common phrases used in American TV series,4,SkRaA1b73N4,0.53
MPNet,cosine,Common phrases used in American TV series,5,72okAeSn5Tc,0.5257
MPNet,cosine,English slang used in movie dialogues,1,fpbdQBcuJ_E,0.6679
MPNet,cosine,English slang used in movie dialogues,2,Cd2pxyKaKUM,0.629
MPNet,cosine,English slang used in movie dialogues,3,edvu5y-phhY,0.621
MPNet,cosine,English slang used in movie dialogues,4,lHE4RysZgR0,0.6018
MPNet,cosine,English slang used in movie dialogues,5,tdn81jlykww,0.5673
MPNet,cosine,Daily English expressions used by natives,1,a79pawTkIx8,0.7291
MPNet,cosine,Daily English expressions used by natives,2,wc3rY_2YQkM,0.5996
MPNet,cosine,Daily English expressions used by natives,3,JDYksdXAOOU,0.5129
MPNet,cosine,Daily English expressions used by natives,4,SkRaA1b73N4,0.5121
MPNet,cosine,Daily English expressions used by natives,5,72okAeSn5Tc,0.5053
MPNet,cosine,Natural English pronunciation in movies,1,EccLlzUCF4w,0.6731
MPNet,cosine,Natural English pronunciation in movies,2,lhugwz26kUc,0.6543
MPNet,cosine,Natural English pronunciation in movies,3,NKLyCK0zySA,0.6196
MPNet,cosine,Natural English pronunciation in movies,4,fRseMUZ2NOM,0.6099
MPNet,cosine,Natural English pronunciation in movies,5,GdD065F54ko,0.6022
MPNet,cosine,Connected speech examples in movie dialogue,1,lhugwz26kUc,0.5368
MPNet,cosine,Connected speech examples in movie dialogue,2,FZXyYuiyq2I,0.5311
MPNet,cosine,Connected speech examples in movie dialogue,3,Vcum4dzafOE,0.5274
MPNet,cosine,Connected speech examples in movie dialogue,4,wOx50owZLyA,0.51
MPNet,cosine,Connected speech examples in movie dialogue,5,fRseMUZ2NOM,0.5055
MPNet,cosine,Reduced speech in native English conversation,1,Vcum4dzafOE,0.5557
MPNet,cosine,Reduced speech in native English conversation,2,L5EW4uRl_ps,0.5501
MPNet,cosine,Reduced speech in native English conversation,3,nCf2qbVQ4Y4,0.5371
MPNet,cosine,Reduced speech in native English conversation,4,EccLlzUCF4w,0.5236
MPNet,cosine,Reduced speech in native English conversation,5,wOx50owZLyA,0.5165
MPNet,cosine,Shadowing technique with TV series dialogue,1,NKLyCK0zySA,0.4286
MPNet,cosine,Shadowing technique with TV series dialogue,2,lhugwz26kUc,0.4162
MPNet,cosine,Shadowing technique with TV series dialogue,3,T-FXi4Buqps,0.41
MPNet,cosine,Shadowing technique with TV series dialogue,4,1puk6bREVMI,0.3885
MPNet,cosine,Shadowing technique with TV series dialogue,5,OCp43nUf0yQ,0.3885
MPNet,cosine,English listening practice with TV show scenes,1,lhugwz26kUc,0.7026
MPNet,cosine,English listening practice with TV show scenes,2,1puk6bREVMI,0.6501
MPNet,cosine,English listening practice with TV show scenes,3,fRseMUZ2NOM,0.6273
MPNet,cosine,English listening practice with TV show scenes,4,T-FXi4Buqps,0.6215
MPNet,cosine,English listening practice with TV show scenes,5,KEWge76EHpA,0.6133
MPNet,cosine,English pronunciation practice with movie dialogue,1,lhugwz26kUc,0.709
MPNet,cosine,English pronunciation practice with movie dialogue,2,fRseMUZ2NOM,0.6899
MPNet,cosine,English pronunciation practice with movie dialogue,3,1puk6bREVMI,0.6522
MPNet,cosine,English pronunciation practice with movie dialogue,4,F23Bm4FrwJI,0.6431
MPNet,cosine,English pronunciation practice with movie dialogue,5,edvu5y-phhY,0.6272
MPNet,cosine,Best TV series to learn English fast,1,xsUEm_faz_w,0.6953
MPNet,cosine,Best TV series to learn English fast,2,7Ck3q5GaF5M,0.6579
MPNet,cosine,Best TV series to learn English fast,3,JteHl9PQEIU,0.6515
MPNet,cosine,Best TV series to learn English fast,4,NZzNSIrMZs0,0.6229
MPNet,cosine,Best TV series to learn English fast,5,V1mhdFpsYFA,0.6183
MPNet,cosine,Best movies to learn English listening,1,V1mhdFpsYFA,0.7485
MPNet,cosine,Best movies to learn English listening,2,fRseMUZ2NOM,0.6778
MPNet,cosine,Best movies to learn English listening,3,67E6Dl6LaW4,0.6323
MPNet,cosine,Best movies to learn English listening,4,SkViUbosnD4,0.629
MPNet,cosine,Best movies to learn English listening,5,FZXyYuiyq2I,0.6146
MPNet,cosine,How to train your ear with English movies,1,lhugwz26kUc,0.7192
MPNet,cosine,How to train your ear with English movies,2,fRseMUZ2NOM,0.6892
MPNet,cosine,How to train your ear with English movies,3,cj0_XhE_qxE,0.6215
MPNet,cosine,How to train your ear with English movies,4,OyNA4FA47do,0.6198
MPNet,cosine,How to train your ear with English movies,5,QMxTi2D66pY,0.6188
MPNet,cosine,How to improve speaking using TV shows,1,KEWge76EHpA,0.6527
MPNet,cosine,How to improve speaking using TV shows,2,y8RrDy0v8zs,0.6269
MPNet,cosine,How to improve speaking using TV shows,3,1puk6bREVMI,0.6066
MPNet,cosine,How to improve speaking using TV shows,4,fRseMUZ2NOM,0.6031
MPNet,cosine,How to improve speaking using TV shows,5,lhugwz26kUc,0.6003
MPNet,cosine,How to learn vocabulary from movie scenes,1,lhugwz26kUc,0.6391
MPNet,cosine,How to learn vocabulary from movie scenes,2,fRseMUZ2NOM,0.5638
MPNet,cosine,How to learn vocabulary from movie scenes,3,edvu5y-phhY,0.5519
MPNet,cosine,How to learn vocabulary from movie scenes,4,UUAENx1NANg,0.526
MPNet,cosine,How to learn vocabulary from movie scenes,5,fpbdQBcuJ_E,0.5244
MPNet,cosine,How to sound like a native English speaker,1,srFHh4UiO7U,0.6412
MPNet,cosine,How to sound like a native English speaker,2,TzizA5rjM_Y,0.6246
MPNet,cosine,How to sound like a native English speaker,3,L2ylZyu0j7g,0.6124
MPNet,cosine,How to sound like a native English speaker,4,zMuPfKkAcmI,0.5784
MPNet,cosine,How to sound like a native English speaker,5,rp11KpaLA9A,0.5748
MPNet,cosine,English conversation practice with movie clips,1,fRseMUZ2NOM,0.7035
MPNet,cosine,English conversation practice with movie clips,2,lhugwz26kUc,0.677
MPNet,cosine,English conversation practice with movie clips,3,KEWge76EHpA,0.635
MPNet,cosine,English conversation practice with movie clips,4,PL7niJMDu5w,0.6232
MPNet,cosine,English conversation practice with movie clips,5,T-FXi4Buqps,0.6101
MPNet,cosine,Advanced English listening with TV series,1,lhugwz26kUc,0.6646
MPNet,cosine,Advanced English listening with TV series,2,FZoeUNG_x4I,0.6075
MPNet,cosine,Advanced English listening with TV series,3,T-FXi4Buqps,0.6039
MPNet,cosine,Advanced English listening with TV series,4,fRseMUZ2NOM,0.5997
MPNet,cosine,Advanced English listening with TV series,5,KEWge76EHpA,0.5942
MPNet,cosine,Real life English conversation from movies,1,FZXyYuiyq2I,0.6524
MPNet,cosine,Real life English conversation from movies,2,edvu5y-phhY,0.6486
MPNet,cosine,Real life English conversation from movies,3,fpbdQBcuJ_E,0.6474
MPNet,cosine,Real life English conversation from movies,4,SkViUbosnD4,0.6329
MPNet,cosine,Real life English conversation from movies,5,lhugwz26kUc,0.6293
MPNet,cosine,English fluency practice with TV series scenes,1,lhugwz26kUc,0.7329
MPNet,cosine,English fluency practice with TV series scenes,2,fRseMUZ2NOM,0.6785
MPNet,cosine,English fluency practice with TV series scenes,3,y8RrDy0v8zs,0.649
MPNet,cosine,English fluency practice with TV series scenes,4,1puk6bREVMI,0.6451
MPNet,cosine,English fluency practice with TV series scenes,5,edvu5y-phhY,0.6331
MPNet,dot,Learn English with The Devil Wears Prada scene,1,aRbaIHNttv4,0.7117
MPNet,dot,Learn English with The Devil Wears Prada scene,2,OuTtIzGhUDY,0.7107
MPNet,dot,Learn English with The Devil Wears Prada scene,3,edvu5y-phhY,0.6112
MPNet,dot,Learn English with The Devil Wears Prada scene,4,tdn81jlykww,0.5849
MPNet,dot,Learn English with The Devil Wears Prada scene,5,Cd2pxyKaKUM,0.58
MPNet,dot,Learn English with SpongeBob SquarePants dialogue,1,JxWEAP0aAJQ,0.8099
MPNet,dot,Learn English with SpongeBob SquarePants dialogue,2,NDhPifXoBYI,0.7186
MPNet,dot,Learn English with SpongeBob SquarePants dialogue,3,KEWge76EHpA,0.6597
MPNet,dot,Learn English with SpongeBob SquarePants dialogue,4,8cjTEJseLUk,0.6508
MPNet,dot,Learn English with SpongeBob SquarePants dialogue,5,YDTw1qL0wDw,0.6367
MPNet,dot,Learn English with The Simpsons episode conversation,1,KEWge76EHpA,0.6517
MPNet,dot,Learn English with The Simpsons episode conversation,2,A8h35t_VYQA,0.6494
MPNet,dot,Learn English with The Simpsons episode conversation,3,xV-GT84xzE8,0.6347
MPNet,dot,Learn English with The Simpsons episode conversation,4,apI6j_LQYAA,0.6292
MPNet,dot,Learn English with The Simpsons episode conversation,5,HLBxx-rejmE,0.6274
MPNet,dot,Learn English with Peaky Blinders speaking style,1,2li3fhbUnXI,0.6601
MPNet,dot,Learn English with Peaky Blinders speaking style,2,1puk6bREVMI,0.6408
MPNet,dot,Learn English with Peaky Blinders speaking style,3,y8RrDy0v8zs,0.6378
MPNet,dot,Learn English with Peaky Blinders speaking style,4,KEWge76EHpA,0.6241
MPNet,dot,Learn English with Peaky Blinders speaking style,5,uW-I9SFuU1A,0.6228
MPNet,dot,Learn English with Jennifer Aniston interview,1,dsN6FiF9ncI,0.7295
MPNet,dot,Learn English with Jennifer Aniston interview,2,381NyVSorHo,0.7001
MPNet,dot,Learn English with Jennifer Aniston interview,3,5fBrINGT0Dg,0.6861
MPNet,dot,Learn English with Jennifer Aniston interview,4,wdh9y2TkIns,0.6029
MPNet,dot,Learn English with Jennifer Aniston interview,5,qSBNioIIQi4,0.5972
MPNet,dot,Learn English with Zootopia movie dialogue,1,aU58RGC4IKw,0.7156
MPNet,dot,Learn English with Zootopia movie dialogue,2,QMxTi2D66pY,0.6882
MPNet,dot,Learn English with Zootopia movie dialogue,3,4Pu-xXFfkro,0.6849
MPNet,dot,Learn English with Zootopia movie dialogue,4,LPA52CoT44w,0.6807
MPNet,dot,Learn English with Zootopia movie dialogue,5,fRseMUZ2NOM,0.6795
MPNet,dot,Learn English with The Lion King movie scene,1,HgB2UHli0fU,0.7801
MPNet,dot,Learn English with The Lion King movie scene,2,IIhWbZk2B3o,0.7435
MPNet,dot,Learn English with The Lion King movie scene,3,cj0_XhE_qxE,0.7161
MPNet,dot,Learn English with The Lion King movie scene,4,4Pu-xXFfkro,0.6744
MPNet,dot,Learn English with The Lion King movie scene,5,67E6Dl6LaW4,0.6623
MPNet,dot,Learn English with Pirates of the Caribbean dialogue,1,UUAENx1NANg,0.8442
MPNet,dot,Learn English with Pirates of the Caribbean dialogue,2,iuQsu4HOlrA,0.7691
MPNet,dot,Learn English with Pirates of the Caribbean dialogue,3,ICVQ6wfZr3c,0.72
MPNet,dot,Learn English with Pirates of the Caribbean dialogue,4,wqOlUOkiFbs,0.6779
MPNet,dot,Learn English with Pirates of the Caribbean dialogue,5,cj0_XhE_qxE,0.6675
MPNet,dot,Learn English with Beauty and the Beast conversation,1,aTYNX1pjwwk,0.7252
MPNet,dot,Learn English with Beauty and the Beast conversation,2,1jdjbt8W3es,0.6337
MPNet,dot,Learn English with Beauty and the Beast conversation,3,RjQJRRU8ZFU,0.6334
MPNet,dot,Learn English with Beauty and the Beast conversation,4,WU0W0S5ILHY,0.6207
MPNet,dot,Learn English with Beauty and the Beast conversation,5,RjNka8csfYU,0.6076
MPNet,dot,Learn English with Frozen movie scene,1,PL7niJMDu5w,0.8042
MPNet,dot,Learn English with Frozen movie scene,2,RjNka8csfYU,0.7415
MPNet,dot,Learn English with Frozen movie scene,3,fRseMUZ2NOM,0.6636
MPNet,dot,Learn English with Frozen movie scene,4,4Pu-xXFfkro,0.6583
MPNet,dot,Learn English with Frozen movie scene,5,LPA52CoT44w,0.6494
MPNet,dot,Learn English with Toy Story movie dialogue,1,YDTw1qL0wDw,0.7137
MPNet,dot,Learn English with Toy Story movie dialogue,2,IYsurU_B4Qo,0.6959
MPNet,dot,Learn English with Toy Story movie dialogue,3,4Pu-xXFfkro,0.6925
MPNet,dot,Learn English with Toy Story movie dialogue,4,LPA52CoT44w,0.688
MPNet,dot,Learn English with Toy Story movie dialogue,5,QMxTi2D66pY,0.6819
MPNet,dot,Learn English with Finding Nemo conversation,1,TswCNV6meYM,0.758
MPNet,dot,Learn English with Finding Nemo conversation,2,RjNka8csfYU,0.705
MPNet,dot,Learn English with Finding Nemo conversation,3,8cjTEJseLUk,0.6614
MPNet,dot,Learn English with Finding Nemo conversation,4,fRseMUZ2NOM,0.66
MPNet,dot,Learn English with Finding Nemo conversation,5,UUAENx1NANg,0.6521
MPNet,dot,Learn English with Aladdin movie dialogue,1,cj0_XhE_qxE,0.6705
MPNet,dot,Learn English with Aladdin movie dialogue,2,67E6Dl6LaW4,0.6649
MPNet,dot,Learn English with Aladdin movie dialogue,3,4Pu-xXFfkro,0.658
MPNet,dot,Learn English with Aladdin movie dialogue,4,fRseMUZ2NOM,0.6503
MPNet,dot,Learn English with Aladdin movie dialogue,5,2MlWEVKMD_M,0.6388
MPNet,dot,Learn English with Maleficent movie scene,1,67E6Dl6LaW4,0.685
MPNet,dot,Learn English with Maleficent movie scene,2,cj0_XhE_qxE,0.679
MPNet,dot,Learn English with Maleficent movie scene,3,4Pu-xXFfkro,0.6741
MPNet,dot,Learn English with Maleficent movie scene,4,aTYNX1pjwwk,0.6731
MPNet,dot,Learn English with Maleficent movie scene,5,9GpGky10yOE,0.6567
MPNet,dot,Learn English with Ice Age movie conversation,1,RjNka8csfYU,0.8002
MPNet,dot,Learn English with Ice Age movie conversation,2,PL7niJMDu5w,0.6907
MPNet,dot,Learn English with Ice Age movie conversation,3,QMxTi2D66pY,0.6902
MPNet,dot,Learn English with Ice Age movie conversation,4,fRseMUZ2NOM,0.6661
MPNet,dot,Learn English with Ice Age movie conversation,5,Md41MGtwjfo,0.6509
MPNet,dot,Learn English with Monsters Inc movie dialogue,1,_kafLt9bNyU,0.686
MPNet,dot,Learn English with Monsters Inc movie dialogue,2,fRseMUZ2NOM,0.6763
MPNet,dot,Learn English with Monsters Inc movie dialogue,3,cj0_XhE_qxE,0.6643
MPNet,dot,Learn English with Monsters Inc movie dialogue,4,4Pu-xXFfkro,0.6624
MPNet,dot,Learn English with Monsters Inc movie dialogue,5,YDTw1qL0wDw,0.6529
MPNet,dot,Learn English with Shrek movie expressions,1,Sev_UnaqWmM,0.7751
MPNet,dot,Learn English with Shrek movie expressions,2,YDTw1qL0wDw,0.6712
MPNet,dot,Learn English with Shrek movie expressions,3,PL7niJMDu5w,0.6485
MPNet,dot,Learn English with Shrek movie expressions,4,Ql17ws1pmiQ,0.6439
MPNet,dot,Learn English with Shrek movie expressions,5,QMxTi2D66pY,0.6426
MPNet,dot,Learn English with Disney movie conversations,1,SkViUbosnD4,0.7659
MPNet,dot,Learn English with Disney movie conversations,2,YDTw1qL0wDw,0.7633
MPNet,dot,Learn English with Disney movie conversations,3,4Pu-xXFfkro,0.7457
MPNet,dot,Learn English with Disney movie conversations,4,LPA52CoT44w,0.7348
MPNet,dot,Learn English with Disney movie conversations,5,67E6Dl6LaW4,0.7314
MPNet,dot,Learn English with How I Met Your Mother dialogue,1,HLBxx-rejmE,0.7487
MPNet,dot,Learn English with How I Met Your Mother dialogue,2,KEWge76EHpA,0.6469
MPNet,dot,Learn English with How I Met Your Mother dialogue,3,edvu5y-phhY,0.6329
MPNet,dot,Learn English with How I Met Your Mother dialogue,4,xV-GT84xzE8,0.627
MPNet,dot,Learn English with How I Met Your Mother dialogue,5,RQuL3lsuarQ,0.626
MPNet,dot,Learn English with Friends TV series conversation,1,RQuL3lsuarQ,0.7172
MPNet,dot,Learn English with Friends TV series conversation,2,HLBxx-rejmE,0.6859
MPNet,dot,Learn English with Friends TV series conversation,3,KEWge76EHpA,0.6786
MPNet,dot,Learn English with Friends TV series conversation,4,RjNka8csfYU,0.6742
MPNet,dot,Learn English with Friends TV series conversation,5,xsUEm_faz_w,0.6703
MPNet,dot,Learn English with rap songs pronunciation,1,soZc03vH_qQ,0.7629
MPNet,dot,Learn English with rap songs pronunciation,2,gj9SQk-rlkQ,0.7089
MPNet,dot,Learn English with rap songs pronunciation,3,u53Seni_i8U,0.5981
MPNet,dot,Learn English with rap songs pronunciation,4,A_zhjxLLA08,0.5672
MPNet,dot,Learn English with rap songs pronunciation,5,g82BjCFBH-8,0.5117
MPNet,dot,Learn English with Eminem lyrics pronunciation,1,soZc03vH_qQ,0.7826
MPNet,dot,Learn English with Eminem lyrics pronunciation,2,gj9SQk-rlkQ,0.7657
MPNet,dot,Learn English with Eminem lyrics pronunciation,3,u53Seni_i8U,0.5985
MPNet,dot,Learn English with Eminem lyrics pronunciation,4,A_zhjxLLA08,0.5611
MPNet,dot,Learn English with Eminem lyrics pronunciation,5,HBVX1D1SerE,0.5599
MPNet,dot,Learn English with Queen song vocabulary,1,A_zhjxLLA08,0.6003
MPNet,dot,Learn English with Queen song vocabulary,2,ys0SYYPLVOg,0.5692
MPNet,dot,Learn English with Queen song vocabulary,3,2EhiOgkklY0,0.566
MPNet,dot,Learn English with Queen song vocabulary,4,fwrD70WeSzs,0.5649
MPNet,dot,Learn English with Queen song vocabulary,5,E7mbFm3NAp0,0.5614
MPNet,dot,Learn English with Ariana Grande song dialogue,1,CYkM3zOmjUE,0.7928
MPNet,dot,Learn English with Ariana Grande song dialogue,2,VAAOTyfO-Oo,0.748
MPNet,dot,Learn English with Ariana Grande song dialogue,3,A_zhjxLLA08,0.7347
MPNet,dot,Learn English with Ariana Grande song dialogue,4,bUpTiOgMJu4,0.6791
MPNet,dot,Learn English with Ariana Grande song dialogue,5,ys0SYYPLVOg,0.6779
MPNet,dot,Learn English with Taylor Swift song expressions,1,bUpTiOgMJu4,0.7455
MPNet,dot,Learn English with Taylor Swift song expressions,2,A_zhjxLLA08,0.6708
MPNet,dot,Learn English with Taylor Swift song expressions,3,sn4eOnRyJVg,0.6498
MPNet,dot,Learn English with Taylor Swift song expressions,4,CYkM3zOmjUE,0.6383
MPNet,dot,Learn English with Taylor Swift song expressions,5,ys0SYYPLVOg,0.6246
MPNet,dot,Learn English with Billie Eilish song pronunciation,1,2EhiOgkklY0,0.6776
MPNet,dot,Learn English with Billie Eilish song pronunciation,2,u53Seni_i8U,0.5887
MPNet,dot,Learn English with Billie Eilish song pronunciation,3,atySD7QuIqI,0.5505
MPNet,dot,Learn English with Billie Eilish song pronunciation,4,1puk6bREVMI,0.5468
MPNet,dot,Learn English with Billie Eilish song pronunciation,5,A_zhjxLLA08,0.5462
MPNet,dot,Learn English with Michael Jackson song lyrics,1,soZc03vH_qQ,0.6522
MPNet,dot,Learn English with Michael Jackson song lyrics,2,gj9SQk-rlkQ,0.6155
MPNet,dot,Learn English with Michael Jackson song lyrics,3,u53Seni_i8U,0.6073
MPNet,dot,Learn English with Michael Jackson song lyrics,4,A_zhjxLLA08,0.5859
MPNet,dot,Learn English with Michael Jackson song lyrics,5,CflETAu1f4I,0.578
MPNet,dot,Learn English with Jonas Brothers song dialogue,1,u53Seni_i8U,0.6685
MPNet,dot,Learn English with Jonas Brothers song dialogue,2,bUpTiOgMJu4,0.6251
MPNet,dot,Learn English with Jonas Brothers song dialogue,3,g82BjCFBH-8,0.6132
MPNet,dot,Learn English with Jonas Brothers song dialogue,4,PL7niJMDu5w,0.6118
MPNet,dot,Learn English with Jonas Brothers song dialogue,5,ufCndfbsfpw,0.6033
MPNet,dot,Learn English with Lady Gaga song vocabulary,1,VAAOTyfO-Oo,0.6956
MPNet,dot,Learn English with Lady Gaga song vocabulary,2,A_zhjxLLA08,0.6484
MPNet,dot,Learn English with Lady Gaga song vocabulary,3,ys0SYYPLVOg,0.5928
MPNet,dot,Learn English with Lady Gaga song vocabulary,4,3GCmsMI5iAY,0.5646
MPNet,dot,Learn English with Lady Gaga song vocabulary,5,bUpTiOgMJu4,0.5604
MPNet,dot,Learn English with Bob Marley song expressions,1,2VW4jNOVwtA,0.6055
MPNet,dot,Learn English with Bob Marley song expressions,2,soZc03vH_qQ,0.59
MPNet,dot,Learn English with Bob Marley song expressions,3,fwrD70WeSzs,0.5826
MPNet,dot,Learn English with Bob Marley song expressions,4,A_zhjxLLA08,0.5796
MPNet,dot,Learn English with Bob Marley song expressions,5,J135Qy4TVfQ,0.5606
MPNet,dot,Understand fast English without subtitles,1,lhugwz26kUc,0.6974
MPNet,dot,Understand fast English without subtitles,2,T-FXi4Buqps,0.6401
MPNet,dot,Understand fast English without subtitles,3,s3p2EoAzhtE,0.6087
MPNet,dot,Understand fast English without subtitles,4,ufCndfbsfpw,0.5818
MPNet,dot,Understand fast English without subtitles,5,OyNA4FA47do,0.5743
MPNet,dot,How to understand movies without subtitles,1,lhugwz26kUc,0.7292
MPNet,dot,How to understand movies without subtitles,2,s3p2EoAzhtE,0.6848
MPNet,dot,How to understand movies without subtitles,3,T-FXi4Buqps,0.6331
MPNet,dot,How to understand movies without subtitles,4,OyNA4FA47do,0.5277
MPNet,dot,How to understand movies without subtitles,5,Xz4q93l6uvQ,0.5088
MPNet,dot,How to learn English with Netflix shows,1,xsUEm_faz_w,0.6616
MPNet,dot,How to learn English with Netflix shows,2,y8RrDy0v8zs,0.6461
MPNet,dot,How to learn English with Netflix shows,3,lhugwz26kUc,0.6231
MPNet,dot,How to learn English with Netflix shows,4,fRseMUZ2NOM,0.6158
MPNet,dot,How to learn English with Netflix shows,5,RQuL3lsuarQ,0.6077
MPNet,dot,How to improve English listening with TV series,1,lhugwz26kUc,0.6628
MPNet,dot,How to improve English listening with TV series,2,KEWge76EHpA,0.6554
MPNet,dot,How to improve English listening with TV series,3,fRseMUZ2NOM,0.6486
MPNet,dot,How to improve English listening with TV series,4,1puk6bREVMI,0.6454
MPNet,dot,How to improve English listening with TV series,5,y8RrDy0v8zs,0.6429
MPNet,dot,How to learn English with movie scenes,1,lhugwz26kUc,0.7332
MPNet,dot,How to learn English with movie scenes,2,fRseMUZ2NOM,0.6987
MPNet,dot,How to learn English with movie scenes,3,edvu5y-phhY,0.6525
MPNet,dot,How to learn English with movie scenes,4,OyNA4FA47do,0.6448
MPNet,dot,How to learn English with movie scenes,5,k9MTueetF38,0.6233
MPNet,dot,How to understand fast native English speech,1,Vcum4dzafOE,0.6775
MPNet,dot,How to understand fast native English speech,2,rp11KpaLA9A,0.6641
MPNet,dot,How to understand fast native English speech,3,KEWge76EHpA,0.6373
MPNet,dot,How to understand fast native English speech,4,F23Bm4FrwJI,0.6335
MPNet,dot,How to understand fast native English speech,5,lhugwz26kUc,0.6312
MPNet,dot,How to learn English with TV show dialogue,1,lhugwz26kUc,0.6957
MPNet,dot,How to learn English with TV show dialogue,2,y8RrDy0v8zs,0.6618
MPNet,dot,How to learn English with TV show dialogue,3,1puk6bREVMI,0.6602
MPNet,dot,How to learn English with TV show dialogue,4,fRseMUZ2NOM,0.6416
MPNet,dot,How to learn English with TV show dialogue,5,RQuL3lsuarQ,0.6389
MPNet,dot,How to practice English listening with movies,1,fRseMUZ2NOM,0.717
MPNet,dot,How to practice English listening with movies,2,lhugwz26kUc,0.7139
MPNet,dot,How to practice English listening with movies,3,JpUZsBUitzA,0.6227
MPNet,dot,How to practice English listening with movies,4,k9MTueetF38,0.6183
MPNet,dot,How to practice English listening with movies,5,cj0_XhE_qxE,0.6173
MPNet,dot,How to learn real English expressions from movies,1,lhugwz26kUc,0.6871
MPNet,dot,How to learn real English expressions from movies,2,fRseMUZ2NOM,0.6744
MPNet,dot,How to learn real English expressions from movies,3,edvu5y-phhY,0.6675
MPNet,dot,How to learn real English expressions from movies,4,fpbdQBcuJ_E,0.6474
MPNet,dot,How to learn real English expressions from movies,5,Dp1I_iFRRVA,0.615
MPNet,dot,How to understand jokes in English TV shows,1,r3K7sfk7dmY,0.5702
MPNet,dot,How to understand jokes in English TV shows,2,RlcSm5jf89o,0.502
MPNet,dot,How to understand jokes in English TV shows,3,_WTEzSLs3LU,0.4995
MPNet,dot,How to understand jokes in English TV shows,4,LlTP-I9o3PA,0.4941
MPNet,dot,How to understand jokes in English TV shows,5,72okAeSn5Tc,0.4899
MPNet,dot,Real English expressions used by native speakers,1,a79pawTkIx8,0.6424
MPNet,dot,Real English expressions used by native speakers,2,wc3rY_2YQkM,0.6138
MPNet,dot,Real English expressions used by native speakers,3,72okAeSn5Tc,0.5293
MPNet,dot,Real English expressions used by native speakers,4,SkRaA1b73N4,0.5219
MPNet,dot,Real English expressions used by native speakers,5,UUj4dwbCnGE,0.5178
MPNet,dot,Common phrases used in American TV series,1,a79pawTkIx8,0.6605
MPNet,dot,Common phrases used in American TV series,2,F9hBErKjL_Y,0.5672
MPNet,dot,Common phrases used in American TV series,3,CKTPXv9XCeA,0.5365
MPNet,dot,Common phrases used in American TV series,4,SkRaA1b73N4,0.53
MPNet,dot,Common phrases used in American TV series,5,72okAeSn5Tc,0.5257
MPNet,dot,English slang used in movie dialogues,1,fpbdQBcuJ_E,0.6679
MPNet,dot,English slang used in movie dialogues,2,Cd2pxyKaKUM,0.629
MPNet,dot,English slang used in movie dialogues,3,edvu5y-phhY,0.621
MPNet,dot,English slang used in movie dialogues,4,lHE4RysZgR0,0.6018
MPNet,dot,English slang used in movie dialogues,5,tdn81jlykww,0.5673
MPNet,dot,Daily English expressions used by natives,1,a79pawTkIx8,0.7291
MPNet,dot,Daily English expressions used by natives,2,wc3rY_2YQkM,0.5996
MPNet,dot,Daily English expressions used by natives,3,JDYksdXAOOU,0.5129
MPNet,dot,Daily English expressions used by natives,4,SkRaA1b73N4,0.5121
MPNet,dot,Daily English expressions used by natives,5,72okAeSn5Tc,0.5053
MPNet,dot,Natural English pronunciation in movies,1,EccLlzUCF4w,0.6731
MPNet,dot,Natural English pronunciation in movies,2,lhugwz26kUc,0.6543
MPNet,dot,Natural English pronunciation in movies,3,NKLyCK0zySA,0.6196
MPNet,dot,Natural English pronunciation in movies,4,fRseMUZ2NOM,0.6099
MPNet,dot,Natural English pronunciation in movies,5,GdD065F54ko,0.6022
MPNet,dot,Connected speech examples in movie dialogue,1,lhugwz26kUc,0.5368
MPNet,dot,Connected speech examples in movie dialogue,2,FZXyYuiyq2I,0.5311
MPNet,dot,Connected speech examples in movie dialogue,3,Vcum4dzafOE,0.5274
MPNet,dot,Connected speech examples in movie dialogue,4,wOx50owZLyA,0.51
MPNet,dot,Connected speech examples in movie dialogue,5,fRseMUZ2NOM,0.5055
MPNet,dot,Reduced speech in native English conversation,1,Vcum4dzafOE,0.5557
MPNet,dot,Reduced speech in native English conversation,2,L5EW4uRl_ps,0.5501
MPNet,dot,Reduced speech in native English conversation,3,nCf2qbVQ4Y4,0.5371
MPNet,dot,Reduced speech in native English conversation,4,EccLlzUCF4w,0.5236
MPNet,dot,Reduced speech in native English conversation,5,wOx50owZLyA,0.5165
MPNet,dot,Shadowing technique with TV series dialogue,1,NKLyCK0zySA,0.4286
MPNet,dot,Shadowing technique with TV series dialogue,2,lhugwz26kUc,0.4162
MPNet,dot,Shadowing technique with TV series dialogue,3,T-FXi4Buqps,0.41
MPNet,dot,Shadowing technique with TV series dialogue,4,1puk6bREVMI,0.3885
MPNet,dot,Shadowing technique with TV series dialogue,5,OCp43nUf0yQ,0.3885
MPNet,dot,English listening practice with TV show scenes,1,lhugwz26kUc,0.7026
MPNet,dot,English listening practice with TV show scenes,2,1puk6bREVMI,0.6501
MPNet,dot,English listening practice with TV show scenes,3,fRseMUZ2NOM,0.6273
MPNet,dot,English listening practice with TV show scenes,4,T-FXi4Buqps,0.6215
MPNet,dot,English listening practice with TV show scenes,5,KEWge76EHpA,0.6133
MPNet,dot,English pronunciation practice with movie dialogue,1,lhugwz26kUc,0.709
MPNet,dot,English pronunciation practice with movie dialogue,2,fRseMUZ2NOM,0.6899
MPNet,dot,English pronunciation practice with movie dialogue,3,1puk6bREVMI,0.6522
MPNet,dot,English pronunciation practice with movie dialogue,4,F23Bm4FrwJI,0.6431
MPNet,dot,English pronunciation practice with movie dialogue,5,edvu5y-phhY,0.6272
MPNet,dot,Best TV series to learn English fast,1,xsUEm_faz_w,0.6953
MPNet,dot,Best TV series to learn English fast,2,7Ck3q5GaF5M,0.6579
MPNet,dot,Best TV series to learn English fast,3,JteHl9PQEIU,0.6515
MPNet,dot,Best TV series to learn English fast,4,NZzNSIrMZs0,0.6229
MPNet,dot,Best TV series to learn English fast,5,V1mhdFpsYFA,0.6183
MPNet,dot,Best movies to learn English listening,1,V1mhdFpsYFA,0.7485
MPNet,dot,Best movies to learn English listening,2,fRseMUZ2NOM,0.6778
MPNet,dot,Best movies to learn English listening,3,67E6Dl6LaW4,0.6323
MPNet,dot,Best movies to learn English listening,4,SkViUbosnD4,0.629
MPNet,dot,Best movies to learn English listening,5,FZXyYuiyq2I,0.6146
MPNet,dot,How to train your ear with English movies,1,lhugwz26kUc,0.7192
MPNet,dot,How to train your ear with English movies,2,fRseMUZ2NOM,0.6892
MPNet,dot,How to train your ear with English movies,3,cj0_XhE_qxE,0.6215
MPNet,dot,How to train your ear with English movies,4,OyNA4FA47do,0.6198
MPNet,dot,How to train your ear with English movies,5,QMxTi2D66pY,0.6188
MPNet,dot,How to improve speaking using TV shows,1,KEWge76EHpA,0.6527
MPNet,dot,How to improve speaking using TV shows,2,y8RrDy0v8zs,0.6269
MPNet,dot,How to improve speaking using TV shows,3,1puk6bREVMI,0.6066
MPNet,dot,How to improve speaking using TV shows,4,fRseMUZ2NOM,0.6031
MPNet,dot,How to improve speaking using TV shows,5,lhugwz26kUc,0.6003
MPNet,dot,How to learn vocabulary from movie scenes,1,lhugwz26kUc,0.6391
MPNet,dot,How to learn vocabulary from movie scenes,2,fRseMUZ2NOM,0.5638
MPNet,dot,How to learn vocabulary from movie scenes,3,edvu5y-phhY,0.5519
MPNet,dot,How to learn vocabulary from movie scenes,4,UUAENx1NANg,0.526
MPNet,dot,How to learn vocabulary from movie scenes,5,fpbdQBcuJ_E,0.5244
MPNet,dot,How to sound like a native English speaker,1,srFHh4UiO7U,0.6412
MPNet,dot,How to sound like a native English speaker,2,TzizA5rjM_Y,0.6246
MPNet,dot,How to sound like a native English speaker,3,L2ylZyu0j7g,0.6124
MPNet,dot,How to sound like a native English speaker,4,zMuPfKkAcmI,0.5784
MPNet,dot,How to sound like a native English speaker,5,rp11KpaLA9A,0.5748
MPNet,dot,English conversation practice with movie clips,1,fRseMUZ2NOM,0.7035
MPNet,dot,English conversation practice with movie clips,2,lhugwz26kUc,0.677
MPNet,dot,English conversation practice with movie clips,3,KEWge76EHpA,0.635
MPNet,dot,English conversation practice with movie clips,4,PL7niJMDu5w,0.6232
MPNet,dot,English conversation practice with movie clips,5,T-FXi4Buqps,0.6101
MPNet,dot,Advanced English listening with TV series,1,lhugwz26kUc,0.6646
MPNet,dot,Advanced English listening with TV series,2,FZoeUNG_x4I,0.6075
MPNet,dot,Advanced English listening with TV series,3,T-FXi4Buqps,0.6039
MPNet,dot,Advanced English listening with TV series,4,fRseMUZ2NOM,0.5997
MPNet,dot,Advanced English listening with TV series,5,KEWge76EHpA,0.5942
MPNet,dot,Real life English conversation from movies,1,FZXyYuiyq2I,0.6524
MPNet,dot,Real life English conversation from movies,2,edvu5y-phhY,0.6486
MPNet,dot,Real life English conversation from movies,3,fpbdQBcuJ_E,0.6474
MPNet,dot,Real life English conversation from movies,4,SkViUbosnD4,0.6329
MPNet,dot,Real life English conversation from movies,5,lhugwz26kUc,0.6293
MPNet,dot,English fluency practice with TV series scenes,1,lhugwz26kUc,0.7329
MPNet,dot,English fluency practice with TV series scenes,2,fRseMUZ2NOM,0.6785
MPNet,dot,English fluency practice with TV series scenes,3,y8RrDy0v8zs,0.649
MPNet,dot,English fluency practice with TV series scenes,4,1puk6bREVMI,0.6451
MPNet,dot,English fluency practice with TV series scenes,5,edvu5y-phhY,0.6331
MPNet,euclidean,Learn English with The Devil Wears Prada scene,1,aRbaIHNttv4,0.7593
MPNet,euclidean,Learn English with The Devil Wears Prada scene,2,OuTtIzGhUDY,0.7607
MPNet,euclidean,Learn English with The Devil Wears Prada scene,3,edvu5y-phhY,0.8818
MPNet,euclidean,Learn English with The Devil Wears Prada scene,4,tdn81jlykww,0.9111
MPNet,euclidean,Learn English with The Devil Wears Prada scene,5,Cd2pxyKaKUM,0.9165
MPNet,euclidean,Learn English with SpongeBob SquarePants dialogue,1,JxWEAP0aAJQ,0.6166
MPNet,euclidean,Learn English with SpongeBob SquarePants dialogue,2,NDhPifXoBYI,0.7502
MPNet,euclidean,Learn English with SpongeBob SquarePants dialogue,3,KEWge76EHpA,0.8249
MPNet,euclidean,Learn English with SpongeBob SquarePants dialogue,4,8cjTEJseLUk,0.8357
MPNet,euclidean,Learn English with SpongeBob SquarePants dialogue,5,YDTw1qL0wDw,0.8524
MPNet,euclidean,Learn English with The Simpsons episode conversation,1,KEWge76EHpA,0.8346
MPNet,euclidean,Learn English with The Simpsons episode conversation,2,A8h35t_VYQA,0.8373
MPNet,euclidean,Learn English with The Simpsons episode conversation,3,xV-GT84xzE8,0.8548
MPNet,euclidean,Learn English with The Simpsons episode conversation,4,apI6j_LQYAA,0.8611
MPNet,euclidean,Learn English with The Simpsons episode conversation,5,HLBxx-rejmE,0.8633
MPNet,euclidean,Learn English with Peaky Blinders speaking style,1,2li3fhbUnXI,0.8245
MPNet,euclidean,Learn English with Peaky Blinders speaking style,2,1puk6bREVMI,0.8476
MPNet,euclidean,Learn English with Peaky Blinders speaking style,3,y8RrDy0v8zs,0.8511
MPNet,euclidean,Learn English with Peaky Blinders speaking style,4,KEWge76EHpA,0.8671
MPNet,euclidean,Learn English with Peaky Blinders speaking style,5,uW-I9SFuU1A,0.8685
MPNet,euclidean,Learn English with Jennifer Aniston interview,1,dsN6FiF9ncI,0.7355
MPNet,euclidean,Learn English with Jennifer Aniston interview,2,381NyVSorHo,0.7745
MPNet,euclidean,Learn English with Jennifer Aniston interview,3,5fBrINGT0Dg,0.7923
MPNet,euclidean,Learn English with Jennifer Aniston interview,4,wdh9y2TkIns,0.8911
MPNet,euclidean,Learn English with Jennifer Aniston interview,5,qSBNioIIQi4,0.8975
MPNet,euclidean,Learn English with Zootopia movie dialogue,1,aU58RGC4IKw,0.7542
MPNet,euclidean,Learn English with Zootopia movie dialogue,2,QMxTi2D66pY,0.7897
MPNet,euclidean,Learn English with Zootopia movie dialogue,3,4Pu-xXFfkro,0.7938
MPNet,euclidean,Learn English with Zootopia movie dialogue,4,LPA52CoT44w,0.7991
MPNet,euclidean,Learn English with Zootopia movie dialogue,5,fRseMUZ2NOM,0.8006
MPNet,euclidean,Learn English with The Lion King movie scene,1,HgB2UHli0fU,0.6632
MPNet,euclidean,Learn English with The Lion King movie scene,2,IIhWbZk2B3o,0.7163
MPNet,euclidean,Learn English with The Lion King movie scene,3,cj0_XhE_qxE,0.7535
MPNet,euclidean,Learn English with The Lion King movie scene,4,4Pu-xXFfkro,0.807
MPNet,euclidean,Learn English with The Lion King movie scene,5,67E6Dl6LaW4,0.8219
MPNet,euclidean,Learn English with Pirates of the Caribbean dialogue,1,UUAENx1NANg,0.5582
MPNet,euclidean,Learn English with Pirates of the Caribbean dialogue,2,iuQsu4HOlrA,0.6795
MPNet,euclidean,Learn English with Pirates of the Caribbean dialogue,3,ICVQ6wfZr3c,0.7484
MPNet,euclidean,Learn English with Pirates of the Caribbean dialogue,4,wqOlUOkiFbs,0.8026
MPNet,euclidean,Learn English with Pirates of the Caribbean dialogue,5,cj0_XhE_qxE,0.8154
MPNet,euclidean,Learn English with Beauty and the Beast conversation,1,aTYNX1pjwwk,0.7413
MPNet,euclidean,Learn English with Beauty and the Beast conversation,2,1jdjbt8W3es,0.8559
MPNet,euclidean,Learn English with Beauty and the Beast conversation,3,RjQJRRU8ZFU,0.8563
MPNet,euclidean,Learn English with Beauty and the Beast conversation,4,WU0W0S5ILHY,0.8709
MPNet,euclidean,Learn English with Beauty and the Beast conversation,5,RjNka8csfYU,0.8859
MPNet,euclidean,Learn English with Frozen movie scene,1,PL7niJMDu5w,0.6257
MPNet,euclidean,Learn English with Frozen movie scene,2,RjNka8csfYU,0.7191
MPNet,euclidean,Learn English with Frozen movie scene,3,fRseMUZ2NOM,0.8202
MPNet,euclidean,Learn English with Frozen movie scene,4,4Pu-xXFfkro,0.8267
MPNet,euclidean,Learn English with Frozen movie scene,5,LPA52CoT44w,0.8373
MPNet,euclidean,Learn English with Toy Story movie dialogue,1,YDTw1qL0wDw,0.7567
MPNet,euclidean,Learn English with Toy Story movie dialogue,2,IYsurU_B4Qo,0.7798
MPNet,euclidean,Learn English with Toy Story movie dialogue,3,4Pu-xXFfkro,0.7842
MPNet,euclidean,Learn English with Toy Story movie dialogue,4,LPA52CoT44w,0.79
MPNet,euclidean,Learn English with Toy Story movie dialogue,5,QMxTi2D66pY,0.7976
MPNet,euclidean,Learn English with Finding Nemo conversation,1,TswCNV6meYM,0.6957
MPNet,euclidean,Learn English with Finding Nemo conversation,2,RjNka8csfYU,0.7681
MPNet,euclidean,Learn English with Finding Nemo conversation,3,8cjTEJseLUk,0.8229
MPNet,euclidean,Learn English with Finding Nemo conversation,4,fRseMUZ2NOM,0.8246
MPNet,euclidean,Learn English with Finding Nemo conversation,5,UUAENx1NANg,0.8342
MPNet,euclidean,Learn English with Aladdin movie dialogue,1,cj0_XhE_qxE,0.8118
MPNet,euclidean,Learn English with Aladdin movie dialogue,2,67E6Dl6LaW4,0.8187
MPNet,euclidean,Learn English with Aladdin movie dialogue,3,4Pu-xXFfkro,0.827
MPNet,euclidean,Learn English with Aladdin movie dialogue,4,fRseMUZ2NOM,0.8363
MPNet,euclidean,Learn English with Aladdin movie dialogue,5,2MlWEVKMD_M,0.8499
MPNet,euclidean,Learn English with Maleficent movie scene,1,67E6Dl6LaW4,0.7937
MPNet,euclidean,Learn English with Maleficent movie scene,2,cj0_XhE_qxE,0.8013
MPNet,euclidean,Learn English with Maleficent movie scene,3,4Pu-xXFfkro,0.8074
MPNet,euclidean,Learn English with Maleficent movie scene,4,aTYNX1pjwwk,0.8085
MPNet,euclidean,Learn English with Maleficent movie scene,5,9GpGky10yOE,0.8286
MPNet,euclidean,Learn English with Ice Age movie conversation,1,RjNka8csfYU,0.6322
MPNet,euclidean,Learn English with Ice Age movie conversation,2,PL7niJMDu5w,0.7865
MPNet,euclidean,Learn English with Ice Age movie conversation,3,QMxTi2D66pY,0.7872
MPNet,euclidean,Learn English with Ice Age movie conversation,4,fRseMUZ2NOM,0.8172
MPNet,euclidean,Learn English with Ice Age movie conversation,5,Md41MGtwjfo,0.8356
MPNet,euclidean,Learn English with Monsters Inc movie dialogue,1,_kafLt9bNyU,0.7924
MPNet,euclidean,Learn English with Monsters Inc movie dialogue,2,fRseMUZ2NOM,0.8046
MPNet,euclidean,Learn English with Monsters Inc movie dialogue,3,cj0_XhE_qxE,0.8194
MPNet,euclidean,Learn English with Monsters Inc movie dialogue,4,4Pu-xXFfkro,0.8217
MPNet,euclidean,Learn English with Monsters Inc movie dialogue,5,YDTw1qL0wDw,0.8332
MPNet,euclidean,Learn English with Shrek movie expressions,1,Sev_UnaqWmM,0.6707
MPNet,euclidean,Learn English with Shrek movie expressions,2,YDTw1qL0wDw,0.8109
MPNet,euclidean,Learn English with Shrek movie expressions,3,PL7niJMDu5w,0.8384
MPNet,euclidean,Learn English with Shrek movie expressions,4,Ql17ws1pmiQ,0.8439
MPNet,euclidean,Learn English with Shrek movie expressions,5,QMxTi2D66pY,0.8455
MPNet,euclidean,Learn English with Disney movie conversations,1,SkViUbosnD4,0.6842
MPNet,euclidean,Learn English with Disney movie conversations,2,YDTw1qL0wDw,0.688
MPNet,euclidean,Learn English with Disney movie conversations,3,4Pu-xXFfkro,0.7132
MPNet,euclidean,Learn English with Disney movie conversations,4,LPA52CoT44w,0.7283
MPNet,euclidean,Learn English with Disney movie conversations,5,67E6Dl6LaW4,0.7329
MPNet,euclidean,Learn English with How I Met Your Mother dialogue,1,HLBxx-rejmE,0.709
MPNet,euclidean,Learn English with How I Met Your Mother dialogue,2,KEWge76EHpA,0.8403
MPNet,euclidean,Learn English with How I Met Your Mother dialogue,3,edvu5y-phhY,0.8569
MPNet,euclidean,Learn English with How I Met Your Mother dialogue,4,xV-GT84xzE8,0.8638
MPNet,euclidean,Learn English with How I Met Your Mother dialogue,5,RQuL3lsuarQ,0.8649
MPNet,euclidean,Learn English with Friends TV series conversation,1,RQuL3lsuarQ,0.752
MPNet,euclidean,Learn English with Friends TV series conversation,2,HLBxx-rejmE,0.7926
MPNet,euclidean,Learn English with Friends TV series conversation,3,KEWge76EHpA,0.8017
MPNet,euclidean,Learn English with Friends TV series conversation,4,RjNka8csfYU,0.8073
MPNet,euclidean,Learn English with Friends TV series conversation,5,xsUEm_faz_w,0.8121
MPNet,euclidean,Learn English with rap songs pronunciation,1,soZc03vH_qQ,0.6886
MPNet,euclidean,Learn English with rap songs pronunciation,2,gj9SQk-rlkQ,0.7631
MPNet,euclidean,Learn English with rap songs pronunciation,3,u53Seni_i8U,0.8965
MPNet,euclidean,Learn English with rap songs pronunciation,4,A_zhjxLLA08,0.9304
MPNet,euclidean,Learn English with rap songs pronunciation,5,g82BjCFBH-8,0.9883
MPNet,euclidean,Learn English with Eminem lyrics pronunciation,1,soZc03vH_qQ,0.6593
MPNet,euclidean,Learn English with Eminem lyrics pronunciation,2,gj9SQk-rlkQ,0.6845
MPNet,euclidean,Learn English with Eminem lyrics pronunciation,3,u53Seni_i8U,0.8961
MPNet,euclidean,Learn English with Eminem lyrics pronunciation,4,A_zhjxLLA08,0.9369
MPNet,euclidean,Learn English with Eminem lyrics pronunciation,5,HBVX1D1SerE,0.9382
MPNet,euclidean,Learn English with Queen song vocabulary,1,A_zhjxLLA08,0.8941
MPNet,euclidean,Learn English with Queen song vocabulary,2,ys0SYYPLVOg,0.9282
MPNet,euclidean,Learn English with Queen song vocabulary,3,2EhiOgkklY0,0.9317
MPNet,euclidean,Learn English with Queen song vocabulary,4,fwrD70WeSzs,0.9329
MPNet,euclidean,Learn English with Queen song vocabulary,5,E7mbFm3NAp0,0.9366
MPNet,euclidean,Learn English with Ariana Grande song dialogue,1,CYkM3zOmjUE,0.6437
MPNet,euclidean,Learn English with Ariana Grande song dialogue,2,VAAOTyfO-Oo,0.7099
MPNet,euclidean,Learn English with Ariana Grande song dialogue,3,A_zhjxLLA08,0.7285
MPNet,euclidean,Learn English with Ariana Grande song dialogue,4,bUpTiOgMJu4,0.8012
MPNet,euclidean,Learn English with Ariana Grande song dialogue,5,ys0SYYPLVOg,0.8027
MPNet,euclidean,Learn English with Taylor Swift song expressions,1,bUpTiOgMJu4,0.7134
MPNet,euclidean,Learn English with Taylor Swift song expressions,2,A_zhjxLLA08,0.8115
MPNet,euclidean,Learn English with Taylor Swift song expressions,3,sn4eOnRyJVg,0.8369
MPNet,euclidean,Learn English with Taylor Swift song expressions,4,CYkM3zOmjUE,0.8505
MPNet,euclidean,Learn English with Taylor Swift song expressions,5,ys0SYYPLVOg,0.8665
MPNet,euclidean,Learn English with Billie Eilish song pronunciation,1,2EhiOgkklY0,0.803
MPNet,euclidean,Learn English with Billie Eilish song pronunciation,2,u53Seni_i8U,0.907
MPNet,euclidean,Learn English with Billie Eilish song pronunciation,3,atySD7QuIqI,0.9482
MPNet,euclidean,Learn English with Billie Eilish song pronunciation,4,1puk6bREVMI,0.952
MPNet,euclidean,Learn English with Billie Eilish song pronunciation,5,A_zhjxLLA08,0.9526
MPNet,euclidean,Learn English with Michael Jackson song lyrics,1,soZc03vH_qQ,0.834
MPNet,euclidean,Learn English with Michael Jackson song lyrics,2,gj9SQk-rlkQ,0.877
MPNet,euclidean,Learn English with Michael Jackson song lyrics,3,u53Seni_i8U,0.8862
MPNet,euclidean,Learn English with Michael Jackson song lyrics,4,A_zhjxLLA08,0.9101
MPNet,euclidean,Learn English with Michael Jackson song lyrics,5,CflETAu1f4I,0.9187
MPNet,euclidean,Learn English with Jonas Brothers song dialogue,1,u53Seni_i8U,0.8142
MPNet,euclidean,Learn English with Jonas Brothers song dialogue,2,bUpTiOgMJu4,0.8659
MPNet,euclidean,Learn English with Jonas Brothers song dialogue,3,g82BjCFBH-8,0.8795
MPNet,euclidean,Learn English with Jonas Brothers song dialogue,4,PL7niJMDu5w,0.8811
MPNet,euclidean,Learn English with Jonas Brothers song dialogue,5,ufCndfbsfpw,0.8907
MPNet,euclidean,Learn English with Lady Gaga song vocabulary,1,VAAOTyfO-Oo,0.7802
MPNet,euclidean,Learn English with Lady Gaga song vocabulary,2,A_zhjxLLA08,0.8386
MPNet,euclidean,Learn English with Lady Gaga song vocabulary,3,ys0SYYPLVOg,0.9024
MPNet,euclidean,Learn English with Lady Gaga song vocabulary,4,3GCmsMI5iAY,0.9332
MPNet,euclidean,Learn English with Lady Gaga song vocabulary,5,bUpTiOgMJu4,0.9377
MPNet,euclidean,Learn English with Bob Marley song expressions,1,2VW4jNOVwtA,0.8882
MPNet,euclidean,Learn English with Bob Marley song expressions,2,soZc03vH_qQ,0.9056
MPNet,euclidean,Learn English with Bob Marley song expressions,3,fwrD70WeSzs,0.9136
MPNet,euclidean,Learn English with Bob Marley song expressions,4,A_zhjxLLA08,0.9169
MPNet,euclidean,Learn English with Bob Marley song expressions,5,J135Qy4TVfQ,0.9375
MPNet,euclidean,Understand fast English without subtitles,1,lhugwz26kUc,0.7779
MPNet,euclidean,Understand fast English without subtitles,2,T-FXi4Buqps,0.8484
MPNet,euclidean,Understand fast English without subtitles,3,s3p2EoAzhtE,0.8846
MPNet,euclidean,Understand fast English without subtitles,4,ufCndfbsfpw,0.9145
MPNet,euclidean,Understand fast English without subtitles,5,OyNA4FA47do,0.9227
MPNet,euclidean,How to understand movies without subtitles,1,lhugwz26kUc,0.7359
MPNet,euclidean,How to understand movies without subtitles,2,s3p2EoAzhtE,0.7939
MPNet,euclidean,How to understand movies without subtitles,3,T-FXi4Buqps,0.8567
MPNet,euclidean,How to understand movies without subtitles,4,OyNA4FA47do,0.9719
MPNet,euclidean,How to understand movies without subtitles,5,Xz4q93l6uvQ,0.9912
MPNet,euclidean,How to learn English with Netflix shows,1,xsUEm_faz_w,0.8227
MPNet,euclidean,How to learn English with Netflix shows,2,y8RrDy0v8zs,0.8413
MPNet,euclidean,How to learn English with Netflix shows,3,lhugwz26kUc,0.8682
MPNet,euclidean,How to learn English with Netflix shows,4,fRseMUZ2NOM,0.8766
MPNet,euclidean,How to learn English with Netflix shows,5,RQuL3lsuarQ,0.8857
MPNet,euclidean,How to improve English listening with TV series,1,lhugwz26kUc,0.8212
MPNet,euclidean,How to improve English listening with TV series,2,KEWge76EHpA,0.8302
MPNet,euclidean,How to improve English listening with TV series,3,fRseMUZ2NOM,0.8383
MPNet,euclidean,How to improve English listening with TV series,4,1puk6bREVMI,0.8421
MPNet,euclidean,How to improve English listening with TV series,5,y8RrDy0v8zs,0.8451
MPNet,euclidean,How to learn English with movie scenes,1,lhugwz26kUc,0.7305
MPNet,euclidean,How to learn English with movie scenes,2,fRseMUZ2NOM,0.7763
MPNet,euclidean,How to learn English with movie scenes,3,edvu5y-phhY,0.8337
MPNet,euclidean,How to learn English with movie scenes,4,OyNA4FA47do,0.8429
MPNet,euclidean,How to learn English with movie scenes,5,k9MTueetF38,0.868
MPNet,euclidean,How to understand fast native English speech,1,Vcum4dzafOE,0.8032
MPNet,euclidean,How to understand fast native English speech,2,rp11KpaLA9A,0.8197
MPNet,euclidean,How to understand fast native English speech,3,KEWge76EHpA,0.8517
MPNet,euclidean,How to understand fast native English speech,4,F23Bm4FrwJI,0.8562
MPNet,euclidean,How to understand fast native English speech,5,lhugwz26kUc,0.8588
MPNet,euclidean,How to learn English with TV show dialogue,1,lhugwz26kUc,0.7802
MPNet,euclidean,How to learn English with TV show dialogue,2,y8RrDy0v8zs,0.8224
MPNet,euclidean,How to learn English with TV show dialogue,3,1puk6bREVMI,0.8244
MPNet,euclidean,How to learn English with TV show dialogue,4,fRseMUZ2NOM,0.8467
MPNet,euclidean,How to learn English with TV show dialogue,5,RQuL3lsuarQ,0.8498
MPNet,euclidean,How to practice English listening with movies,1,fRseMUZ2NOM,0.7524
MPNet,euclidean,How to practice English listening with movies,2,lhugwz26kUc,0.7564
MPNet,euclidean,How to practice English listening with movies,3,JpUZsBUitzA,0.8687
MPNet,euclidean,How to practice English listening with movies,4,k9MTueetF38,0.8738
MPNet,euclidean,How to practice English listening with movies,5,cj0_XhE_qxE,0.8748
MPNet,euclidean,How to learn real English expressions from movies,1,lhugwz26kUc,0.7911
MPNet,euclidean,How to learn real English expressions from movies,2,fRseMUZ2NOM,0.8069
MPNet,euclidean,How to learn real English expressions from movies,3,edvu5y-phhY,0.8155
MPNet,euclidean,How to learn real English expressions from movies,4,fpbdQBcuJ_E,0.8398
MPNet,euclidean,How to learn real English expressions from movies,5,Dp1I_iFRRVA,0.8775
MPNet,euclidean,How to understand jokes in English TV shows,1,r3K7sfk7dmY,0.9272
MPNet,euclidean,How to understand jokes in English TV shows,2,RlcSm5jf89o,0.998
MPNet,euclidean,How to understand jokes in English TV shows,3,_WTEzSLs3LU,1.0005
MPNet,euclidean,How to understand jokes in English TV shows,4,LlTP-I9o3PA,1.0059
MPNet,euclidean,How to understand jokes in English TV shows,5,72okAeSn5Tc,1.0101
MPNet,euclidean,Real English expressions used by native speakers,1,a79pawTkIx8,0.8457
MPNet,euclidean,Real English expressions used by native speakers,2,wc3rY_2YQkM,0.8789
MPNet,euclidean,Real English expressions used by native speakers,3,72okAeSn5Tc,0.9702
MPNet,euclidean,Real English expressions used by native speakers,4,SkRaA1b73N4,0.9778
MPNet,euclidean,Real English expressions used by native speakers,5,UUj4dwbCnGE,0.982
MPNet,euclidean,Common phrases used in American TV series,1,a79pawTkIx8,0.8241
MPNet,euclidean,Common phrases used in American TV series,2,F9hBErKjL_Y,0.9304
MPNet,euclidean,Common phrases used in American TV series,3,CKTPXv9XCeA,0.9628
MPNet,euclidean,Common phrases used in American TV series,4,SkRaA1b73N4,0.9695
MPNet,euclidean,Common phrases used in American TV series,5,72okAeSn5Tc,0.9739
MPNet,euclidean,English slang used in movie dialogues,1,fpbdQBcuJ_E,0.8149
MPNet,euclidean,English slang used in movie dialogues,2,Cd2pxyKaKUM,0.8614
MPNet,euclidean,English slang used in movie dialogues,3,edvu5y-phhY,0.8706
MPNet,euclidean,English slang used in movie dialogues,4,lHE4RysZgR0,0.8924
MPNet,euclidean,English slang used in movie dialogues,5,tdn81jlykww,0.9302
MPNet,euclidean,Daily English expressions used by natives,1,a79pawTkIx8,0.7361
MPNet,euclidean,Daily English expressions used by natives,2,wc3rY_2YQkM,0.8949
MPNet,euclidean,Daily English expressions used by natives,3,JDYksdXAOOU,0.987
MPNet,euclidean,Daily English expressions used by natives,4,SkRaA1b73N4,0.9879
MPNet,euclidean,Daily English expressions used by natives,5,72okAeSn5Tc,0.9947
MPNet,euclidean,Natural English pronunciation in movies,1,EccLlzUCF4w,0.8085
MPNet,euclidean,Natural English pronunciation in movies,2,lhugwz26kUc,0.8315
MPNet,euclidean,Natural English pronunciation in movies,3,NKLyCK0zySA,0.8723
MPNet,euclidean,Natural English pronunciation in movies,4,fRseMUZ2NOM,0.8833
MPNet,euclidean,Natural English pronunciation in movies,5,GdD065F54ko,0.892
MPNet,euclidean,Connected speech examples in movie dialogue,1,lhugwz26kUc,0.9625
MPNet,euclidean,Connected speech examples in movie dialogue,2,FZXyYuiyq2I,0.9684
MPNet,euclidean,Connected speech examples in movie dialogue,3,Vcum4dzafOE,0.9722
MPNet,euclidean,Connected speech examples in movie dialogue,4,wOx50owZLyA,0.9899
MPNet,euclidean,Connected speech examples in movie dialogue,5,fRseMUZ2NOM,0.9945
MPNet,euclidean,Reduced speech in native English conversation,1,Vcum4dzafOE,0.9427
MPNet,euclidean,Reduced speech in native English conversation,2,L5EW4uRl_ps,0.9486
MPNet,euclidean,Reduced speech in native English conversation,3,nCf2qbVQ4Y4,0.9621
MPNet,euclidean,Reduced speech in native English conversation,4,EccLlzUCF4w,0.9761
MPNet,euclidean,Reduced speech in native English conversation,5,wOx50owZLyA,0.9834
MPNet,euclidean,Shadowing technique with TV series dialogue,1,NKLyCK0zySA,1.069
MPNet,euclidean,Shadowing technique with TV series dialogue,2,lhugwz26kUc,1.0805
MPNet,euclidean,Shadowing technique with TV series dialogue,3,T-FXi4Buqps,1.0863
MPNet,euclidean,Shadowing technique with TV series dialogue,4,1puk6bREVMI,1.1059
MPNet,euclidean,Shadowing technique with TV series dialogue,5,OCp43nUf0yQ,1.1059
MPNet,euclidean,English listening practice with TV show scenes,1,lhugwz26kUc,0.7712
MPNet,euclidean,English listening practice with TV show scenes,2,1puk6bREVMI,0.8365
MPNet,euclidean,English listening practice with TV show scenes,3,fRseMUZ2NOM,0.8634
MPNet,euclidean,English listening practice with TV show scenes,4,T-FXi4Buqps,0.87
MPNet,euclidean,English listening practice with TV show scenes,5,KEWge76EHpA,0.8794
MPNet,euclidean,English pronunciation practice with movie dialogue,1,lhugwz26kUc,0.7628
MPNet,euclidean,English pronunciation practice with movie dialogue,2,fRseMUZ2NOM,0.7875
MPNet,euclidean,English pronunciation practice with movie dialogue,3,1puk6bREVMI,0.8341
MPNet,euclidean,English pronunciation practice with movie dialogue,4,F23Bm4FrwJI,0.8449
MPNet,euclidean,English pronunciation practice with movie dialogue,5,edvu5y-phhY,0.8635
MPNet,euclidean,Best TV series to learn English fast,1,xsUEm_faz_w,0.7806
MPNet,euclidean,Best TV series to learn English fast,2,7Ck3q5GaF5M,0.8272
MPNet,euclidean,Best TV series to learn English fast,3,JteHl9PQEIU,0.8349
MPNet,euclidean,Best TV series to learn English fast,4,NZzNSIrMZs0,0.8685
MPNet,euclidean,Best TV series to learn English fast,5,V1mhdFpsYFA,0.8737
MPNet,euclidean,Best movies to learn English listening,1,V1mhdFpsYFA,0.7093
MPNet,euclidean,Best movies to learn English listening,2,fRseMUZ2NOM,0.8028
MPNet,euclidean,Best movies to learn English listening,3,67E6Dl6LaW4,0.8576
MPNet,euclidean,Best movies to learn English listening,4,SkViUbosnD4,0.8614
MPNet,euclidean,Best movies to learn English listening,5,FZXyYuiyq2I,0.878
MPNet,euclidean,How to train your ear with English movies,1,lhugwz26kUc,0.7493
MPNet,euclidean,How to train your ear with English movies,2,fRseMUZ2NOM,0.7884
MPNet,euclidean,How to train your ear with English movies,3,cj0_XhE_qxE,0.8701
MPNet,euclidean,How to train your ear with English movies,4,OyNA4FA47do,0.872
MPNet,euclidean,How to train your ear with English movies,5,QMxTi2D66pY,0.8732
MPNet,euclidean,How to improve speaking using TV shows,1,KEWge76EHpA,0.8335
MPNet,euclidean,How to improve speaking using TV shows,2,y8RrDy0v8zs,0.8638
MPNet,euclidean,How to improve speaking using TV shows,3,1puk6bREVMI,0.887
MPNet,euclidean,How to improve speaking using TV shows,4,fRseMUZ2NOM,0.8909
MPNet,euclidean,How to improve speaking using TV shows,5,lhugwz26kUc,0.8941
MPNet,euclidean,How to learn vocabulary from movie scenes,1,lhugwz26kUc,0.8496
MPNet,euclidean,How to learn vocabulary from movie scenes,2,fRseMUZ2NOM,0.934
MPNet,euclidean,How to learn vocabulary from movie scenes,3,edvu5y-phhY,0.9467
MPNet,euclidean,How to learn vocabulary from movie scenes,4,UUAENx1NANg,0.9737
MPNet,euclidean,How to learn vocabulary from movie scenes,5,fpbdQBcuJ_E,0.9753
MPNet,euclidean,How to sound like a native English speaker,1,srFHh4UiO7U,0.8471
MPNet,euclidean,How to sound like a native English speaker,2,TzizA5rjM_Y,0.8665
MPNet,euclidean,How to sound like a native English speaker,3,L2ylZyu0j7g,0.8804
MPNet,euclidean,How to sound like a native English speaker,4,zMuPfKkAcmI,0.9182
MPNet,euclidean,How to sound like a native English speaker,5,rp11KpaLA9A,0.9222
MPNet,euclidean,English conversation practice with movie clips,1,fRseMUZ2NOM,0.7701
MPNet,euclidean,English conversation practice with movie clips,2,lhugwz26kUc,0.8037
MPNet,euclidean,English conversation practice with movie clips,3,KEWge76EHpA,0.8544
MPNet,euclidean,English conversation practice with movie clips,4,PL7niJMDu5w,0.8681
MPNet,euclidean,English conversation practice with movie clips,5,T-FXi4Buqps,0.883
MPNet,euclidean,Advanced English listening with TV series,1,lhugwz26kUc,0.8191
MPNet,euclidean,Advanced English listening with TV series,2,FZoeUNG_x4I,0.886
MPNet,euclidean,Advanced English listening with TV series,3,T-FXi4Buqps,0.89
MPNet,euclidean,Advanced English listening with TV series,4,fRseMUZ2NOM,0.8948
MPNet,euclidean,Advanced English listening with TV series,5,KEWge76EHpA,0.9009
MPNet,euclidean,Real life English conversation from movies,1,FZXyYuiyq2I,0.8338
MPNet,euclidean,Real life English conversation from movies,2,edvu5y-phhY,0.8383
MPNet,euclidean,Real life English conversation from movies,3,fpbdQBcuJ_E,0.8397
MPNet,euclidean,Real life English conversation from movies,4,SkViUbosnD4,0.8568
MPNet,euclidean,Real life English conversation from movies,5,lhugwz26kUc,0.861
MPNet,euclidean,English fluency practice with TV series scenes,1,lhugwz26kUc,0.731
MPNet,euclidean,English fluency practice with TV series scenes,2,fRseMUZ2NOM,0.8019
MPNet,euclidean,English fluency practice with TV series scenes,3,y8RrDy0v8zs,0.8378
MPNet,euclidean,English fluency practice with TV series scenes,4,1puk6bREVMI,0.8425
MPNet,euclidean,English fluency practice with TV series scenes,5,edvu5y-phhY,0.8566
MPNet,cityblock,Learn English with The Devil Wears Prada scene,1,OuTtIzGhUDY,16.2319
MPNet,cityblock,Learn English with The Devil Wears Prada scene,2,aRbaIHNttv4,16.5859
MPNet,cityblock,Learn English with The Devil Wears Prada scene,3,edvu5y-phhY,18.989
MPNet,cityblock,Learn English with The Devil Wears Prada scene,4,wdh9y2TkIns,19.6072
MPNet,cityblock,Learn English with The Devil Wears Prada scene,5,tdn81jlykww,19.7437
MPNet,cityblock,Learn English with SpongeBob SquarePants dialogue,1,JxWEAP0aAJQ,13.1633
MPNet,cityblock,Learn English with SpongeBob SquarePants dialogue,2,NDhPifXoBYI,16.3474
MPNet,cityblock,Learn English with SpongeBob SquarePants dialogue,3,KEWge76EHpA,17.8645
MPNet,cityblock,Learn English with SpongeBob SquarePants dialogue,4,8cjTEJseLUk,18.2423
MPNet,cityblock,Learn English with SpongeBob SquarePants dialogue,5,wppNtDrquVc,18.4308
MPNet,cityblock,Learn English with The Simpsons episode conversation,1,A8h35t_VYQA,17.7732
MPNet,cityblock,Learn English with The Simpsons episode conversation,2,KEWge76EHpA,17.8903
MPNet,cityblock,Learn English with The Simpsons episode conversation,3,HLBxx-rejmE,18.1675
MPNet,cityblock,Learn English with The Simpsons episode conversation,4,xV-GT84xzE8,18.3176
MPNet,cityblock,Learn English with The Simpsons episode conversation,5,apI6j_LQYAA,18.4832
MPNet,cityblock,Learn English with Peaky Blinders speaking style,1,2li3fhbUnXI,17.9268
MPNet,cityblock,Learn English with Peaky Blinders speaking style,2,y8RrDy0v8zs,18.3441
MPNet,cityblock,Learn English with Peaky Blinders speaking style,3,1puk6bREVMI,18.3644
MPNet,cityblock,Learn English with Peaky Blinders speaking style,4,KEWge76EHpA,18.5128
MPNet,cityblock,Learn English with Peaky Blinders speaking style,5,rp11KpaLA9A,18.5252
MPNet,cityblock,Learn English with Jennifer Aniston interview,1,dsN6FiF9ncI,16.1715
MPNet,cityblock,Learn English with Jennifer Aniston interview,2,381NyVSorHo,17.1468
MPNet,cityblock,Learn English with Jennifer Aniston interview,3,5fBrINGT0Dg,17.3608
MPNet,cityblock,Learn English with Jennifer Aniston interview,4,qSBNioIIQi4,19.5681
MPNet,cityblock,Learn English with Jennifer Aniston interview,5,wdh9y2TkIns,19.5821
MPNet,cityblock,Learn English with Zootopia movie dialogue,1,aU58RGC4IKw,16.4249
MPNet,cityblock,Learn English with Zootopia movie dialogue,2,QMxTi2D66pY,16.7739
MPNet,cityblock,Learn English with Zootopia movie dialogue,3,fRseMUZ2NOM,17.1689
MPNet,cityblock,Learn English with Zootopia movie dialogue,4,HgB2UHli0fU,17.3462
MPNet,cityblock,Learn English with Zootopia movie dialogue,5,4Pu-xXFfkro,17.3631
MPNet,cityblock,Learn English with The Lion King movie scene,1,HgB2UHli0fU,14.3747
MPNet,cityblock,Learn English with The Lion King movie scene,2,IIhWbZk2B3o,15.4435
MPNet,cityblock,Learn English with The Lion King movie scene,3,cj0_XhE_qxE,16.1931
MPNet,cityblock,Learn English with The Lion King movie scene,4,4Pu-xXFfkro,17.5896
MPNet,cityblock,Learn English with The Lion King movie scene,5,Ql17ws1pmiQ,17.6191
MPNet,cityblock,Learn English with Pirates of the Caribbean dialogue,1,UUAENx1NANg,11.9671
MPNet,cityblock,Learn English with Pirates of the Caribbean dialogue,2,iuQsu4HOlrA,14.8756
MPNet,cityblock,Learn English with Pirates of the Caribbean dialogue,3,ICVQ6wfZr3c,16.3924
MPNet,cityblock,Learn English with Pirates of the Caribbean dialogue,4,wqOlUOkiFbs,17.9634
MPNet,cityblock,Learn English with Pirates of the Caribbean dialogue,5,cj0_XhE_qxE,17.9918
MPNet,cityblock,Learn English with Beauty and the Beast conversation,1,aTYNX1pjwwk,16.2589
MPNet,cityblock,Learn English with Beauty and the Beast conversation,2,1jdjbt8W3es,18.5813
MPNet,cityblock,Learn English with Beauty and the Beast conversation,3,RjQJRRU8ZFU,18.6986
MPNet,cityblock,Learn English with Beauty and the Beast conversation,4,RjNka8csfYU,19.0761
MPNet,cityblock,Learn English with Beauty and the Beast conversation,5,WU0W0S5ILHY,19.1569
MPNet,cityblock,Learn English with Frozen movie scene,1,PL7niJMDu5w,13.4348
MPNet,cityblock,Learn English with Frozen movie scene,2,RjNka8csfYU,15.5682
MPNet,cityblock,Learn English with Frozen movie scene,3,fRseMUZ2NOM,17.8336
MPNet,cityblock,Learn English with Frozen movie scene,4,4Pu-xXFfkro,17.9818
MPNet,cityblock,Learn English with Frozen movie scene,5,LPA52CoT44w,18.1237
MPNet,cityblock,Learn English with Toy Story movie dialogue,1,YDTw1qL0wDw,16.3649
MPNet,cityblock,Learn English with Toy Story movie dialogue,2,IYsurU_B4Qo,17.0508
MPNet,cityblock,Learn English with Toy Story movie dialogue,3,fRseMUZ2NOM,17.0937
MPNet,cityblock,Learn English with Toy Story movie dialogue,4,LPA52CoT44w,17.1436
MPNet,cityblock,Learn English with Toy Story movie dialogue,5,QMxTi2D66pY,17.2304
MPNet,cityblock,Learn English with Finding Nemo conversation,1,TswCNV6meYM,15.5337
MPNet,cityblock,Learn English with Finding Nemo conversation,2,RjNka8csfYU,16.611
MPNet,cityblock,Learn English with Finding Nemo conversation,3,8cjTEJseLUk,17.4547
MPNet,cityblock,Learn English with Finding Nemo conversation,4,UUAENx1NANg,17.5174
MPNet,cityblock,Learn English with Finding Nemo conversation,5,fRseMUZ2NOM,17.7756
MPNet,cityblock,Learn English with Aladdin movie dialogue,1,cj0_XhE_qxE,17.487
MPNet,cityblock,Learn English with Aladdin movie dialogue,2,67E6Dl6LaW4,17.8731
MPNet,cityblock,Learn English with Aladdin movie dialogue,3,fRseMUZ2NOM,18.0984
MPNet,cityblock,Learn English with Aladdin movie dialogue,4,4Pu-xXFfkro,18.1172
MPNet,cityblock,Learn English with Aladdin movie dialogue,5,Ql17ws1pmiQ,18.3361
MPNet,cityblock,Learn English with Maleficent movie scene,1,67E6Dl6LaW4,17.0662
MPNet,cityblock,Learn English with Maleficent movie scene,2,cj0_XhE_qxE,17.0909
MPNet,cityblock,Learn English with Maleficent movie scene,3,4Pu-xXFfkro,17.3045
MPNet,cityblock,Learn English with Maleficent movie scene,4,aTYNX1pjwwk,17.3795
MPNet,cityblock,Learn English with Maleficent movie scene,5,SkViUbosnD4,17.7703
MPNet,cityblock,Learn English with Ice Age movie conversation,1,RjNka8csfYU,13.5738
MPNet,cityblock,Learn English with Ice Age movie conversation,2,QMxTi2D66pY,16.9028
MPNet,cityblock,Learn English with Ice Age movie conversation,3,PL7niJMDu5w,17.0942
MPNet,cityblock,Learn English with Ice Age movie conversation,4,fRseMUZ2NOM,17.7062
MPNet,cityblock,Learn English with Ice Age movie conversation,5,Md41MGtwjfo,18.095
MPNet,cityblock,Learn English with Monsters Inc movie dialogue,1,fRseMUZ2NOM,17.1351
MPNet,cityblock,Learn English with Monsters Inc movie dialogue,2,_kafLt9bNyU,17.2694
MPNet,cityblock,Learn English with Monsters Inc movie dialogue,3,cj0_XhE_qxE,17.3516
MPNet,cityblock,Learn English with Monsters Inc movie dialogue,4,4Pu-xXFfkro,17.7341
MPNet,cityblock,Learn English with Monsters Inc movie dialogue,5,8cjTEJseLUk,17.8575
MPNet,cityblock,Learn English with Shrek movie expressions,1,Sev_UnaqWmM,14.5766
MPNet,cityblock,Learn English with Shrek movie expressions,2,YDTw1qL0wDw,17.4897
MPNet,cityblock,Learn English with Shrek movie expressions,3,Ql17ws1pmiQ,18.1042
MPNet,cityblock,Learn English with Shrek movie expressions,4,PL7niJMDu5w,18.313
MPNet,cityblock,Learn English with Shrek movie expressions,5,4Pu-xXFfkro,18.3372
MPNet,cityblock,Learn English with Disney movie conversations,1,YDTw1qL0wDw,14.8933
MPNet,cityblock,Learn English with Disney movie conversations,2,SkViUbosnD4,15.2063
MPNet,cityblock,Learn English with Disney movie conversations,3,4Pu-xXFfkro,15.5312
MPNet,cityblock,Learn English with Disney movie conversations,4,LPA52CoT44w,15.96
MPNet,cityblock,Learn English with Disney movie conversations,5,QMxTi2D66pY,16.1032
MPNet,cityblock,Learn English with How I Met Your Mother dialogue,1,HLBxx-rejmE,15.4944
MPNet,cityblock,Learn English with How I Met Your Mother dialogue,2,KEWge76EHpA,18.2995
MPNet,cityblock,Learn English with How I Met Your Mother dialogue,3,edvu5y-phhY,18.4585
MPNet,cityblock,Learn English with How I Met Your Mother dialogue,4,RQuL3lsuarQ,18.7768
MPNet,cityblock,Learn English with How I Met Your Mother dialogue,5,MKv55DyDk0Y,18.7808
MPNet,cityblock,Learn English with Friends TV series conversation,1,RQuL3lsuarQ,16.0358
MPNet,cityblock,Learn English with Friends TV series conversation,2,KEWge76EHpA,17.1059
MPNet,cityblock,Learn English with Friends TV series conversation,3,RjNka8csfYU,17.2166
MPNet,cityblock,Learn English with Friends TV series conversation,4,HLBxx-rejmE,17.3165
MPNet,cityblock,Learn English with Friends TV series conversation,5,5i8s5XMzEoA,17.6154
MPNet,cityblock,Learn English with rap songs pronunciation,1,soZc03vH_qQ,14.7385
MPNet,cityblock,Learn English with rap songs pronunciation,2,gj9SQk-rlkQ,16.5417
MPNet,cityblock,Learn English with rap songs pronunciation,3,u53Seni_i8U,19.3927
MPNet,cityblock,Learn English with rap songs pronunciation,4,A_zhjxLLA08,19.9725
MPNet,cityblock,Learn English with rap songs pronunciation,5,g82BjCFBH-8,21.4631
MPNet,cityblock,Learn English with Eminem lyrics pronunciation,1,soZc03vH_qQ,14.5466
MPNet,cityblock,Learn English with Eminem lyrics pronunciation,2,gj9SQk-rlkQ,14.9869
MPNet,cityblock,Learn English with Eminem lyrics pronunciation,3,u53Seni_i8U,19.3678
MPNet,cityblock,Learn English with Eminem lyrics pronunciation,4,A_zhjxLLA08,20.5918
MPNet,cityblock,Learn English with Eminem lyrics pronunciation,5,HBVX1D1SerE,20.7943
MPNet,cityblock,Learn English with Queen song vocabulary,1,A_zhjxLLA08,19.1876
MPNet,cityblock,Learn English with Queen song vocabulary,2,fwrD70WeSzs,19.9832
MPNet,cityblock,Learn English with Queen song vocabulary,3,2EhiOgkklY0,20.0787
MPNet,cityblock,Learn English with Queen song vocabulary,4,ys0SYYPLVOg,20.1759
MPNet,cityblock,Learn English with Queen song vocabulary,5,u53Seni_i8U,20.2787
MPNet,cityblock,Learn English with Ariana Grande song dialogue,1,CYkM3zOmjUE,14.0844
MPNet,cityblock,Learn English with Ariana Grande song dialogue,2,VAAOTyfO-Oo,15.5262
MPNet,cityblock,Learn English with Ariana Grande song dialogue,3,A_zhjxLLA08,15.7443
MPNet,cityblock,Learn English with Ariana Grande song dialogue,4,ys0SYYPLVOg,17.4174
MPNet,cityblock,Learn English with Ariana Grande song dialogue,5,bUpTiOgMJu4,17.6262
MPNet,cityblock,Learn English with Taylor Swift song expressions,1,bUpTiOgMJu4,15.2936
MPNet,cityblock,Learn English with Taylor Swift song expressions,2,A_zhjxLLA08,17.7049
MPNet,cityblock,Learn English with Taylor Swift song expressions,3,CYkM3zOmjUE,18.0267
MPNet,cityblock,Learn English with Taylor Swift song expressions,4,sn4eOnRyJVg,18.3878
MPNet,cityblock,Learn English with Taylor Swift song expressions,5,ys0SYYPLVOg,18.7303
MPNet,cityblock,Learn English with Billie Eilish song pronunciation,1,2EhiOgkklY0,17.3069
MPNet,cityblock,Learn English with Billie Eilish song pronunciation,2,u53Seni_i8U,19.6231
MPNet,cityblock,Learn English with Billie Eilish song pronunciation,3,A_zhjxLLA08,20.682
MPNet,cityblock,Learn English with Billie Eilish song pronunciation,4,y6mK4ugKCac,20.7447
MPNet,cityblock,Learn English with Billie Eilish song pronunciation,5,1puk6bREVMI,20.7655
MPNet,cityblock,Learn English with Michael Jackson song lyrics,1,soZc03vH_qQ,17.8695
MPNet,cityblock,Learn English with Michael Jackson song lyrics,2,gj9SQk-rlkQ,18.9155
MPNet,cityblock,Learn English with Michael Jackson song lyrics,3,u53Seni_i8U,19.1544
MPNet,cityblock,Learn English with Michael Jackson song lyrics,4,A_zhjxLLA08,19.6239
MPNet,cityblock,Learn English with Michael Jackson song lyrics,5,CflETAu1f4I,19.7775
MPNet,cityblock,Learn English with Jonas Brothers song dialogue,1,u53Seni_i8U,17.3108
MPNet,cityblock,Learn English with Jonas Brothers song dialogue,2,ufCndfbsfpw,18.7818
MPNet,cityblock,Learn English with Jonas Brothers song dialogue,3,bUpTiOgMJu4,18.8305
MPNet,cityblock,Learn English with Jonas Brothers song dialogue,4,PL7niJMDu5w,18.8572
MPNet,cityblock,Learn English with Jonas Brothers song dialogue,5,g82BjCFBH-8,18.8848
MPNet,cityblock,Learn English with Lady Gaga song vocabulary,1,VAAOTyfO-Oo,16.8773
MPNet,cityblock,Learn English with Lady Gaga song vocabulary,2,A_zhjxLLA08,18.0966
MPNet,cityblock,Learn English with Lady Gaga song vocabulary,3,ys0SYYPLVOg,19.4366
MPNet,cityblock,Learn English with Lady Gaga song vocabulary,4,3GCmsMI5iAY,20.2675
MPNet,cityblock,Learn English with Lady Gaga song vocabulary,5,xpt3bJEjc-A,20.3114
MPNet,cityblock,Learn English with Bob Marley song expressions,1,2VW4jNOVwtA,19.1802
MPNet,cityblock,Learn English with Bob Marley song expressions,2,A_zhjxLLA08,19.5151
MPNet,cityblock,Learn English with Bob Marley song expressions,3,soZc03vH_qQ,19.5526
MPNet,cityblock,Learn English with Bob Marley song expressions,4,fwrD70WeSzs,19.883
MPNet,cityblock,Learn English with Bob Marley song expressions,5,IIhWbZk2B3o,20.0064
MPNet,cityblock,Understand fast English without subtitles,1,lhugwz26kUc,17.175
MPNet,cityblock,Understand fast English without subtitles,2,T-FXi4Buqps,18.6618
MPNet,cityblock,Understand fast English without subtitles,3,s3p2EoAzhtE,19.4909
MPNet,cityblock,Understand fast English without subtitles,4,ufCndfbsfpw,19.8429
MPNet,cityblock,Understand fast English without subtitles,5,OyNA4FA47do,20.2488
MPNet,cityblock,How to understand movies without subtitles,1,lhugwz26kUc,16.1296
MPNet,cityblock,How to understand movies without subtitles,2,s3p2EoAzhtE,17.3281
MPNet,cityblock,How to understand movies without subtitles,3,T-FXi4Buqps,19.0446
MPNet,cityblock,How to understand movies without subtitles,4,Xz4q93l6uvQ,21.1825
MPNet,cityblock,How to understand movies without subtitles,5,OyNA4FA47do,21.2419
MPNet,cityblock,How to learn English with Netflix shows,1,xsUEm_faz_w,18.191
MPNet,cityblock,How to learn English with Netflix shows,2,y8RrDy0v8zs,18.2091
MPNet,cityblock,How to learn English with Netflix shows,3,lhugwz26kUc,18.8884
MPNet,cityblock,How to learn English with Netflix shows,4,fRseMUZ2NOM,18.8953
MPNet,cityblock,How to learn English with Netflix shows,5,RQuL3lsuarQ,19.3627
MPNet,cityblock,How to improve English listening with TV series,1,lhugwz26kUc,18.1266
MPNet,cityblock,How to improve English listening with TV series,2,KEWge76EHpA,18.2991
MPNet,cityblock,How to improve English listening with TV series,3,y8RrDy0v8zs,18.3354
MPNet,cityblock,How to improve English listening with TV series,4,fRseMUZ2NOM,18.3644
MPNet,cityblock,How to improve English listening with TV series,5,xR7qcezLcXI,18.4706
MPNet,cityblock,How to learn English with movie scenes,1,lhugwz26kUc,15.9509
MPNet,cityblock,How to learn English with movie scenes,2,fRseMUZ2NOM,16.9032
MPNet,cityblock,How to learn English with movie scenes,3,edvu5y-phhY,18.3113
MPNet,cityblock,How to learn English with movie scenes,4,OyNA4FA47do,18.3692
MPNet,cityblock,How to learn English with movie scenes,5,PL7niJMDu5w,18.8267
MPNet,cityblock,How to understand fast native English speech,1,Vcum4dzafOE,17.2915
MPNet,cityblock,How to understand fast native English speech,2,rp11KpaLA9A,17.7888
MPNet,cityblock,How to understand fast native English speech,3,KEWge76EHpA,18.4899
MPNet,cityblock,How to understand fast native English speech,4,F23Bm4FrwJI,18.6429
MPNet,cityblock,How to understand fast native English speech,5,lhugwz26kUc,18.6462
MPNet,cityblock,How to learn English with TV show dialogue,1,lhugwz26kUc,17.0962
MPNet,cityblock,How to learn English with TV show dialogue,2,y8RrDy0v8zs,17.73
MPNet,cityblock,How to learn English with TV show dialogue,3,1puk6bREVMI,17.9466
MPNet,cityblock,How to learn English with TV show dialogue,4,fRseMUZ2NOM,18.483
MPNet,cityblock,How to learn English with TV show dialogue,5,RQuL3lsuarQ,18.5808
MPNet,cityblock,How to practice English listening with movies,1,fRseMUZ2NOM,16.1863
MPNet,cityblock,How to practice English listening with movies,2,lhugwz26kUc,16.7877
MPNet,cityblock,How to practice English listening with movies,3,cj0_XhE_qxE,18.9614
MPNet,cityblock,How to practice English listening with movies,4,JpUZsBUitzA,18.9987
MPNet,cityblock,How to practice English listening with movies,5,k9MTueetF38,19.008
MPNet,cityblock,How to learn real English expressions from movies,1,lhugwz26kUc,17.3436
MPNet,cityblock,How to learn real English expressions from movies,2,fRseMUZ2NOM,17.5921
MPNet,cityblock,How to learn real English expressions from movies,3,edvu5y-phhY,17.9283
MPNet,cityblock,How to learn real English expressions from movies,4,fpbdQBcuJ_E,18.3619
MPNet,cityblock,How to learn real English expressions from movies,5,Dp1I_iFRRVA,19.0872
MPNet,cityblock,How to understand jokes in English TV shows,1,r3K7sfk7dmY,20.3643
MPNet,cityblock,How to understand jokes in English TV shows,2,RlcSm5jf89o,21.9009
MPNet,cityblock,How to understand jokes in English TV shows,3,LlTP-I9o3PA,21.9497
MPNet,cityblock,How to understand jokes in English TV shows,4,QCWoDO07TRM,21.9705
MPNet,cityblock,How to understand jokes in English TV shows,5,72okAeSn5Tc,22.0534
MPNet,cityblock,Real English expressions used by native speakers,1,a79pawTkIx8,18.326
MPNet,cityblock,Real English expressions used by native speakers,2,wc3rY_2YQkM,19.3883
MPNet,cityblock,Real English expressions used by native speakers,3,72okAeSn5Tc,20.7032
MPNet,cityblock,Real English expressions used by native speakers,4,UUj4dwbCnGE,21.3389
MPNet,cityblock,Real English expressions used by native speakers,5,fpbdQBcuJ_E,21.49
MPNet,cityblock,Common phrases used in American TV series,1,a79pawTkIx8,17.6763
MPNet,cityblock,Common phrases used in American TV series,2,F9hBErKjL_Y,20.2152
MPNet,cityblock,Common phrases used in American TV series,3,CKTPXv9XCeA,20.876
MPNet,cityblock,Common phrases used in American TV series,4,SkRaA1b73N4,21.106
MPNet,cityblock,Common phrases used in American TV series,5,72okAeSn5Tc,21.1624
MPNet,cityblock,English slang used in movie dialogues,1,fpbdQBcuJ_E,17.8237
MPNet,cityblock,English slang used in movie dialogues,2,Cd2pxyKaKUM,18.6856
MPNet,cityblock,English slang used in movie dialogues,3,edvu5y-phhY,18.9939
MPNet,cityblock,English slang used in movie dialogues,4,lHE4RysZgR0,19.3075
MPNet,cityblock,English slang used in movie dialogues,5,dcCn9a8TC_I,20.1681
MPNet,cityblock,Daily English expressions used by natives,1,a79pawTkIx8,15.9183
MPNet,cityblock,Daily English expressions used by natives,2,wc3rY_2YQkM,19.4107
MPNet,cityblock,Daily English expressions used by natives,3,72okAeSn5Tc,21.1587
MPNet,cityblock,Daily English expressions used by natives,4,uuIZZc_CeFM,21.3942
MPNet,cityblock,Daily English expressions used by natives,5,6Oy5_C2Pfiw,21.5123
MPNet,cityblock,Natural English pronunciation in movies,1,EccLlzUCF4w,17.3594
MPNet,cityblock,Natural English pronunciation in movies,2,lhugwz26kUc,17.9808
MPNet,cityblock,Natural English pronunciation in movies,3,NKLyCK0zySA,18.7596
MPNet,cityblock,Natural English pronunciation in movies,4,edvu5y-phhY,19.1756
MPNet,cityblock,Natural English pronunciation in movies,5,fRseMUZ2NOM,19.2022
MPNet,cityblock,Connected speech examples in movie dialogue,1,FZXyYuiyq2I,20.6226
MPNet,cityblock,Connected speech examples in movie dialogue,2,lhugwz26kUc,20.7558
MPNet,cityblock,Connected speech examples in movie dialogue,3,Cd2pxyKaKUM,21.1159
MPNet,cityblock,Connected speech examples in movie dialogue,4,edvu5y-phhY,21.2291
MPNet,cityblock,Connected speech examples in movie dialogue,5,Vcum4dzafOE,21.2866
MPNet,cityblock,Reduced speech in native English conversation,1,L5EW4uRl_ps,20.56
MPNet,cityblock,Reduced speech in native English conversation,2,Vcum4dzafOE,20.6844
MPNet,cityblock,Reduced speech in native English conversation,3,nCf2qbVQ4Y4,20.8579
MPNet,cityblock,Reduced speech in native English conversation,4,wOx50owZLyA,21.1288
MPNet,cityblock,Reduced speech in native English conversation,5,F23Bm4FrwJI,21.1645
MPNet,cityblock,Shadowing technique with TV series dialogue,1,NKLyCK0zySA,23.0984
MPNet,cityblock,Shadowing technique with TV series dialogue,2,lhugwz26kUc,23.3305
MPNet,cityblock,Shadowing technique with TV series dialogue,3,T-FXi4Buqps,23.462
MPNet,cityblock,Shadowing technique with TV series dialogue,4,OCp43nUf0yQ,23.6487
MPNet,cityblock,Shadowing technique with TV series dialogue,5,1puk6bREVMI,24.0306
MPNet,cityblock,English listening practice with TV show scenes,1,lhugwz26kUc,16.8174
MPNet,cityblock,English listening practice with TV show scenes,2,1puk6bREVMI,18.2032
MPNet,cityblock,English listening practice with TV show scenes,3,T-FXi4Buqps,18.9536
MPNet,cityblock,English listening practice with TV show scenes,4,fRseMUZ2NOM,19.1351
MPNet,cityblock,English listening practice with TV show scenes,5,KEWge76EHpA,19.1763
MPNet,cityblock,English pronunciation practice with movie dialogue,1,lhugwz26kUc,16.6016
MPNet,cityblock,English pronunciation practice with movie dialogue,2,fRseMUZ2NOM,17.0555
MPNet,cityblock,English pronunciation practice with movie dialogue,3,F23Bm4FrwJI,18.1008
MPNet,cityblock,English pronunciation practice with movie dialogue,4,1puk6bREVMI,18.13
MPNet,cityblock,English pronunciation practice with movie dialogue,5,edvu5y-phhY,18.64
MPNet,cityblock,Best TV series to learn English fast,1,xsUEm_faz_w,17.2182
MPNet,cityblock,Best TV series to learn English fast,2,JteHl9PQEIU,17.8253
MPNet,cityblock,Best TV series to learn English fast,3,7Ck3q5GaF5M,18.1682
MPNet,cityblock,Best TV series to learn English fast,4,NZzNSIrMZs0,18.969
MPNet,cityblock,Best TV series to learn English fast,5,RQuL3lsuarQ,19.4115
MPNet,cityblock,Best movies to learn English listening,1,V1mhdFpsYFA,15.6143
MPNet,cityblock,Best movies to learn English listening,2,fRseMUZ2NOM,17.5449
MPNet,cityblock,Best movies to learn English listening,3,67E6Dl6LaW4,18.622
MPNet,cityblock,Best movies to learn English listening,4,SkViUbosnD4,18.6758
MPNet,cityblock,Best movies to learn English listening,5,FZXyYuiyq2I,19.0864
MPNet,cityblock,How to train your ear with English movies,1,lhugwz26kUc,16.5137
MPNet,cityblock,How to train your ear with English movies,2,fRseMUZ2NOM,17.0813
MPNet,cityblock,How to train your ear with English movies,3,cj0_XhE_qxE,18.771
MPNet,cityblock,How to train your ear with English movies,4,QMxTi2D66pY,18.835
MPNet,cityblock,How to train your ear with English movies,5,OyNA4FA47do,18.9285
MPNet,cityblock,How to improve speaking using TV shows,1,KEWge76EHpA,18.2216
MPNet,cityblock,How to improve speaking using TV shows,2,y8RrDy0v8zs,18.7385
MPNet,cityblock,How to improve speaking using TV shows,3,fRseMUZ2NOM,19.3342
MPNet,cityblock,How to improve speaking using TV shows,4,1puk6bREVMI,19.5887
MPNet,cityblock,How to improve speaking using TV shows,5,8cjTEJseLUk,19.6688
MPNet,cityblock,How to learn vocabulary from movie scenes,1,lhugwz26kUc,18.6842
MPNet,cityblock,How to learn vocabulary from movie scenes,2,fRseMUZ2NOM,19.9214
MPNet,cityblock,How to learn vocabulary from movie scenes,3,UUAENx1NANg,21.0139
MPNet,cityblock,How to learn vocabulary from movie scenes,4,edvu5y-phhY,21.0881
MPNet,cityblock,How to learn vocabulary from movie scenes,5,fpbdQBcuJ_E,21.398
MPNet,cityblock,How to sound like a native English speaker,1,srFHh4UiO7U,18.5705
MPNet,cityblock,How to sound like a native English speaker,2,TzizA5rjM_Y,19.0134
MPNet,cityblock,How to sound like a native English speaker,3,L2ylZyu0j7g,19.1424
MPNet,cityblock,How to sound like a native English speaker,4,rp11KpaLA9A,20.051
MPNet,cityblock,How to sound like a native English speaker,5,zMuPfKkAcmI,20.1523
MPNet,cityblock,English conversation practice with movie clips,1,fRseMUZ2NOM,16.5513
MPNet,cityblock,English conversation practice with movie clips,2,lhugwz26kUc,17.4397
MPNet,cityblock,English conversation practice with movie clips,3,KEWge76EHpA,18.5956
MPNet,cityblock,English conversation practice with movie clips,4,PL7niJMDu5w,18.8121
MPNet,cityblock,English conversation practice with movie clips,5,T-FXi4Buqps,19.095
MPNet,cityblock,Advanced English listening with TV series,1,lhugwz26kUc,17.9983
MPNet,cityblock,Advanced English listening with TV series,2,FZoeUNG_x4I,19.4959
MPNet,cityblock,Advanced English listening with TV series,3,T-FXi4Buqps,19.6092
MPNet,cityblock,Advanced English listening with TV series,4,fRseMUZ2NOM,19.7599
MPNet,cityblock,Advanced English listening with TV series,5,VZJaXyjs9RI,19.8231
MPNet,cityblock,Real life English conversation from movies,1,fpbdQBcuJ_E,18.2696
MPNet,cityblock,Real life English conversation from movies,2,FZXyYuiyq2I,18.5345
MPNet,cityblock,Real life English conversation from movies,3,edvu5y-phhY,18.5867
MPNet,cityblock,Real life English conversation from movies,4,SkViUbosnD4,18.5933
MPNet,cityblock,Real life English conversation from movies,5,lhugwz26kUc,18.6298
MPNet,cityblock,English fluency practice with TV series scenes,1,lhugwz26kUc,15.5958
MPNet,cityblock,English fluency practice with TV series scenes,2,fRseMUZ2NOM,17.6464
MPNet,cityblock,English fluency practice with TV series scenes,3,y8RrDy0v8zs,18.2054
MPNet,cityblock,English fluency practice with TV series scenes,4,1puk6bREVMI,18.4434
MPNet,cityblock,English fluency practice with TV series scenes,5,T-FXi4Buqps,18.7081
MPNet,chebyshev,Learn English with The Devil Wears Prada scene,1,tCrpvHJ52T0,0.1079
MPNet,chebyshev,Learn English with The Devil Wears Prada scene,2,67E6Dl6LaW4,0.108
MPNet,chebyshev,Learn English with The Devil Wears Prada scene,3,OuTtIzGhUDY,0.1093
MPNet,chebyshev,Learn English with The Devil Wears Prada scene,4,WU0W0S5ILHY,0.1104
MPNet,chebyshev,Learn English with The Devil Wears Prada scene,5,OyNA4FA47do,0.1106
MPNet,chebyshev,Learn English with SpongeBob SquarePants dialogue,1,JxWEAP0aAJQ,0.074
MPNet,chebyshev,Learn English with SpongeBob SquarePants dialogue,2,KEWge76EHpA,0.0891
MPNet,chebyshev,Learn English with SpongeBob SquarePants dialogue,3,NDhPifXoBYI,0.0968
MPNet,chebyshev,Learn English with SpongeBob SquarePants dialogue,4,lhugwz26kUc,0.0971
MPNet,chebyshev,Learn English with SpongeBob SquarePants dialogue,5,UUAENx1NANg,0.0978
MPNet,chebyshev,Learn English with The Simpsons episode conversation,1,dsN6FiF9ncI,0.1057
MPNet,chebyshev,Learn English with The Simpsons episode conversation,2,RjNka8csfYU,0.1092
MPNet,chebyshev,Learn English with The Simpsons episode conversation,3,HLBxx-rejmE,0.1161
MPNet,chebyshev,Learn English with The Simpsons episode conversation,4,RQuL3lsuarQ,0.1163
MPNet,chebyshev,Learn English with The Simpsons episode conversation,5,ufCndfbsfpw,0.1169
MPNet,chebyshev,Learn English with Peaky Blinders speaking style,1,uW-I9SFuU1A,0.0991
MPNet,chebyshev,Learn English with Peaky Blinders speaking style,2,lhugwz26kUc,0.0991
MPNet,chebyshev,Learn English with Peaky Blinders speaking style,3,A8h35t_VYQA,0.1011
MPNet,chebyshev,Learn English with Peaky Blinders speaking style,4,SkRaA1b73N4,0.103
MPNet,chebyshev,Learn English with Peaky Blinders speaking style,5,2VW4jNOVwtA,0.103
MPNet,chebyshev,Learn English with Jennifer Aniston interview,1,dsN6FiF9ncI,0.0943
MPNet,chebyshev,Learn English with Jennifer Aniston interview,2,r97i8J7U6XI,0.0988
MPNet,chebyshev,Learn English with Jennifer Aniston interview,3,5fBrINGT0Dg,0.0995
MPNet,chebyshev,Learn English with Jennifer Aniston interview,4,OCp43nUf0yQ,0.1059
MPNet,chebyshev,Learn English with Jennifer Aniston interview,5,P26AE7NLx4Q,0.1061
MPNet,chebyshev,Learn English with Zootopia movie dialogue,1,s3p2EoAzhtE,0.0899
MPNet,chebyshev,Learn English with Zootopia movie dialogue,2,LPA52CoT44w,0.0931
MPNet,chebyshev,Learn English with Zootopia movie dialogue,3,4Pu-xXFfkro,0.0958
MPNet,chebyshev,Learn English with Zootopia movie dialogue,4,SkViUbosnD4,0.0977
MPNet,chebyshev,Learn English with Zootopia movie dialogue,5,IYsurU_B4Qo,0.0978
MPNet,chebyshev,Learn English with The Lion King movie scene,1,IIhWbZk2B3o,0.0837
MPNet,chebyshev,Learn English with The Lion King movie scene,2,HgB2UHli0fU,0.085
MPNet,chebyshev,Learn English with The Lion King movie scene,3,cj0_XhE_qxE,0.0959
MPNet,chebyshev,Learn English with The Lion King movie scene,4,aU58RGC4IKw,0.099
MPNet,chebyshev,Learn English with The Lion King movie scene,5,YDTw1qL0wDw,0.1015
MPNet,chebyshev,Learn English with Pirates of the Caribbean dialogue,1,UUAENx1NANg,0.069
MPNet,chebyshev,Learn English with Pirates of the Caribbean dialogue,2,ICVQ6wfZr3c,0.0868
MPNet,chebyshev,Learn English with Pirates of the Caribbean dialogue,3,iuQsu4HOlrA,0.0895
MPNet,chebyshev,Learn English with Pirates of the Caribbean dialogue,4,wqOlUOkiFbs,0.0902
MPNet,chebyshev,Learn English with Pirates of the Caribbean dialogue,5,HgB2UHli0fU,0.0917
MPNet,chebyshev,Learn English with Beauty and the Beast conversation,1,aTYNX1pjwwk,0.0825
MPNet,chebyshev,Learn English with Beauty and the Beast conversation,2,RjQJRRU8ZFU,0.095
MPNet,chebyshev,Learn English with Beauty and the Beast conversation,3,1jdjbt8W3es,0.0961
MPNet,chebyshev,Learn English with Beauty and the Beast conversation,4,67E6Dl6LaW4,0.0962
MPNet,chebyshev,Learn English with Beauty and the Beast conversation,5,RQuL3lsuarQ,0.1045
MPNet,chebyshev,Learn English with Frozen movie scene,1,PL7niJMDu5w,0.0738
MPNet,chebyshev,Learn English with Frozen movie scene,2,KEWge76EHpA,0.0928
MPNet,chebyshev,Learn English with Frozen movie scene,3,ufCndfbsfpw,0.0941
MPNet,chebyshev,Learn English with Frozen movie scene,4,OyNA4FA47do,0.096
MPNet,chebyshev,Learn English with Frozen movie scene,5,S0SJiGPUkBk,0.097
MPNet,chebyshev,Learn English with Toy Story movie dialogue,1,SkViUbosnD4,0.094
MPNet,chebyshev,Learn English with Toy Story movie dialogue,2,cj0_XhE_qxE,0.0961
MPNet,chebyshev,Learn English with Toy Story movie dialogue,3,JxWEAP0aAJQ,0.0983
MPNet,chebyshev,Learn English with Toy Story movie dialogue,4,2MlWEVKMD_M,0.1007
MPNet,chebyshev,Learn English with Toy Story movie dialogue,5,Dp1I_iFRRVA,0.1016
MPNet,chebyshev,Learn English with Finding Nemo conversation,1,TswCNV6meYM,0.0789
MPNet,chebyshev,Learn English with Finding Nemo conversation,2,JxWEAP0aAJQ,0.1027
MPNet,chebyshev,Learn English with Finding Nemo conversation,3,rz478f17kn0,0.1076
MPNet,chebyshev,Learn English with Finding Nemo conversation,4,LPA52CoT44w,0.1093
MPNet,chebyshev,Learn English with Finding Nemo conversation,5,QaP6nhNyHb0,0.1096
MPNet,chebyshev,Learn English with Aladdin movie dialogue,1,YDTw1qL0wDw,0.102
MPNet,chebyshev,Learn English with Aladdin movie dialogue,2,67E6Dl6LaW4,0.1032
MPNet,chebyshev,Learn English with Aladdin movie dialogue,3,SNvjZZneE6k,0.1063
MPNet,chebyshev,Learn English with Aladdin movie dialogue,4,IIhWbZk2B3o,0.1067
MPNet,chebyshev,Learn English with Aladdin movie dialogue,5,SkViUbosnD4,0.1089
MPNet,chebyshev,Learn English with Maleficent movie scene,1,edvu5y-phhY,0.1081
MPNet,chebyshev,Learn English with Maleficent movie scene,2,TswCNV6meYM,0.1112
MPNet,chebyshev,Learn English with Maleficent movie scene,3,dIbLuZo5QzM,0.1117
MPNet,chebyshev,Learn English with Maleficent movie scene,4,4Pu-xXFfkro,0.1118
MPNet,chebyshev,Learn English with Maleficent movie scene,5,JpUZsBUitzA,0.1123
MPNet,chebyshev,Learn English with Ice Age movie conversation,1,RjNka8csfYU,0.0823
MPNet,chebyshev,Learn English with Ice Age movie conversation,2,fpbdQBcuJ_E,0.1078
MPNet,chebyshev,Learn English with Ice Age movie conversation,3,vVZYHrvih4A,0.1082
MPNet,chebyshev,Learn English with Ice Age movie conversation,4,fRseMUZ2NOM,0.1088
MPNet,chebyshev,Learn English with Ice Age movie conversation,5,3GCmsMI5iAY,0.1092
MPNet,chebyshev,Learn English with Monsters Inc movie dialogue,1,LPA52CoT44w,0.0961
MPNet,chebyshev,Learn English with Monsters Inc movie dialogue,2,YDTw1qL0wDw,0.0965
MPNet,chebyshev,Learn English with Monsters Inc movie dialogue,3,4Pu-xXFfkro,0.0999
MPNet,chebyshev,Learn English with Monsters Inc movie dialogue,4,qSBNioIIQi4,0.1009
MPNet,chebyshev,Learn English with Monsters Inc movie dialogue,5,edvu5y-phhY,0.1018
MPNet,chebyshev,Learn English with Shrek movie expressions,1,Sev_UnaqWmM,0.0815
MPNet,chebyshev,Learn English with Shrek movie expressions,2,Ns9o3Ixysqo,0.0964
MPNet,chebyshev,Learn English with Shrek movie expressions,3,PL7niJMDu5w,0.0969
MPNet,chebyshev,Learn English with Shrek movie expressions,4,RjNka8csfYU,0.1031
MPNet,chebyshev,Learn English with Shrek movie expressions,5,-aUIiirSTJ8,0.1055
MPNet,chebyshev,Learn English with Disney movie conversations,1,cj0_XhE_qxE,0.0784
MPNet,chebyshev,Learn English with Disney movie conversations,2,SkViUbosnD4,0.0817
MPNet,chebyshev,Learn English with Disney movie conversations,3,QMxTi2D66pY,0.0858
MPNet,chebyshev,Learn English with Disney movie conversations,4,LPA52CoT44w,0.0885
MPNet,chebyshev,Learn English with Disney movie conversations,5,HgB2UHli0fU,0.0921
MPNet,chebyshev,Learn English with How I Met Your Mother dialogue,1,HLBxx-rejmE,0.0891
MPNet,chebyshev,Learn English with How I Met Your Mother dialogue,2,xV-GT84xzE8,0.0941
MPNet,chebyshev,Learn English with How I Met Your Mother dialogue,3,RQuL3lsuarQ,0.0978
MPNet,chebyshev,Learn English with How I Met Your Mother dialogue,4,FTHpPLghxFs,0.0989
MPNet,chebyshev,Learn English with How I Met Your Mother dialogue,5,2li3fhbUnXI,0.1009
MPNet,chebyshev,Learn English with Friends TV series conversation,1,dsN6FiF9ncI,0.0886
MPNet,chebyshev,Learn English with Friends TV series conversation,2,RlcSm5jf89o,0.0948
MPNet,chebyshev,Learn English with Friends TV series conversation,3,JteHl9PQEIU,0.0981
MPNet,chebyshev,Learn English with Friends TV series conversation,4,HLBxx-rejmE,0.0982
MPNet,chebyshev,Learn English with Friends TV series conversation,5,FZoeUNG_x4I,0.0988
MPNet,chebyshev,Learn English with rap songs pronunciation,1,soZc03vH_qQ,0.0836
MPNet,chebyshev,Learn English with rap songs pronunciation,2,gj9SQk-rlkQ,0.0983
MPNet,chebyshev,Learn English with rap songs pronunciation,3,J135Qy4TVfQ,0.1139
MPNet,chebyshev,Learn English with rap songs pronunciation,4,lz_gewAzBm8,0.1156
MPNet,chebyshev,Learn English with rap songs pronunciation,5,2VW4jNOVwtA,0.1179
MPNet,chebyshev,Learn English with Eminem lyrics pronunciation,1,gj9SQk-rlkQ,0.0791
MPNet,chebyshev,Learn English with Eminem lyrics pronunciation,2,soZc03vH_qQ,0.0862
MPNet,chebyshev,Learn English with Eminem lyrics pronunciation,3,ys0SYYPLVOg,0.111
MPNet,chebyshev,Learn English with Eminem lyrics pronunciation,4,g82BjCFBH-8,0.111
MPNet,chebyshev,Learn English with Eminem lyrics pronunciation,5,HBVX1D1SerE,0.112
MPNet,chebyshev,Learn English with Queen song vocabulary,1,A_zhjxLLA08,0.1083
MPNet,chebyshev,Learn English with Queen song vocabulary,2,9GpGky10yOE,0.1117
MPNet,chebyshev,Learn English with Queen song vocabulary,3,E7mbFm3NAp0,0.1132
MPNet,chebyshev,Learn English with Queen song vocabulary,4,cpp22-kDtp0,0.1142
MPNet,chebyshev,Learn English with Queen song vocabulary,5,UUAENx1NANg,0.1144
MPNet,chebyshev,Learn English with Ariana Grande song dialogue,1,VAAOTyfO-Oo,0.0844
MPNet,chebyshev,Learn English with Ariana Grande song dialogue,2,CYkM3zOmjUE,0.0901
MPNet,chebyshev,Learn English with Ariana Grande song dialogue,3,A_zhjxLLA08,0.0958
MPNet,chebyshev,Learn English with Ariana Grande song dialogue,4,ys0SYYPLVOg,0.0978
MPNet,chebyshev,Learn English with Ariana Grande song dialogue,5,lz_gewAzBm8,0.0994
MPNet,chebyshev,Learn English with Taylor Swift song expressions,1,bUpTiOgMJu4,0.0905
MPNet,chebyshev,Learn English with Taylor Swift song expressions,2,A_zhjxLLA08,0.0971
MPNet,chebyshev,Learn English with Taylor Swift song expressions,3,fGeOrvKbIgU,0.1064
MPNet,chebyshev,Learn English with Taylor Swift song expressions,4,sn4eOnRyJVg,0.1079
MPNet,chebyshev,Learn English with Taylor Swift song expressions,5,cj0_XhE_qxE,0.111
MPNet,chebyshev,Learn English with Billie Eilish song pronunciation,1,2EhiOgkklY0,0.0923
MPNet,chebyshev,Learn English with Billie Eilish song pronunciation,2,fGeOrvKbIgU,0.1074
MPNet,chebyshev,Learn English with Billie Eilish song pronunciation,3,rWZ48zPN6Po,0.1119
MPNet,chebyshev,Learn English with Billie Eilish song pronunciation,4,KEWge76EHpA,0.1122
MPNet,chebyshev,Learn English with Billie Eilish song pronunciation,5,y6mK4ugKCac,0.1122
MPNet,chebyshev,Learn English with Michael Jackson song lyrics,1,A_zhjxLLA08,0.1071
MPNet,chebyshev,Learn English with Michael Jackson song lyrics,2,u53Seni_i8U,0.1074
MPNet,chebyshev,Learn English with Michael Jackson song lyrics,3,ys0SYYPLVOg,0.1126
MPNet,chebyshev,Learn English with Michael Jackson song lyrics,4,soZc03vH_qQ,0.1134
MPNet,chebyshev,Learn English with Michael Jackson song lyrics,5,BssKRIhckrc,0.1137
MPNet,chebyshev,Learn English with Jonas Brothers song dialogue,1,bUpTiOgMJu4,0.1008
MPNet,chebyshev,Learn English with Jonas Brothers song dialogue,2,2EhiOgkklY0,0.1083
MPNet,chebyshev,Learn English with Jonas Brothers song dialogue,3,B7IQHfjlLDM,0.1126
MPNet,chebyshev,Learn English with Jonas Brothers song dialogue,4,q3UH86tOuDI,0.1141
MPNet,chebyshev,Learn English with Jonas Brothers song dialogue,5,Ejb9b0veUPA,0.1143
MPNet,chebyshev,Learn English with Lady Gaga song vocabulary,1,VAAOTyfO-Oo,0.1083
MPNet,chebyshev,Learn English with Lady Gaga song vocabulary,2,2VW4jNOVwtA,0.1135
MPNet,chebyshev,Learn English with Lady Gaga song vocabulary,3,fGeOrvKbIgU,0.1145
MPNet,chebyshev,Learn English with Lady Gaga song vocabulary,4,8BfL3wzzyoc,0.1157
MPNet,chebyshev,Learn English with Lady Gaga song vocabulary,5,JpUZsBUitzA,0.1166
MPNet,chebyshev,Learn English with Bob Marley song expressions,1,rSL2yqFxmfg,0.1126
MPNet,chebyshev,Learn English with Bob Marley song expressions,2,3kcpvIRbSnA,0.114
MPNet,chebyshev,Learn English with Bob Marley song expressions,3,Ejb9b0veUPA,0.1147
MPNet,chebyshev,Learn English with Bob Marley song expressions,4,HgB2UHli0fU,0.116
MPNet,chebyshev,Learn English with Bob Marley song expressions,5,2VW4jNOVwtA,0.1165
MPNet,chebyshev,Understand fast English without subtitles,1,lhugwz26kUc,0.0955
MPNet,chebyshev,Understand fast English without subtitles,2,T-FXi4Buqps,0.1038
MPNet,chebyshev,Understand fast English without subtitles,3,y8RrDy0v8zs,0.1044
MPNet,chebyshev,Understand fast English without subtitles,4,s3p2EoAzhtE,0.107
MPNet,chebyshev,Understand fast English without subtitles,5,UUAENx1NANg,0.1081
MPNet,chebyshev,How to understand movies without subtitles,1,T-FXi4Buqps,0.0989
MPNet,chebyshev,How to understand movies without subtitles,2,lhugwz26kUc,0.1032
MPNet,chebyshev,How to understand movies without subtitles,3,YR1n_jid024,0.1119
MPNet,chebyshev,How to understand movies without subtitles,4,k9MTueetF38,0.1137
MPNet,chebyshev,How to understand movies without subtitles,5,fvVY1XDKhZk,0.1154
MPNet,chebyshev,How to learn English with Netflix shows,1,u53Seni_i8U,0.1053
MPNet,chebyshev,How to learn English with Netflix shows,2,xsUEm_faz_w,0.1061
MPNet,chebyshev,How to learn English with Netflix shows,3,OyNA4FA47do,0.1068
MPNet,chebyshev,How to learn English with Netflix shows,4,RjNka8csfYU,0.1095
MPNet,chebyshev,How to learn English with Netflix shows,5,V1mhdFpsYFA,0.1096
MPNet,chebyshev,How to improve English listening with TV series,1,lhugwz26kUc,0.084
MPNet,chebyshev,How to improve English listening with TV series,2,xR7qcezLcXI,0.0915
MPNet,chebyshev,How to improve English listening with TV series,3,Vcum4dzafOE,0.0979
MPNet,chebyshev,How to improve English listening with TV series,4,SkRaA1b73N4,0.098
MPNet,chebyshev,How to improve English listening with TV series,5,y8RrDy0v8zs,0.0987
MPNet,chebyshev,How to learn English with movie scenes,1,lhugwz26kUc,0.0839
MPNet,chebyshev,How to learn English with movie scenes,2,OyNA4FA47do,0.0943
MPNet,chebyshev,How to learn English with movie scenes,3,s3p2EoAzhtE,0.0972
MPNet,chebyshev,How to learn English with movie scenes,4,tCrpvHJ52T0,0.0972
MPNet,chebyshev,How to learn English with movie scenes,5,1puk6bREVMI,0.0975
MPNet,chebyshev,How to understand fast native English speech,1,KEWge76EHpA,0.0994
MPNet,chebyshev,How to understand fast native English speech,2,UUAENx1NANg,0.1067
MPNet,chebyshev,How to understand fast native English speech,3,F23Bm4FrwJI,0.108
MPNet,chebyshev,How to understand fast native English speech,4,lhugwz26kUc,0.109
MPNet,chebyshev,How to understand fast native English speech,5,ufCndfbsfpw,0.1105
MPNet,chebyshev,How to learn English with TV show dialogue,1,RQuL3lsuarQ,0.0999
MPNet,chebyshev,How to learn English with TV show dialogue,2,lhugwz26kUc,0.101
MPNet,chebyshev,How to learn English with TV show dialogue,3,1puk6bREVMI,0.1015
MPNet,chebyshev,How to learn English with TV show dialogue,4,Bkp2tArah3o,0.105
MPNet,chebyshev,How to learn English with TV show dialogue,5,xQI0Kqu7x4o,0.1083
MPNet,chebyshev,How to practice English listening with movies,1,lhugwz26kUc,0.0935
MPNet,chebyshev,How to practice English listening with movies,2,8cjTEJseLUk,0.0964
MPNet,chebyshev,How to practice English listening with movies,3,1puk6bREVMI,0.0967
MPNet,chebyshev,How to practice English listening with movies,4,y8RrDy0v8zs,0.0979
MPNet,chebyshev,How to practice English listening with movies,5,OyNA4FA47do,0.0996
MPNet,chebyshev,How to learn real English expressions from movies,1,edvu5y-phhY,0.0976
MPNet,chebyshev,How to learn real English expressions from movies,2,fRseMUZ2NOM,0.1012
MPNet,chebyshev,How to learn real English expressions from movies,3,67E6Dl6LaW4,0.102
MPNet,chebyshev,How to learn real English expressions from movies,4,lhugwz26kUc,0.1035
MPNet,chebyshev,How to learn real English expressions from movies,5,aTYNX1pjwwk,0.1051
MPNet,chebyshev,How to understand jokes in English TV shows,1,fHnvnRxuISU,0.1031
MPNet,chebyshev,How to understand jokes in English TV shows,2,RlcSm5jf89o,0.1122
MPNet,chebyshev,How to understand jokes in English TV shows,3,EccLlzUCF4w,0.1131
MPNet,chebyshev,How to understand jokes in English TV shows,4,fGeOrvKbIgU,0.1132
MPNet,chebyshev,How to understand jokes in English TV shows,5,YONM8R2_iu8,0.1144
MPNet,chebyshev,Real English expressions used by native speakers,1,wc3rY_2YQkM,0.0941
MPNet,chebyshev,Real English expressions used by native speakers,2,a79pawTkIx8,0.1076
MPNet,chebyshev,Real English expressions used by native speakers,3,SkRaA1b73N4,0.1088
MPNet,chebyshev,Real English expressions used by native speakers,4,6Oy5_C2Pfiw,0.1149
MPNet,chebyshev,Real English expressions used by native speakers,5,EccLlzUCF4w,0.1193
MPNet,chebyshev,Common phrases used in American TV series,1,a79pawTkIx8,0.1003
MPNet,chebyshev,Common phrases used in American TV series,2,xsUEm_faz_w,0.1093
MPNet,chebyshev,Common phrases used in American TV series,3,fGeOrvKbIgU,0.1108
MPNet,chebyshev,Common phrases used in American TV series,4,FZXyYuiyq2I,0.1135
MPNet,chebyshev,Common phrases used in American TV series,5,p-6zRJi4n3s,0.1142
MPNet,chebyshev,English slang used in movie dialogues,1,lHE4RysZgR0,0.1018
MPNet,chebyshev,English slang used in movie dialogues,2,OCp43nUf0yQ,0.1062
MPNet,chebyshev,English slang used in movie dialogues,3,SkViUbosnD4,0.1086
MPNet,chebyshev,English slang used in movie dialogues,4,-YPfe91SCFw,0.1114
MPNet,chebyshev,English slang used in movie dialogues,5,RjQJRRU8ZFU,0.1117
MPNet,chebyshev,Daily English expressions used by natives,1,wc3rY_2YQkM,0.1042
MPNet,chebyshev,Daily English expressions used by natives,2,a79pawTkIx8,0.1131
MPNet,chebyshev,Daily English expressions used by natives,3,A8h35t_VYQA,0.124
MPNet,chebyshev,Daily English expressions used by natives,4,IJoJKkqJgac,0.1241
MPNet,chebyshev,Daily English expressions used by natives,5,pXCLgLs-ZdQ,0.1256
MPNet,chebyshev,Natural English pronunciation in movies,1,F23Bm4FrwJI,0.1025
MPNet,chebyshev,Natural English pronunciation in movies,2,RHOGowO5i2A,0.1035
MPNet,chebyshev,Natural English pronunciation in movies,3,lhugwz26kUc,0.1036
MPNet,chebyshev,Natural English pronunciation in movies,4,GdD065F54ko,0.1048
MPNet,chebyshev,Natural English pronunciation in movies,5,UUAENx1NANg,0.1059
MPNet,chebyshev,Connected speech examples in movie dialogue,1,UUAENx1NANg,0.1188
MPNet,chebyshev,Connected speech examples in movie dialogue,2,ufCndfbsfpw,0.1216
MPNet,chebyshev,Connected speech examples in movie dialogue,3,HLBxx-rejmE,0.1248
MPNet,chebyshev,Connected speech examples in movie dialogue,4,Xr2px4Zmdtg,0.1251
MPNet,chebyshev,Connected speech examples in movie dialogue,5,4BeeN2VLvMw,0.1251
MPNet,chebyshev,Reduced speech in native English conversation,1,L2ylZyu0j7g,0.1167
MPNet,chebyshev,Reduced speech in native English conversation,2,6vhm5z4boBY,0.1172
MPNet,chebyshev,Reduced speech in native English conversation,3,MRD0pEWzT4c,0.1225
MPNet,chebyshev,Reduced speech in native English conversation,4,2VW4jNOVwtA,0.1229
MPNet,chebyshev,Reduced speech in native English conversation,5,_WTEzSLs3LU,0.1237
MPNet,chebyshev,Shadowing technique with TV series dialogue,1,tCrpvHJ52T0,0.1321
MPNet,chebyshev,Shadowing technique with TV series dialogue,2,EccLlzUCF4w,0.1353
MPNet,chebyshev,Shadowing technique with TV series dialogue,3,ULwzy4Y2qk8,0.1387
MPNet,chebyshev,Shadowing technique with TV series dialogue,4,8cjTEJseLUk,0.1394
MPNet,chebyshev,Shadowing technique with TV series dialogue,5,PL7niJMDu5w,0.1421
MPNet,chebyshev,English listening practice with TV show scenes,1,lhugwz26kUc,0.0898
MPNet,chebyshev,English listening practice with TV show scenes,2,B7IQHfjlLDM,0.1024
MPNet,chebyshev,English listening practice with TV show scenes,3,fHnvnRxuISU,0.1055
MPNet,chebyshev,English listening practice with TV show scenes,4,fRseMUZ2NOM,0.1064
MPNet,chebyshev,English listening practice with TV show scenes,5,UUAENx1NANg,0.1068
MPNet,chebyshev,English pronunciation practice with movie dialogue,1,lhugwz26kUc,0.0874
MPNet,chebyshev,English pronunciation practice with movie dialogue,2,OyNA4FA47do,0.0969
MPNet,chebyshev,English pronunciation practice with movie dialogue,3,8cjTEJseLUk,0.0985
MPNet,chebyshev,English pronunciation practice with movie dialogue,4,Vcum4dzafOE,0.0998
MPNet,chebyshev,English pronunciation practice with movie dialogue,5,1puk6bREVMI,0.1005
MPNet,chebyshev,Best TV series to learn English fast,1,xsUEm_faz_w,0.088
MPNet,chebyshev,Best TV series to learn English fast,2,5i8s5XMzEoA,0.0933
MPNet,chebyshev,Best TV series to learn English fast,3,JteHl9PQEIU,0.0994
MPNet,chebyshev,Best TV series to learn English fast,4,V1mhdFpsYFA,0.1011
MPNet,chebyshev,Best TV series to learn English fast,5,8cjTEJseLUk,0.1012
MPNet,chebyshev,Best movies to learn English listening,1,V1mhdFpsYFA,0.0812
MPNet,chebyshev,Best movies to learn English listening,2,SkViUbosnD4,0.0911
MPNet,chebyshev,Best movies to learn English listening,3,lz_gewAzBm8,0.0916
MPNet,chebyshev,Best movies to learn English listening,4,bUpTiOgMJu4,0.0989
MPNet,chebyshev,Best movies to learn English listening,5,67E6Dl6LaW4,0.0989
MPNet,chebyshev,How to train your ear with English movies,1,lhugwz26kUc,0.0852
MPNet,chebyshev,How to train your ear with English movies,2,fRseMUZ2NOM,0.0978
MPNet,chebyshev,How to train your ear with English movies,3,1puk6bREVMI,0.099
MPNet,chebyshev,How to train your ear with English movies,4,y8RrDy0v8zs,0.1037
MPNet,chebyshev,How to train your ear with English movies,5,Ql17ws1pmiQ,0.1059
MPNet,chebyshev,How to improve speaking using TV shows,1,xR7qcezLcXI,0.1059
MPNet,chebyshev,How to improve speaking using TV shows,2,KEWge76EHpA,0.1082
MPNet,chebyshev,How to improve speaking using TV shows,3,lhugwz26kUc,0.109
MPNet,chebyshev,How to improve speaking using TV shows,4,fQwqes1cQ8E,0.1095
MPNet,chebyshev,How to improve speaking using TV shows,5,WU0W0S5ILHY,0.111
MPNet,chebyshev,How to learn vocabulary from movie scenes,1,lhugwz26kUc,0.1011
MPNet,chebyshev,How to learn vocabulary from movie scenes,2,s3p2EoAzhtE,0.112
MPNet,chebyshev,How to learn vocabulary from movie scenes,3,67E6Dl6LaW4,0.1135
MPNet,chebyshev,How to learn vocabulary from movie scenes,4,UUAENx1NANg,0.1137
MPNet,chebyshev,How to learn vocabulary from movie scenes,5,vGyi6N-Ldzg,0.1146
MPNet,chebyshev,How to sound like a native English speaker,1,srFHh4UiO7U,0.1033
MPNet,chebyshev,How to sound like a native English speaker,2,F23Bm4FrwJI,0.1049
MPNet,chebyshev,How to sound like a native English speaker,3,TzizA5rjM_Y,0.1067
MPNet,chebyshev,How to sound like a native English speaker,4,EccLlzUCF4w,0.1101
MPNet,chebyshev,How to sound like a native English speaker,5,MRD0pEWzT4c,0.1111
MPNet,chebyshev,English conversation practice with movie clips,1,V1mhdFpsYFA,0.102
MPNet,chebyshev,English conversation practice with movie clips,2,ufCndfbsfpw,0.1048
MPNet,chebyshev,English conversation practice with movie clips,3,lhugwz26kUc,0.1072
MPNet,chebyshev,English conversation practice with movie clips,4,PL7niJMDu5w,0.1077
MPNet,chebyshev,English conversation practice with movie clips,5,fHnvnRxuISU,0.1084
MPNet,chebyshev,Advanced English listening with TV series,1,RjQJRRU8ZFU,0.0949
MPNet,chebyshev,Advanced English listening with TV series,2,rSL2yqFxmfg,0.096
MPNet,chebyshev,Advanced English listening with TV series,3,VZJaXyjs9RI,0.0983
MPNet,chebyshev,Advanced English listening with TV series,4,lhugwz26kUc,0.0994
MPNet,chebyshev,Advanced English listening with TV series,5,FZoeUNG_x4I,0.104
MPNet,chebyshev,Real life English conversation from movies,1,-aUIiirSTJ8,0.099
MPNet,chebyshev,Real life English conversation from movies,2,lhugwz26kUc,0.1004
MPNet,chebyshev,Real life English conversation from movies,3,wc3rY_2YQkM,0.1005
MPNet,chebyshev,Real life English conversation from movies,4,a79pawTkIx8,0.1039
MPNet,chebyshev,Real life English conversation from movies,5,LlTP-I9o3PA,0.1042
MPNet,chebyshev,English fluency practice with TV series scenes,1,edvu5y-phhY,0.1037
MPNet,chebyshev,English fluency practice with TV series scenes,2,OyNA4FA47do,0.105
MPNet,chebyshev,English fluency practice with TV series scenes,3,lhugwz26kUc,0.1055
MPNet,chebyshev,English fluency practice with TV series scenes,4,dsN6FiF9ncI,0.1058
MPNet,chebyshev,English fluency practice with TV series scenes,5,RjQJRRU8ZFU,0.1063
MultiQA,cosine,Learn English with The Devil Wears Prada scene,1,aRbaIHNttv4,0.7053
MultiQA,cosine,Learn English with The Devil Wears Prada scene,2,OuTtIzGhUDY,0.5214
MultiQA,cosine,Learn English with The Devil Wears Prada scene,3,fRseMUZ2NOM,0.5023
MultiQA,cosine,Learn English with The Devil Wears Prada scene,4,QaP6nhNyHb0,0.4998
MultiQA,cosine,Learn English with The Devil Wears Prada scene,5,67E6Dl6LaW4,0.4891
MultiQA,cosine,Learn English with SpongeBob SquarePants dialogue,1,JxWEAP0aAJQ,0.8466
MultiQA,cosine,Learn English with SpongeBob SquarePants dialogue,2,NDhPifXoBYI,0.7193
MultiQA,cosine,Learn English with SpongeBob SquarePants dialogue,3,fRseMUZ2NOM,0.613
MultiQA,cosine,Learn English with SpongeBob SquarePants dialogue,4,8cjTEJseLUk,0.6125
MultiQA,cosine,Learn English with SpongeBob SquarePants dialogue,5,2MlWEVKMD_M,0.6119
MultiQA,cosine,Learn English with The Simpsons episode conversation,1,apI6j_LQYAA,0.5813
MultiQA,cosine,Learn English with The Simpsons episode conversation,2,8cjTEJseLUk,0.5796
MultiQA,cosine,Learn English with The Simpsons episode conversation,3,RQuL3lsuarQ,0.5683
MultiQA,cosine,Learn English with The Simpsons episode conversation,4,QCWoDO07TRM,0.552
MultiQA,cosine,Learn English with The Simpsons episode conversation,5,xR7qcezLcXI,0.549
MultiQA,cosine,Learn English with Peaky Blinders speaking style,1,2li3fhbUnXI,0.6983
MultiQA,cosine,Learn English with Peaky Blinders speaking style,2,uW-I9SFuU1A,0.6129
MultiQA,cosine,Learn English with Peaky Blinders speaking style,3,aRbaIHNttv4,0.5673
MultiQA,cosine,Learn English with Peaky Blinders speaking style,4,OyNA4FA47do,0.5594
MultiQA,cosine,Learn English with Peaky Blinders speaking style,5,urxzhnYYPm8,0.558
MultiQA,cosine,Learn English with Jennifer Aniston interview,1,dsN6FiF9ncI,0.6699
MultiQA,cosine,Learn English with Jennifer Aniston interview,2,381NyVSorHo,0.6678
MultiQA,cosine,Learn English with Jennifer Aniston interview,3,67b2RzwCqsI,0.606
MultiQA,cosine,Learn English with Jennifer Aniston interview,4,xpt3bJEjc-A,0.5625
MultiQA,cosine,Learn English with Jennifer Aniston interview,5,ET0tZNFcpmk,0.5176
MultiQA,cosine,Learn English with Zootopia movie dialogue,1,67E6Dl6LaW4,0.6211
MultiQA,cosine,Learn English with Zootopia movie dialogue,2,xZIh2so3-AU,0.6208
MultiQA,cosine,Learn English with Zootopia movie dialogue,3,fRseMUZ2NOM,0.5898
MultiQA,cosine,Learn English with Zootopia movie dialogue,4,QaP6nhNyHb0,0.5898
MultiQA,cosine,Learn English with Zootopia movie dialogue,5,cj0_XhE_qxE,0.5863
MultiQA,cosine,Learn English with The Lion King movie scene,1,HgB2UHli0fU,0.7207
MultiQA,cosine,Learn English with The Lion King movie scene,2,IIhWbZk2B3o,0.6532
MultiQA,cosine,Learn English with The Lion King movie scene,3,Ql17ws1pmiQ,0.603
MultiQA,cosine,Learn English with The Lion King movie scene,4,fRseMUZ2NOM,0.5902
MultiQA,cosine,Learn English with The Lion King movie scene,5,3xCQrnTYmzY,0.5803
MultiQA,cosine,Learn English with Pirates of the Caribbean dialogue,1,ICVQ6wfZr3c,0.7706
MultiQA,cosine,Learn English with Pirates of the Caribbean dialogue,2,UUAENx1NANg,0.764
MultiQA,cosine,Learn English with Pirates of the Caribbean dialogue,3,iuQsu4HOlrA,0.7381
MultiQA,cosine,Learn English with Pirates of the Caribbean dialogue,4,8cjTEJseLUk,0.5257
MultiQA,cosine,Learn English with Pirates of the Caribbean dialogue,5,wqOlUOkiFbs,0.518
MultiQA,cosine,Learn English with Beauty and the Beast conversation,1,aTYNX1pjwwk,0.7895
MultiQA,cosine,Learn English with Beauty and the Beast conversation,2,1jdjbt8W3es,0.6809
MultiQA,cosine,Learn English with Beauty and the Beast conversation,3,Ql17ws1pmiQ,0.62
MultiQA,cosine,Learn English with Beauty and the Beast conversation,4,fRseMUZ2NOM,0.5937
MultiQA,cosine,Learn English with Beauty and the Beast conversation,5,4Pu-xXFfkro,0.5674
MultiQA,cosine,Learn English with Frozen movie scene,1,PL7niJMDu5w,0.6048
MultiQA,cosine,Learn English with Frozen movie scene,2,RjNka8csfYU,0.5642
MultiQA,cosine,Learn English with Frozen movie scene,3,fRseMUZ2NOM,0.561
MultiQA,cosine,Learn English with Frozen movie scene,4,67E6Dl6LaW4,0.5478
MultiQA,cosine,Learn English with Frozen movie scene,5,tdn81jlykww,0.5349
MultiQA,cosine,Learn English with Toy Story movie dialogue,1,67E6Dl6LaW4,0.6551
MultiQA,cosine,Learn English with Toy Story movie dialogue,2,IYsurU_B4Qo,0.6498
MultiQA,cosine,Learn English with Toy Story movie dialogue,3,3W2gRl5UIDY,0.6302
MultiQA,cosine,Learn English with Toy Story movie dialogue,4,fRseMUZ2NOM,0.6265
MultiQA,cosine,Learn English with Toy Story movie dialogue,5,edvu5y-phhY,0.6231
MultiQA,cosine,Learn English with Finding Nemo conversation,1,TswCNV6meYM,0.6262
MultiQA,cosine,Learn English with Finding Nemo conversation,2,Xr2px4Zmdtg,0.5817
MultiQA,cosine,Learn English with Finding Nemo conversation,3,2li3fhbUnXI,0.5584
MultiQA,cosine,Learn English with Finding Nemo conversation,4,RlcSm5jf89o,0.5495
MultiQA,cosine,Learn English with Finding Nemo conversation,5,xR7qcezLcXI,0.5372
MultiQA,cosine,Learn English with Aladdin movie dialogue,1,3xCQrnTYmzY,0.5921
MultiQA,cosine,Learn English with Aladdin movie dialogue,2,cj0_XhE_qxE,0.5915
MultiQA,cosine,Learn English with Aladdin movie dialogue,3,67E6Dl6LaW4,0.5904
MultiQA,cosine,Learn English with Aladdin movie dialogue,4,OyNA4FA47do,0.5833
MultiQA,cosine,Learn English with Aladdin movie dialogue,5,fRseMUZ2NOM,0.5808
MultiQA,cosine,Learn English with Maleficent movie scene,1,fRseMUZ2NOM,0.6249
MultiQA,cosine,Learn English with Maleficent movie scene,2,YR1n_jid024,0.6145
MultiQA,cosine,Learn English with Maleficent movie scene,3,Xmgohhgb3pA,0.6054
MultiQA,cosine,Learn English with Maleficent movie scene,4,tdn81jlykww,0.6043
MultiQA,cosine,Learn English with Maleficent movie scene,5,edvu5y-phhY,0.6022
MultiQA,cosine,Learn English with Ice Age movie conversation,1,RjNka8csfYU,0.6943
MultiQA,cosine,Learn English with Ice Age movie conversation,2,edvu5y-phhY,0.5781
MultiQA,cosine,Learn English with Ice Age movie conversation,3,pKoH9GkEKxQ,0.5767
MultiQA,cosine,Learn English with Ice Age movie conversation,4,OyNA4FA47do,0.5761
MultiQA,cosine,Learn English with Ice Age movie conversation,5,PL7niJMDu5w,0.566
MultiQA,cosine,Learn English with Monsters Inc movie dialogue,1,_kafLt9bNyU,0.6621
MultiQA,cosine,Learn English with Monsters Inc movie dialogue,2,fRseMUZ2NOM,0.632
MultiQA,cosine,Learn English with Monsters Inc movie dialogue,3,67E6Dl6LaW4,0.6044
MultiQA,cosine,Learn English with Monsters Inc movie dialogue,4,k9MTueetF38,0.6032
MultiQA,cosine,Learn English with Monsters Inc movie dialogue,5,QaP6nhNyHb0,0.6014
MultiQA,cosine,Learn English with Shrek movie expressions,1,esG_czN6sOc,0.6736
MultiQA,cosine,Learn English with Shrek movie expressions,2,Sev_UnaqWmM,0.6304
MultiQA,cosine,Learn English with Shrek movie expressions,3,Ns9o3Ixysqo,0.6058
MultiQA,cosine,Learn English with Shrek movie expressions,4,pKoH9GkEKxQ,0.5516
MultiQA,cosine,Learn English with Shrek movie expressions,5,0zbPeoZzcPg,0.5434
MultiQA,cosine,Learn English with Disney movie conversations,1,3xCQrnTYmzY,0.7599
MultiQA,cosine,Learn English with Disney movie conversations,2,cj0_XhE_qxE,0.7588
MultiQA,cosine,Learn English with Disney movie conversations,3,SkViUbosnD4,0.7485
MultiQA,cosine,Learn English with Disney movie conversations,4,YDTw1qL0wDw,0.7443
MultiQA,cosine,Learn English with Disney movie conversations,5,67E6Dl6LaW4,0.7314
MultiQA,cosine,Learn English with How I Met Your Mother dialogue,1,HLBxx-rejmE,0.6625
MultiQA,cosine,Learn English with How I Met Your Mother dialogue,2,KEWge76EHpA,0.5285
MultiQA,cosine,Learn English with How I Met Your Mother dialogue,3,on4SqK6EKTo,0.5145
MultiQA,cosine,Learn English with How I Met Your Mother dialogue,4,RjQJRRU8ZFU,0.4983
MultiQA,cosine,Learn English with How I Met Your Mother dialogue,5,xV-GT84xzE8,0.4929
MultiQA,cosine,Learn English with Friends TV series conversation,1,HLBxx-rejmE,0.6663
MultiQA,cosine,Learn English with Friends TV series conversation,2,xR7qcezLcXI,0.6342
MultiQA,cosine,Learn English with Friends TV series conversation,3,FZoeUNG_x4I,0.6132
MultiQA,cosine,Learn English with Friends TV series conversation,4,Dp1I_iFRRVA,0.6033
MultiQA,cosine,Learn English with Friends TV series conversation,5,QaP6nhNyHb0,0.6026
MultiQA,cosine,Learn English with rap songs pronunciation,1,soZc03vH_qQ,0.7068
MultiQA,cosine,Learn English with rap songs pronunciation,2,gj9SQk-rlkQ,0.6457
MultiQA,cosine,Learn English with rap songs pronunciation,3,u53Seni_i8U,0.5971
MultiQA,cosine,Learn English with rap songs pronunciation,4,ys0SYYPLVOg,0.5896
MultiQA,cosine,Learn English with rap songs pronunciation,5,VAAOTyfO-Oo,0.5776
MultiQA,cosine,Learn English with Eminem lyrics pronunciation,1,soZc03vH_qQ,0.7417
MultiQA,cosine,Learn English with Eminem lyrics pronunciation,2,gj9SQk-rlkQ,0.7123
MultiQA,cosine,Learn English with Eminem lyrics pronunciation,3,HBVX1D1SerE,0.6331
MultiQA,cosine,Learn English with Eminem lyrics pronunciation,4,CflETAu1f4I,0.6303
MultiQA,cosine,Learn English with Eminem lyrics pronunciation,5,u53Seni_i8U,0.5859
MultiQA,cosine,Learn English with Queen song vocabulary,1,E7mbFm3NAp0,0.6133
MultiQA,cosine,Learn English with Queen song vocabulary,2,A_zhjxLLA08,0.589
MultiQA,cosine,Learn English with Queen song vocabulary,3,soZc03vH_qQ,0.589
MultiQA,cosine,Learn English with Queen song vocabulary,4,VAAOTyfO-Oo,0.585
MultiQA,cosine,Learn English with Queen song vocabulary,5,ys0SYYPLVOg,0.5768
MultiQA,cosine,Learn English with Ariana Grande song dialogue,1,CYkM3zOmjUE,0.7589
MultiQA,cosine,Learn English with Ariana Grande song dialogue,2,VAAOTyfO-Oo,0.6657
MultiQA,cosine,Learn English with Ariana Grande song dialogue,3,A_zhjxLLA08,0.5981
MultiQA,cosine,Learn English with Ariana Grande song dialogue,4,y6mK4ugKCac,0.5883
MultiQA,cosine,Learn English with Ariana Grande song dialogue,5,ys0SYYPLVOg,0.5807
MultiQA,cosine,Learn English with Taylor Swift song expressions,1,bUpTiOgMJu4,0.6294
MultiQA,cosine,Learn English with Taylor Swift song expressions,2,ys0SYYPLVOg,0.5897
MultiQA,cosine,Learn English with Taylor Swift song expressions,3,VAAOTyfO-Oo,0.5798
MultiQA,cosine,Learn English with Taylor Swift song expressions,4,BrWkotDAvfg,0.5786
MultiQA,cosine,Learn English with Taylor Swift song expressions,5,soZc03vH_qQ,0.5693
MultiQA,cosine,Learn English with Billie Eilish song pronunciation,1,2EhiOgkklY0,0.7293
MultiQA,cosine,Learn English with Billie Eilish song pronunciation,2,soZc03vH_qQ,0.5569
MultiQA,cosine,Learn English with Billie Eilish song pronunciation,3,gj9SQk-rlkQ,0.5329
MultiQA,cosine,Learn English with Billie Eilish song pronunciation,4,DiBxjkkGb5o,0.5028
MultiQA,cosine,Learn English with Billie Eilish song pronunciation,5,u53Seni_i8U,0.501
MultiQA,cosine,Learn English with Michael Jackson song lyrics,1,gj9SQk-rlkQ,0.5649
MultiQA,cosine,Learn English with Michael Jackson song lyrics,2,soZc03vH_qQ,0.5637
MultiQA,cosine,Learn English with Michael Jackson song lyrics,3,fwrD70WeSzs,0.5555
MultiQA,cosine,Learn English with Michael Jackson song lyrics,4,2EhiOgkklY0,0.5499
MultiQA,cosine,Learn English with Michael Jackson song lyrics,5,DiBxjkkGb5o,0.5379
MultiQA,cosine,Learn English with Jonas Brothers song dialogue,1,u53Seni_i8U,0.5394
MultiQA,cosine,Learn English with Jonas Brothers song dialogue,2,lEuqXNfn90Y,0.5374
MultiQA,cosine,Learn English with Jonas Brothers song dialogue,3,ufCndfbsfpw,0.525
MultiQA,cosine,Learn English with Jonas Brothers song dialogue,4,y6mK4ugKCac,0.5153
MultiQA,cosine,Learn English with Jonas Brothers song dialogue,5,g82BjCFBH-8,0.5146
MultiQA,cosine,Learn English with Lady Gaga song vocabulary,1,3GCmsMI5iAY,0.7366
MultiQA,cosine,Learn English with Lady Gaga song vocabulary,2,VAAOTyfO-Oo,0.7258
MultiQA,cosine,Learn English with Lady Gaga song vocabulary,3,A_zhjxLLA08,0.6124
MultiQA,cosine,Learn English with Lady Gaga song vocabulary,4,soZc03vH_qQ,0.5925
MultiQA,cosine,Learn English with Lady Gaga song vocabulary,5,aTYNX1pjwwk,0.5869
MultiQA,cosine,Learn English with Bob Marley song expressions,1,soZc03vH_qQ,0.5714
MultiQA,cosine,Learn English with Bob Marley song expressions,2,gj9SQk-rlkQ,0.5452
MultiQA,cosine,Learn English with Bob Marley song expressions,3,u53Seni_i8U,0.5219
MultiQA,cosine,Learn English with Bob Marley song expressions,4,HKomCO56swg,0.5207
MultiQA,cosine,Learn English with Bob Marley song expressions,5,g82BjCFBH-8,0.5173
MultiQA,cosine,Understand fast English without subtitles,1,lhugwz26kUc,0.6255
MultiQA,cosine,Understand fast English without subtitles,2,OyNA4FA47do,0.6094
MultiQA,cosine,Understand fast English without subtitles,3,ufCndfbsfpw,0.5938
MultiQA,cosine,Understand fast English without subtitles,4,tdn81jlykww,0.5838
MultiQA,cosine,Understand fast English without subtitles,5,KEWge76EHpA,0.5743
MultiQA,cosine,How to understand movies without subtitles,1,lhugwz26kUc,0.6498
MultiQA,cosine,How to understand movies without subtitles,2,T-FXi4Buqps,0.5714
MultiQA,cosine,How to understand movies without subtitles,3,s3p2EoAzhtE,0.542
MultiQA,cosine,How to understand movies without subtitles,4,iuQsu4HOlrA,0.4814
MultiQA,cosine,How to understand movies without subtitles,5,YR1n_jid024,0.4813
MultiQA,cosine,How to learn English with Netflix shows,1,xsUEm_faz_w,0.697
MultiQA,cosine,How to learn English with Netflix shows,2,urxzhnYYPm8,0.6726
MultiQA,cosine,How to learn English with Netflix shows,3,uW-I9SFuU1A,0.6637
MultiQA,cosine,How to learn English with Netflix shows,4,RQuL3lsuarQ,0.6373
MultiQA,cosine,How to learn English with Netflix shows,5,SkViUbosnD4,0.6313
MultiQA,cosine,How to improve English listening with TV series,1,xR7qcezLcXI,0.7031
MultiQA,cosine,How to improve English listening with TV series,2,K7n_D9FbD2k,0.6527
MultiQA,cosine,How to improve English listening with TV series,3,5i8s5XMzEoA,0.6418
MultiQA,cosine,How to improve English listening with TV series,4,lhugwz26kUc,0.6414
MultiQA,cosine,How to improve English listening with TV series,5,xV-GT84xzE8,0.6316
MultiQA,cosine,How to learn English with movie scenes,1,fRseMUZ2NOM,0.7134
MultiQA,cosine,How to learn English with movie scenes,2,Xmgohhgb3pA,0.6963
MultiQA,cosine,How to learn English with movie scenes,3,pKoH9GkEKxQ,0.6765
MultiQA,cosine,How to learn English with movie scenes,4,tdn81jlykww,0.6717
MultiQA,cosine,How to learn English with movie scenes,5,Cd2pxyKaKUM,0.6628
MultiQA,cosine,How to understand fast native English speech,1,KEWge76EHpA,0.698
MultiQA,cosine,How to understand fast native English speech,2,LPA52CoT44w,0.6781
MultiQA,cosine,How to understand fast native English speech,3,F23Bm4FrwJI,0.6541
MultiQA,cosine,How to understand fast native English speech,4,FZXyYuiyq2I,0.6459
MultiQA,cosine,How to understand fast native English speech,5,xV-GT84xzE8,0.6364
MultiQA,cosine,How to learn English with TV show dialogue,1,xR7qcezLcXI,0.6811
MultiQA,cosine,How to learn English with TV show dialogue,2,OyNA4FA47do,0.672
MultiQA,cosine,How to learn English with TV show dialogue,3,RQuL3lsuarQ,0.6677
MultiQA,cosine,How to learn English with TV show dialogue,4,Dp1I_iFRRVA,0.6633
MultiQA,cosine,How to learn English with TV show dialogue,5,xV-GT84xzE8,0.6596
MultiQA,cosine,How to practice English listening with movies,1,Xmgohhgb3pA,0.674
MultiQA,cosine,How to practice English listening with movies,2,pKoH9GkEKxQ,0.6344
MultiQA,cosine,How to practice English listening with movies,3,fRseMUZ2NOM,0.6326
MultiQA,cosine,How to practice English listening with movies,4,Cd2pxyKaKUM,0.6173
MultiQA,cosine,How to practice English listening with movies,5,OyNA4FA47do,0.6116
MultiQA,cosine,How to learn real English expressions from movies,1,edvu5y-phhY,0.7011
MultiQA,cosine,How to learn real English expressions from movies,2,fRseMUZ2NOM,0.6634
MultiQA,cosine,How to learn real English expressions from movies,3,lhugwz26kUc,0.6626
MultiQA,cosine,How to learn real English expressions from movies,4,pKoH9GkEKxQ,0.6432
MultiQA,cosine,How to learn real English expressions from movies,5,Xmgohhgb3pA,0.6342
MultiQA,cosine,How to understand jokes in English TV shows,1,RQuL3lsuarQ,0.5264
MultiQA,cosine,How to understand jokes in English TV shows,2,67E6Dl6LaW4,0.5254
MultiQA,cosine,How to understand jokes in English TV shows,3,5fBrINGT0Dg,0.5252
MultiQA,cosine,How to understand jokes in English TV shows,4,3W2gRl5UIDY,0.5239
MultiQA,cosine,How to understand jokes in English TV shows,5,xV-GT84xzE8,0.5215
MultiQA,cosine,Real English expressions used by native speakers,1,srFHh4UiO7U,0.4713
MultiQA,cosine,Real English expressions used by native speakers,2,GdD065F54ko,0.4547
MultiQA,cosine,Real English expressions used by native speakers,3,72okAeSn5Tc,0.4422
MultiQA,cosine,Real English expressions used by native speakers,4,2pkNRVuJ_70,0.4358
MultiQA,cosine,Real English expressions used by native speakers,5,a79pawTkIx8,0.4324
MultiQA,cosine,Common phrases used in American TV series,1,T-FXi4Buqps,0.4558
MultiQA,cosine,Common phrases used in American TV series,2,72okAeSn5Tc,0.4225
MultiQA,cosine,Common phrases used in American TV series,3,CKTPXv9XCeA,0.4217
MultiQA,cosine,Common phrases used in American TV series,4,a79pawTkIx8,0.4207
MultiQA,cosine,Common phrases used in American TV series,5,MbTOCvm2-OE,0.3984
MultiQA,cosine,English slang used in movie dialogues,1,edvu5y-phhY,0.4354
MultiQA,cosine,English slang used in movie dialogues,2,pOWZp3X_1aU,0.4329
MultiQA,cosine,English slang used in movie dialogues,3,Rs_wuc9J4Wo,0.4255
MultiQA,cosine,English slang used in movie dialogues,4,OCp43nUf0yQ,0.4231
MultiQA,cosine,English slang used in movie dialogues,5,3W2gRl5UIDY,0.4227
MultiQA,cosine,Daily English expressions used by natives,1,a79pawTkIx8,0.5119
MultiQA,cosine,Daily English expressions used by natives,2,LPA52CoT44w,0.4244
MultiQA,cosine,Daily English expressions used by natives,3,xV-GT84xzE8,0.4175
MultiQA,cosine,Daily English expressions used by natives,4,KEWge76EHpA,0.4048
MultiQA,cosine,Daily English expressions used by natives,5,wc3rY_2YQkM,0.4029
MultiQA,cosine,Natural English pronunciation in movies,1,Nb7KuhBVCH8,0.5261
MultiQA,cosine,Natural English pronunciation in movies,2,NKLyCK0zySA,0.5243
MultiQA,cosine,Natural English pronunciation in movies,3,edvu5y-phhY,0.4942
MultiQA,cosine,Natural English pronunciation in movies,4,3W2gRl5UIDY,0.4931
MultiQA,cosine,Natural English pronunciation in movies,5,fRseMUZ2NOM,0.4843
MultiQA,cosine,Connected speech examples in movie dialogue,1,Vcum4dzafOE,0.4836
MultiQA,cosine,Connected speech examples in movie dialogue,2,ufCndfbsfpw,0.4426
MultiQA,cosine,Connected speech examples in movie dialogue,3,19iestleXXc,0.4372
MultiQA,cosine,Connected speech examples in movie dialogue,4,Xmgohhgb3pA,0.4206
MultiQA,cosine,Connected speech examples in movie dialogue,5,T-FXi4Buqps,0.4205
MultiQA,cosine,Reduced speech in native English conversation,1,L5EW4uRl_ps,0.5767
MultiQA,cosine,Reduced speech in native English conversation,2,OCp43nUf0yQ,0.532
MultiQA,cosine,Reduced speech in native English conversation,3,oGjowST6d20,0.5301
MultiQA,cosine,Reduced speech in native English conversation,4,L2ylZyu0j7g,0.5281
MultiQA,cosine,Reduced speech in native English conversation,5,KEWge76EHpA,0.5012
MultiQA,cosine,Shadowing technique with TV series dialogue,1,r1WUFIK-96M,0.3884
MultiQA,cosine,Shadowing technique with TV series dialogue,2,1puk6bREVMI,0.3767
MultiQA,cosine,Shadowing technique with TV series dialogue,3,r3K7sfk7dmY,0.3657
MultiQA,cosine,Shadowing technique with TV series dialogue,4,fO4hWM0qi9A,0.3604
MultiQA,cosine,Shadowing technique with TV series dialogue,5,JteHl9PQEIU,0.3504
MultiQA,cosine,English listening practice with TV show scenes,1,xR7qcezLcXI,0.5746
MultiQA,cosine,English listening practice with TV show scenes,2,RQuL3lsuarQ,0.5603
MultiQA,cosine,English listening practice with TV show scenes,3,FZoeUNG_x4I,0.5534
MultiQA,cosine,English listening practice with TV show scenes,4,Xmgohhgb3pA,0.5502
MultiQA,cosine,English listening practice with TV show scenes,5,K7n_D9FbD2k,0.5333
MultiQA,cosine,English pronunciation practice with movie dialogue,1,Xmgohhgb3pA,0.5724
MultiQA,cosine,English pronunciation practice with movie dialogue,2,NKLyCK0zySA,0.5514
MultiQA,cosine,English pronunciation practice with movie dialogue,3,edvu5y-phhY,0.5316
MultiQA,cosine,English pronunciation practice with movie dialogue,4,LPA52CoT44w,0.5212
MultiQA,cosine,English pronunciation practice with movie dialogue,5,fRseMUZ2NOM,0.5207
MultiQA,cosine,Best TV series to learn English fast,1,JteHl9PQEIU,0.6144
MultiQA,cosine,Best TV series to learn English fast,2,7Ck3q5GaF5M,0.6097
MultiQA,cosine,Best TV series to learn English fast,3,4rX4sH8PMFc,0.5966
MultiQA,cosine,Best TV series to learn English fast,4,5i8s5XMzEoA,0.5953
MultiQA,cosine,Best TV series to learn English fast,5,RQuL3lsuarQ,0.5913
MultiQA,cosine,Best movies to learn English listening,1,V1mhdFpsYFA,0.6906
MultiQA,cosine,Best movies to learn English listening,2,dcCn9a8TC_I,0.5975
MultiQA,cosine,Best movies to learn English listening,3,xQI0Kqu7x4o,0.5911
MultiQA,cosine,Best movies to learn English listening,4,Cd2pxyKaKUM,0.5854
MultiQA,cosine,Best movies to learn English listening,5,edvu5y-phhY,0.5851
MultiQA,cosine,How to train your ear with English movies,1,pKoH9GkEKxQ,0.5988
MultiQA,cosine,How to train your ear with English movies,2,Xmgohhgb3pA,0.5974
MultiQA,cosine,How to train your ear with English movies,3,xQI0Kqu7x4o,0.5907
MultiQA,cosine,How to train your ear with English movies,4,QaP6nhNyHb0,0.5873
MultiQA,cosine,How to train your ear with English movies,5,67E6Dl6LaW4,0.5832
MultiQA,cosine,How to improve speaking using TV shows,1,xR7qcezLcXI,0.5592
MultiQA,cosine,How to improve speaking using TV shows,2,lhugwz26kUc,0.5375
MultiQA,cosine,How to improve speaking using TV shows,3,T-FXi4Buqps,0.5308
MultiQA,cosine,How to improve speaking using TV shows,4,KEWge76EHpA,0.527
MultiQA,cosine,How to improve speaking using TV shows,5,L2ylZyu0j7g,0.5214
MultiQA,cosine,How to learn vocabulary from movie scenes,1,edvu5y-phhY,0.6074
MultiQA,cosine,How to learn vocabulary from movie scenes,2,fRseMUZ2NOM,0.5958
MultiQA,cosine,How to learn vocabulary from movie scenes,3,Cd2pxyKaKUM,0.5954
MultiQA,cosine,How to learn vocabulary from movie scenes,4,3xCQrnTYmzY,0.5942
MultiQA,cosine,How to learn vocabulary from movie scenes,5,Ql17ws1pmiQ,0.5867
MultiQA,cosine,How to sound like a native English speaker,1,srFHh4UiO7U,0.5988
MultiQA,cosine,How to sound like a native English speaker,2,KEWge76EHpA,0.5945
MultiQA,cosine,How to sound like a native English speaker,3,LPA52CoT44w,0.5894
MultiQA,cosine,How to sound like a native English speaker,4,xV-GT84xzE8,0.5812
MultiQA,cosine,How to sound like a native English speaker,5,atySD7QuIqI,0.5774
MultiQA,cosine,English conversation practice with movie clips,1,Xmgohhgb3pA,0.6003
MultiQA,cosine,English conversation practice with movie clips,2,fRseMUZ2NOM,0.547
MultiQA,cosine,English conversation practice with movie clips,3,WU0W0S5ILHY,0.5393
MultiQA,cosine,English conversation practice with movie clips,4,pKoH9GkEKxQ,0.5376
MultiQA,cosine,English conversation practice with movie clips,5,Cd2pxyKaKUM,0.5295
MultiQA,cosine,Advanced English listening with TV series,1,K7n_D9FbD2k,0.6126
MultiQA,cosine,Advanced English listening with TV series,2,FZoeUNG_x4I,0.6067
MultiQA,cosine,Advanced English listening with TV series,3,RQuL3lsuarQ,0.6018
MultiQA,cosine,Advanced English listening with TV series,4,xR7qcezLcXI,0.5949
MultiQA,cosine,Advanced English listening with TV series,5,uW-I9SFuU1A,0.5912
MultiQA,cosine,Real life English conversation from movies,1,67E6Dl6LaW4,0.5663
MultiQA,cosine,Real life English conversation from movies,2,V1mhdFpsYFA,0.5657
MultiQA,cosine,Real life English conversation from movies,3,Xmgohhgb3pA,0.5635
MultiQA,cosine,Real life English conversation from movies,4,edvu5y-phhY,0.549
MultiQA,cosine,Real life English conversation from movies,5,OCp43nUf0yQ,0.5482
MultiQA,cosine,English fluency practice with TV series scenes,1,JteHl9PQEIU,0.6025
MultiQA,cosine,English fluency practice with TV series scenes,2,RQuL3lsuarQ,0.5888
MultiQA,cosine,English fluency practice with TV series scenes,3,7Ck3q5GaF5M,0.5833
MultiQA,cosine,English fluency practice with TV series scenes,4,lhugwz26kUc,0.5676
MultiQA,cosine,English fluency practice with TV series scenes,5,tdn81jlykww,0.5603
MultiQA,dot,Learn English with The Devil Wears Prada scene,1,aRbaIHNttv4,0.7053
MultiQA,dot,Learn English with The Devil Wears Prada scene,2,OuTtIzGhUDY,0.5214
MultiQA,dot,Learn English with The Devil Wears Prada scene,3,fRseMUZ2NOM,0.5023
MultiQA,dot,Learn English with The Devil Wears Prada scene,4,QaP6nhNyHb0,0.4998
MultiQA,dot,Learn English with The Devil Wears Prada scene,5,67E6Dl6LaW4,0.4891
MultiQA,dot,Learn English with SpongeBob SquarePants dialogue,1,JxWEAP0aAJQ,0.8466
MultiQA,dot,Learn English with SpongeBob SquarePants dialogue,2,NDhPifXoBYI,0.7193
MultiQA,dot,Learn English with SpongeBob SquarePants dialogue,3,fRseMUZ2NOM,0.613
MultiQA,dot,Learn English with SpongeBob SquarePants dialogue,4,8cjTEJseLUk,0.6125
MultiQA,dot,Learn English with SpongeBob SquarePants dialogue,5,2MlWEVKMD_M,0.6119
MultiQA,dot,Learn English with The Simpsons episode conversation,1,apI6j_LQYAA,0.5813
MultiQA,dot,Learn English with The Simpsons episode conversation,2,8cjTEJseLUk,0.5796
MultiQA,dot,Learn English with The Simpsons episode conversation,3,RQuL3lsuarQ,0.5683
MultiQA,dot,Learn English with The Simpsons episode conversation,4,QCWoDO07TRM,0.552
MultiQA,dot,Learn English with The Simpsons episode conversation,5,xR7qcezLcXI,0.549
MultiQA,dot,Learn English with Peaky Blinders speaking style,1,2li3fhbUnXI,0.6983
MultiQA,dot,Learn English with Peaky Blinders speaking style,2,uW-I9SFuU1A,0.6129
MultiQA,dot,Learn English with Peaky Blinders speaking style,3,aRbaIHNttv4,0.5673
MultiQA,dot,Learn English with Peaky Blinders speaking style,4,OyNA4FA47do,0.5594
MultiQA,dot,Learn English with Peaky Blinders speaking style,5,urxzhnYYPm8,0.558
MultiQA,dot,Learn English with Jennifer Aniston interview,1,dsN6FiF9ncI,0.6699
MultiQA,dot,Learn English with Jennifer Aniston interview,2,381NyVSorHo,0.6678
MultiQA,dot,Learn English with Jennifer Aniston interview,3,67b2RzwCqsI,0.606
MultiQA,dot,Learn English with Jennifer Aniston interview,4,xpt3bJEjc-A,0.5625
MultiQA,dot,Learn English with Jennifer Aniston interview,5,ET0tZNFcpmk,0.5176
MultiQA,dot,Learn English with Zootopia movie dialogue,1,67E6Dl6LaW4,0.6211
MultiQA,dot,Learn English with Zootopia movie dialogue,2,xZIh2so3-AU,0.6208
MultiQA,dot,Learn English with Zootopia movie dialogue,3,fRseMUZ2NOM,0.5898
MultiQA,dot,Learn English with Zootopia movie dialogue,4,QaP6nhNyHb0,0.5898
MultiQA,dot,Learn English with Zootopia movie dialogue,5,cj0_XhE_qxE,0.5863
MultiQA,dot,Learn English with The Lion King movie scene,1,HgB2UHli0fU,0.7207
MultiQA,dot,Learn English with The Lion King movie scene,2,IIhWbZk2B3o,0.6532
MultiQA,dot,Learn English with The Lion King movie scene,3,Ql17ws1pmiQ,0.603
MultiQA,dot,Learn English with The Lion King movie scene,4,fRseMUZ2NOM,0.5902
MultiQA,dot,Learn English with The Lion King movie scene,5,3xCQrnTYmzY,0.5803
MultiQA,dot,Learn English with Pirates of the Caribbean dialogue,1,ICVQ6wfZr3c,0.7706
MultiQA,dot,Learn English with Pirates of the Caribbean dialogue,2,UUAENx1NANg,0.764
MultiQA,dot,Learn English with Pirates of the Caribbean dialogue,3,iuQsu4HOlrA,0.7381
MultiQA,dot,Learn English with Pirates of the Caribbean dialogue,4,8cjTEJseLUk,0.5257
MultiQA,dot,Learn English with Pirates of the Caribbean dialogue,5,wqOlUOkiFbs,0.518
MultiQA,dot,Learn English with Beauty and the Beast conversation,1,aTYNX1pjwwk,0.7895
MultiQA,dot,Learn English with Beauty and the Beast conversation,2,1jdjbt8W3es,0.6809
MultiQA,dot,Learn English with Beauty and the Beast conversation,3,Ql17ws1pmiQ,0.62
MultiQA,dot,Learn English with Beauty and the Beast conversation,4,fRseMUZ2NOM,0.5937
MultiQA,dot,Learn English with Beauty and the Beast conversation,5,4Pu-xXFfkro,0.5674
MultiQA,dot,Learn English with Frozen movie scene,1,PL7niJMDu5w,0.6048
MultiQA,dot,Learn English with Frozen movie scene,2,RjNka8csfYU,0.5642
MultiQA,dot,Learn English with Frozen movie scene,3,fRseMUZ2NOM,0.561
MultiQA,dot,Learn English with Frozen movie scene,4,67E6Dl6LaW4,0.5478
MultiQA,dot,Learn English with Frozen movie scene,5,tdn81jlykww,0.5349
MultiQA,dot,Learn English with Toy Story movie dialogue,1,67E6Dl6LaW4,0.6551
MultiQA,dot,Learn English with Toy Story movie dialogue,2,IYsurU_B4Qo,0.6498
MultiQA,dot,Learn English with Toy Story movie dialogue,3,3W2gRl5UIDY,0.6302
MultiQA,dot,Learn English with Toy Story movie dialogue,4,fRseMUZ2NOM,0.6265
MultiQA,dot,Learn English with Toy Story movie dialogue,5,edvu5y-phhY,0.6231
MultiQA,dot,Learn English with Finding Nemo conversation,1,TswCNV6meYM,0.6262
MultiQA,dot,Learn English with Finding Nemo conversation,2,Xr2px4Zmdtg,0.5817
MultiQA,dot,Learn English with Finding Nemo conversation,3,2li3fhbUnXI,0.5584
MultiQA,dot,Learn English with Finding Nemo conversation,4,RlcSm5jf89o,0.5495
MultiQA,dot,Learn English with Finding Nemo conversation,5,xR7qcezLcXI,0.5372
MultiQA,dot,Learn English with Aladdin movie dialogue,1,3xCQrnTYmzY,0.5921
MultiQA,dot,Learn English with Aladdin movie dialogue,2,cj0_XhE_qxE,0.5915
MultiQA,dot,Learn English with Aladdin movie dialogue,3,67E6Dl6LaW4,0.5904
MultiQA,dot,Learn English with Aladdin movie dialogue,4,OyNA4FA47do,0.5833
MultiQA,dot,Learn English with Aladdin movie dialogue,5,fRseMUZ2NOM,0.5808
MultiQA,dot,Learn English with Maleficent movie scene,1,fRseMUZ2NOM,0.6249
MultiQA,dot,Learn English with Maleficent movie scene,2,YR1n_jid024,0.6145
MultiQA,dot,Learn English with Maleficent movie scene,3,Xmgohhgb3pA,0.6054
MultiQA,dot,Learn English with Maleficent movie scene,4,tdn81jlykww,0.6043
MultiQA,dot,Learn English with Maleficent movie scene,5,edvu5y-phhY,0.6022
MultiQA,dot,Learn English with Ice Age movie conversation,1,RjNka8csfYU,0.6943
MultiQA,dot,Learn English with Ice Age movie conversation,2,edvu5y-phhY,0.5781
MultiQA,dot,Learn English with Ice Age movie conversation,3,pKoH9GkEKxQ,0.5767
MultiQA,dot,Learn English with Ice Age movie conversation,4,OyNA4FA47do,0.5761
MultiQA,dot,Learn English with Ice Age movie conversation,5,PL7niJMDu5w,0.566
MultiQA,dot,Learn English with Monsters Inc movie dialogue,1,_kafLt9bNyU,0.6621
MultiQA,dot,Learn English with Monsters Inc movie dialogue,2,fRseMUZ2NOM,0.632
MultiQA,dot,Learn English with Monsters Inc movie dialogue,3,67E6Dl6LaW4,0.6044
MultiQA,dot,Learn English with Monsters Inc movie dialogue,4,k9MTueetF38,0.6032
MultiQA,dot,Learn English with Monsters Inc movie dialogue,5,QaP6nhNyHb0,0.6014
MultiQA,dot,Learn English with Shrek movie expressions,1,esG_czN6sOc,0.6736
MultiQA,dot,Learn English with Shrek movie expressions,2,Sev_UnaqWmM,0.6304
MultiQA,dot,Learn English with Shrek movie expressions,3,Ns9o3Ixysqo,0.6058
MultiQA,dot,Learn English with Shrek movie expressions,4,pKoH9GkEKxQ,0.5516
MultiQA,dot,Learn English with Shrek movie expressions,5,0zbPeoZzcPg,0.5434
MultiQA,dot,Learn English with Disney movie conversations,1,3xCQrnTYmzY,0.7599
MultiQA,dot,Learn English with Disney movie conversations,2,cj0_XhE_qxE,0.7588
MultiQA,dot,Learn English with Disney movie conversations,3,SkViUbosnD4,0.7485
MultiQA,dot,Learn English with Disney movie conversations,4,YDTw1qL0wDw,0.7443
MultiQA,dot,Learn English with Disney movie conversations,5,67E6Dl6LaW4,0.7314
MultiQA,dot,Learn English with How I Met Your Mother dialogue,1,HLBxx-rejmE,0.6625
MultiQA,dot,Learn English with How I Met Your Mother dialogue,2,KEWge76EHpA,0.5285
MultiQA,dot,Learn English with How I Met Your Mother dialogue,3,on4SqK6EKTo,0.5145
MultiQA,dot,Learn English with How I Met Your Mother dialogue,4,RjQJRRU8ZFU,0.4983
MultiQA,dot,Learn English with How I Met Your Mother dialogue,5,xV-GT84xzE8,0.4929
MultiQA,dot,Learn English with Friends TV series conversation,1,HLBxx-rejmE,0.6663
MultiQA,dot,Learn English with Friends TV series conversation,2,xR7qcezLcXI,0.6342
MultiQA,dot,Learn English with Friends TV series conversation,3,FZoeUNG_x4I,0.6132
MultiQA,dot,Learn English with Friends TV series conversation,4,Dp1I_iFRRVA,0.6033
MultiQA,dot,Learn English with Friends TV series conversation,5,QaP6nhNyHb0,0.6026
MultiQA,dot,Learn English with rap songs pronunciation,1,soZc03vH_qQ,0.7068
MultiQA,dot,Learn English with rap songs pronunciation,2,gj9SQk-rlkQ,0.6457
MultiQA,dot,Learn English with rap songs pronunciation,3,u53Seni_i8U,0.5971
MultiQA,dot,Learn English with rap songs pronunciation,4,ys0SYYPLVOg,0.5896
MultiQA,dot,Learn English with rap songs pronunciation,5,VAAOTyfO-Oo,0.5776
MultiQA,dot,Learn English with Eminem lyrics pronunciation,1,soZc03vH_qQ,0.7417
MultiQA,dot,Learn English with Eminem lyrics pronunciation,2,gj9SQk-rlkQ,0.7123
MultiQA,dot,Learn English with Eminem lyrics pronunciation,3,HBVX1D1SerE,0.6331
MultiQA,dot,Learn English with Eminem lyrics pronunciation,4,CflETAu1f4I,0.6303
MultiQA,dot,Learn English with Eminem lyrics pronunciation,5,u53Seni_i8U,0.5859
MultiQA,dot,Learn English with Queen song vocabulary,1,E7mbFm3NAp0,0.6133
MultiQA,dot,Learn English with Queen song vocabulary,2,A_zhjxLLA08,0.589
MultiQA,dot,Learn English with Queen song vocabulary,3,soZc03vH_qQ,0.589
MultiQA,dot,Learn English with Queen song vocabulary,4,VAAOTyfO-Oo,0.585
MultiQA,dot,Learn English with Queen song vocabulary,5,ys0SYYPLVOg,0.5768
MultiQA,dot,Learn English with Ariana Grande song dialogue,1,CYkM3zOmjUE,0.7589
MultiQA,dot,Learn English with Ariana Grande song dialogue,2,VAAOTyfO-Oo,0.6657
MultiQA,dot,Learn English with Ariana Grande song dialogue,3,A_zhjxLLA08,0.5981
MultiQA,dot,Learn English with Ariana Grande song dialogue,4,y6mK4ugKCac,0.5883
MultiQA,dot,Learn English with Ariana Grande song dialogue,5,ys0SYYPLVOg,0.5807
MultiQA,dot,Learn English with Taylor Swift song expressions,1,bUpTiOgMJu4,0.6294
MultiQA,dot,Learn English with Taylor Swift song expressions,2,ys0SYYPLVOg,0.5897
MultiQA,dot,Learn English with Taylor Swift song expressions,3,VAAOTyfO-Oo,0.5798
MultiQA,dot,Learn English with Taylor Swift song expressions,4,BrWkotDAvfg,0.5786
MultiQA,dot,Learn English with Taylor Swift song expressions,5,soZc03vH_qQ,0.5693
MultiQA,dot,Learn English with Billie Eilish song pronunciation,1,2EhiOgkklY0,0.7293
MultiQA,dot,Learn English with Billie Eilish song pronunciation,2,soZc03vH_qQ,0.5569
MultiQA,dot,Learn English with Billie Eilish song pronunciation,3,gj9SQk-rlkQ,0.5329
MultiQA,dot,Learn English with Billie Eilish song pronunciation,4,DiBxjkkGb5o,0.5028
MultiQA,dot,Learn English with Billie Eilish song pronunciation,5,u53Seni_i8U,0.501
MultiQA,dot,Learn English with Michael Jackson song lyrics,1,gj9SQk-rlkQ,0.5649
MultiQA,dot,Learn English with Michael Jackson song lyrics,2,soZc03vH_qQ,0.5637
MultiQA,dot,Learn English with Michael Jackson song lyrics,3,fwrD70WeSzs,0.5555
MultiQA,dot,Learn English with Michael Jackson song lyrics,4,2EhiOgkklY0,0.5499
MultiQA,dot,Learn English with Michael Jackson song lyrics,5,DiBxjkkGb5o,0.5379
MultiQA,dot,Learn English with Jonas Brothers song dialogue,1,u53Seni_i8U,0.5394
MultiQA,dot,Learn English with Jonas Brothers song dialogue,2,lEuqXNfn90Y,0.5374
MultiQA,dot,Learn English with Jonas Brothers song dialogue,3,ufCndfbsfpw,0.525
MultiQA,dot,Learn English with Jonas Brothers song dialogue,4,y6mK4ugKCac,0.5153
MultiQA,dot,Learn English with Jonas Brothers song dialogue,5,g82BjCFBH-8,0.5146
MultiQA,dot,Learn English with Lady Gaga song vocabulary,1,3GCmsMI5iAY,0.7366
MultiQA,dot,Learn English with Lady Gaga song vocabulary,2,VAAOTyfO-Oo,0.7258
MultiQA,dot,Learn English with Lady Gaga song vocabulary,3,A_zhjxLLA08,0.6124
MultiQA,dot,Learn English with Lady Gaga song vocabulary,4,soZc03vH_qQ,0.5925
MultiQA,dot,Learn English with Lady Gaga song vocabulary,5,aTYNX1pjwwk,0.5869
MultiQA,dot,Learn English with Bob Marley song expressions,1,soZc03vH_qQ,0.5714
MultiQA,dot,Learn English with Bob Marley song expressions,2,gj9SQk-rlkQ,0.5452
MultiQA,dot,Learn English with Bob Marley song expressions,3,u53Seni_i8U,0.5219
MultiQA,dot,Learn English with Bob Marley song expressions,4,HKomCO56swg,0.5207
MultiQA,dot,Learn English with Bob Marley song expressions,5,g82BjCFBH-8,0.5173
MultiQA,dot,Understand fast English without subtitles,1,lhugwz26kUc,0.6255
MultiQA,dot,Understand fast English without subtitles,2,OyNA4FA47do,0.6094
MultiQA,dot,Understand fast English without subtitles,3,ufCndfbsfpw,0.5938
MultiQA,dot,Understand fast English without subtitles,4,tdn81jlykww,0.5838
MultiQA,dot,Understand fast English without subtitles,5,KEWge76EHpA,0.5743
MultiQA,dot,How to understand movies without subtitles,1,lhugwz26kUc,0.6498
MultiQA,dot,How to understand movies without subtitles,2,T-FXi4Buqps,0.5714
MultiQA,dot,How to understand movies without subtitles,3,s3p2EoAzhtE,0.542
MultiQA,dot,How to understand movies without subtitles,4,iuQsu4HOlrA,0.4814
MultiQA,dot,How to understand movies without subtitles,5,YR1n_jid024,0.4813
MultiQA,dot,How to learn English with Netflix shows,1,xsUEm_faz_w,0.697
MultiQA,dot,How to learn English with Netflix shows,2,urxzhnYYPm8,0.6726
MultiQA,dot,How to learn English with Netflix shows,3,uW-I9SFuU1A,0.6637
MultiQA,dot,How to learn English with Netflix shows,4,RQuL3lsuarQ,0.6373
MultiQA,dot,How to learn English with Netflix shows,5,SkViUbosnD4,0.6313
MultiQA,dot,How to improve English listening with TV series,1,xR7qcezLcXI,0.7031
MultiQA,dot,How to improve English listening with TV series,2,K7n_D9FbD2k,0.6527
MultiQA,dot,How to improve English listening with TV series,3,5i8s5XMzEoA,0.6418
MultiQA,dot,How to improve English listening with TV series,4,lhugwz26kUc,0.6414
MultiQA,dot,How to improve English listening with TV series,5,xV-GT84xzE8,0.6316
MultiQA,dot,How to learn English with movie scenes,1,fRseMUZ2NOM,0.7134
MultiQA,dot,How to learn English with movie scenes,2,Xmgohhgb3pA,0.6963
MultiQA,dot,How to learn English with movie scenes,3,pKoH9GkEKxQ,0.6765
MultiQA,dot,How to learn English with movie scenes,4,tdn81jlykww,0.6717
MultiQA,dot,How to learn English with movie scenes,5,Cd2pxyKaKUM,0.6628
MultiQA,dot,How to understand fast native English speech,1,KEWge76EHpA,0.698
MultiQA,dot,How to understand fast native English speech,2,LPA52CoT44w,0.6781
MultiQA,dot,How to understand fast native English speech,3,F23Bm4FrwJI,0.6541
MultiQA,dot,How to understand fast native English speech,4,FZXyYuiyq2I,0.6459
MultiQA,dot,How to understand fast native English speech,5,xV-GT84xzE8,0.6364
MultiQA,dot,How to learn English with TV show dialogue,1,xR7qcezLcXI,0.6811
MultiQA,dot,How to learn English with TV show dialogue,2,OyNA4FA47do,0.672
MultiQA,dot,How to learn English with TV show dialogue,3,RQuL3lsuarQ,0.6677
MultiQA,dot,How to learn English with TV show dialogue,4,Dp1I_iFRRVA,0.6633
MultiQA,dot,How to learn English with TV show dialogue,5,xV-GT84xzE8,0.6596
MultiQA,dot,How to practice English listening with movies,1,Xmgohhgb3pA,0.674
MultiQA,dot,How to practice English listening with movies,2,pKoH9GkEKxQ,0.6344
MultiQA,dot,How to practice English listening with movies,3,fRseMUZ2NOM,0.6326
MultiQA,dot,How to practice English listening with movies,4,Cd2pxyKaKUM,0.6173
MultiQA,dot,How to practice English listening with movies,5,OyNA4FA47do,0.6116
MultiQA,dot,How to learn real English expressions from movies,1,edvu5y-phhY,0.7011
MultiQA,dot,How to learn real English expressions from movies,2,fRseMUZ2NOM,0.6634
MultiQA,dot,How to learn real English expressions from movies,3,lhugwz26kUc,0.6626
MultiQA,dot,How to learn real English expressions from movies,4,pKoH9GkEKxQ,0.6432
MultiQA,dot,How to learn real English expressions from movies,5,Xmgohhgb3pA,0.6342
MultiQA,dot,How to understand jokes in English TV shows,1,RQuL3lsuarQ,0.5264
MultiQA,dot,How to understand jokes in English TV shows,2,67E6Dl6LaW4,0.5254
MultiQA,dot,How to understand jokes in English TV shows,3,5fBrINGT0Dg,0.5252
MultiQA,dot,How to understand jokes in English TV shows,4,3W2gRl5UIDY,0.5239
MultiQA,dot,How to understand jokes in English TV shows,5,xV-GT84xzE8,0.5215
MultiQA,dot,Real English expressions used by native speakers,1,srFHh4UiO7U,0.4713
MultiQA,dot,Real English expressions used by native speakers,2,GdD065F54ko,0.4547
MultiQA,dot,Real English expressions used by native speakers,3,72okAeSn5Tc,0.4422
MultiQA,dot,Real English expressions used by native speakers,4,2pkNRVuJ_70,0.4358
MultiQA,dot,Real English expressions used by native speakers,5,a79pawTkIx8,0.4324
MultiQA,dot,Common phrases used in American TV series,1,T-FXi4Buqps,0.4558
MultiQA,dot,Common phrases used in American TV series,2,72okAeSn5Tc,0.4225
MultiQA,dot,Common phrases used in American TV series,3,CKTPXv9XCeA,0.4217
MultiQA,dot,Common phrases used in American TV series,4,a79pawTkIx8,0.4207
MultiQA,dot,Common phrases used in American TV series,5,MbTOCvm2-OE,0.3984
MultiQA,dot,English slang used in movie dialogues,1,edvu5y-phhY,0.4354
MultiQA,dot,English slang used in movie dialogues,2,pOWZp3X_1aU,0.4329
MultiQA,dot,English slang used in movie dialogues,3,Rs_wuc9J4Wo,0.4255
MultiQA,dot,English slang used in movie dialogues,4,OCp43nUf0yQ,0.4231
MultiQA,dot,English slang used in movie dialogues,5,3W2gRl5UIDY,0.4227
MultiQA,dot,Daily English expressions used by natives,1,a79pawTkIx8,0.5119
MultiQA,dot,Daily English expressions used by natives,2,LPA52CoT44w,0.4244
MultiQA,dot,Daily English expressions used by natives,3,xV-GT84xzE8,0.4175
MultiQA,dot,Daily English expressions used by natives,4,KEWge76EHpA,0.4048
MultiQA,dot,Daily English expressions used by natives,5,wc3rY_2YQkM,0.4029
MultiQA,dot,Natural English pronunciation in movies,1,Nb7KuhBVCH8,0.5261
MultiQA,dot,Natural English pronunciation in movies,2,NKLyCK0zySA,0.5243
MultiQA,dot,Natural English pronunciation in movies,3,edvu5y-phhY,0.4942
MultiQA,dot,Natural English pronunciation in movies,4,3W2gRl5UIDY,0.4931
MultiQA,dot,Natural English pronunciation in movies,5,fRseMUZ2NOM,0.4843
MultiQA,dot,Connected speech examples in movie dialogue,1,Vcum4dzafOE,0.4836
MultiQA,dot,Connected speech examples in movie dialogue,2,ufCndfbsfpw,0.4426
MultiQA,dot,Connected speech examples in movie dialogue,3,19iestleXXc,0.4372
MultiQA,dot,Connected speech examples in movie dialogue,4,Xmgohhgb3pA,0.4206
MultiQA,dot,Connected speech examples in movie dialogue,5,T-FXi4Buqps,0.4205
MultiQA,dot,Reduced speech in native English conversation,1,L5EW4uRl_ps,0.5767
MultiQA,dot,Reduced speech in native English conversation,2,OCp43nUf0yQ,0.532
MultiQA,dot,Reduced speech in native English conversation,3,oGjowST6d20,0.5301
MultiQA,dot,Reduced speech in native English conversation,4,L2ylZyu0j7g,0.5281
MultiQA,dot,Reduced speech in native English conversation,5,KEWge76EHpA,0.5012
MultiQA,dot,Shadowing technique with TV series dialogue,1,r1WUFIK-96M,0.3884
MultiQA,dot,Shadowing technique with TV series dialogue,2,1puk6bREVMI,0.3767
MultiQA,dot,Shadowing technique with TV series dialogue,3,r3K7sfk7dmY,0.3657
MultiQA,dot,Shadowing technique with TV series dialogue,4,fO4hWM0qi9A,0.3604
MultiQA,dot,Shadowing technique with TV series dialogue,5,JteHl9PQEIU,0.3504
MultiQA,dot,English listening practice with TV show scenes,1,xR7qcezLcXI,0.5746
MultiQA,dot,English listening practice with TV show scenes,2,RQuL3lsuarQ,0.5603
MultiQA,dot,English listening practice with TV show scenes,3,FZoeUNG_x4I,0.5534
MultiQA,dot,English listening practice with TV show scenes,4,Xmgohhgb3pA,0.5502
MultiQA,dot,English listening practice with TV show scenes,5,K7n_D9FbD2k,0.5333
MultiQA,dot,English pronunciation practice with movie dialogue,1,Xmgohhgb3pA,0.5724
MultiQA,dot,English pronunciation practice with movie dialogue,2,NKLyCK0zySA,0.5514
MultiQA,dot,English pronunciation practice with movie dialogue,3,edvu5y-phhY,0.5316
MultiQA,dot,English pronunciation practice with movie dialogue,4,LPA52CoT44w,0.5212
MultiQA,dot,English pronunciation practice with movie dialogue,5,fRseMUZ2NOM,0.5207
MultiQA,dot,Best TV series to learn English fast,1,JteHl9PQEIU,0.6144
MultiQA,dot,Best TV series to learn English fast,2,7Ck3q5GaF5M,0.6097
MultiQA,dot,Best TV series to learn English fast,3,4rX4sH8PMFc,0.5965
MultiQA,dot,Best TV series to learn English fast,4,5i8s5XMzEoA,0.5953
MultiQA,dot,Best TV series to learn English fast,5,RQuL3lsuarQ,0.5913
MultiQA,dot,Best movies to learn English listening,1,V1mhdFpsYFA,0.6906
MultiQA,dot,Best movies to learn English listening,2,dcCn9a8TC_I,0.5975
MultiQA,dot,Best movies to learn English listening,3,xQI0Kqu7x4o,0.5911
MultiQA,dot,Best movies to learn English listening,4,Cd2pxyKaKUM,0.5854
MultiQA,dot,Best movies to learn English listening,5,edvu5y-phhY,0.5851
MultiQA,dot,How to train your ear with English movies,1,pKoH9GkEKxQ,0.5988
MultiQA,dot,How to train your ear with English movies,2,Xmgohhgb3pA,0.5974
MultiQA,dot,How to train your ear with English movies,3,xQI0Kqu7x4o,0.5907
MultiQA,dot,How to train your ear with English movies,4,QaP6nhNyHb0,0.5873
MultiQA,dot,How to train your ear with English movies,5,67E6Dl6LaW4,0.5832
MultiQA,dot,How to improve speaking using TV shows,1,xR7qcezLcXI,0.5592
MultiQA,dot,How to improve speaking using TV shows,2,lhugwz26kUc,0.5375
MultiQA,dot,How to improve speaking using TV shows,3,T-FXi4Buqps,0.5308
MultiQA,dot,How to improve speaking using TV shows,4,KEWge76EHpA,0.527
MultiQA,dot,How to improve speaking using TV shows,5,L2ylZyu0j7g,0.5214
MultiQA,dot,How to learn vocabulary from movie scenes,1,edvu5y-phhY,0.6074
MultiQA,dot,How to learn vocabulary from movie scenes,2,fRseMUZ2NOM,0.5958
MultiQA,dot,How to learn vocabulary from movie scenes,3,Cd2pxyKaKUM,0.5954
MultiQA,dot,How to learn vocabulary from movie scenes,4,3xCQrnTYmzY,0.5942
MultiQA,dot,How to learn vocabulary from movie scenes,5,Ql17ws1pmiQ,0.5867
MultiQA,dot,How to sound like a native English speaker,1,srFHh4UiO7U,0.5988
MultiQA,dot,How to sound like a native English speaker,2,KEWge76EHpA,0.5945
MultiQA,dot,How to sound like a native English speaker,3,LPA52CoT44w,0.5894
MultiQA,dot,How to sound like a native English speaker,4,xV-GT84xzE8,0.5812
MultiQA,dot,How to sound like a native English speaker,5,atySD7QuIqI,0.5774
MultiQA,dot,English conversation practice with movie clips,1,Xmgohhgb3pA,0.6003
MultiQA,dot,English conversation practice with movie clips,2,fRseMUZ2NOM,0.547
MultiQA,dot,English conversation practice with movie clips,3,WU0W0S5ILHY,0.5393
MultiQA,dot,English conversation practice with movie clips,4,pKoH9GkEKxQ,0.5376
MultiQA,dot,English conversation practice with movie clips,5,Cd2pxyKaKUM,0.5295
MultiQA,dot,Advanced English listening with TV series,1,K7n_D9FbD2k,0.6126
MultiQA,dot,Advanced English listening with TV series,2,FZoeUNG_x4I,0.6067
MultiQA,dot,Advanced English listening with TV series,3,RQuL3lsuarQ,0.6018
MultiQA,dot,Advanced English listening with TV series,4,xR7qcezLcXI,0.5949
MultiQA,dot,Advanced English listening with TV series,5,uW-I9SFuU1A,0.5912
MultiQA,dot,Real life English conversation from movies,1,67E6Dl6LaW4,0.5663
MultiQA,dot,Real life English conversation from movies,2,V1mhdFpsYFA,0.5657
MultiQA,dot,Real life English conversation from movies,3,Xmgohhgb3pA,0.5635
MultiQA,dot,Real life English conversation from movies,4,edvu5y-phhY,0.549
MultiQA,dot,Real life English conversation from movies,5,OCp43nUf0yQ,0.5482
MultiQA,dot,English fluency practice with TV series scenes,1,JteHl9PQEIU,0.6025
MultiQA,dot,English fluency practice with TV series scenes,2,RQuL3lsuarQ,0.5888
MultiQA,dot,English fluency practice with TV series scenes,3,7Ck3q5GaF5M,0.5833
MultiQA,dot,English fluency practice with TV series scenes,4,lhugwz26kUc,0.5676
MultiQA,dot,English fluency practice with TV series scenes,5,tdn81jlykww,0.5603
MultiQA,euclidean,Learn English with The Devil Wears Prada scene,1,aRbaIHNttv4,0.7677
MultiQA,euclidean,Learn English with The Devil Wears Prada scene,2,OuTtIzGhUDY,0.9784
MultiQA,euclidean,Learn English with The Devil Wears Prada scene,3,fRseMUZ2NOM,0.9977
MultiQA,euclidean,Learn English with The Devil Wears Prada scene,4,QaP6nhNyHb0,1.0002
MultiQA,euclidean,Learn English with The Devil Wears Prada scene,5,67E6Dl6LaW4,1.0109
MultiQA,euclidean,Learn English with SpongeBob SquarePants dialogue,1,JxWEAP0aAJQ,0.5539
MultiQA,euclidean,Learn English with SpongeBob SquarePants dialogue,2,NDhPifXoBYI,0.7492
MultiQA,euclidean,Learn English with SpongeBob SquarePants dialogue,3,fRseMUZ2NOM,0.8798
MultiQA,euclidean,Learn English with SpongeBob SquarePants dialogue,4,8cjTEJseLUk,0.8803
MultiQA,euclidean,Learn English with SpongeBob SquarePants dialogue,5,2MlWEVKMD_M,0.881
MultiQA,euclidean,Learn English with The Simpsons episode conversation,1,apI6j_LQYAA,0.9151
MultiQA,euclidean,Learn English with The Simpsons episode conversation,2,8cjTEJseLUk,0.9169
MultiQA,euclidean,Learn English with The Simpsons episode conversation,3,RQuL3lsuarQ,0.9292
MultiQA,euclidean,Learn English with The Simpsons episode conversation,4,QCWoDO07TRM,0.9466
MultiQA,euclidean,Learn English with The Simpsons episode conversation,5,xR7qcezLcXI,0.9497
MultiQA,euclidean,Learn English with Peaky Blinders speaking style,1,2li3fhbUnXI,0.7768
MultiQA,euclidean,Learn English with Peaky Blinders speaking style,2,uW-I9SFuU1A,0.8798
MultiQA,euclidean,Learn English with Peaky Blinders speaking style,3,aRbaIHNttv4,0.9302
MultiQA,euclidean,Learn English with Peaky Blinders speaking style,4,OyNA4FA47do,0.9388
MultiQA,euclidean,Learn English with Peaky Blinders speaking style,5,urxzhnYYPm8,0.9403
MultiQA,euclidean,Learn English with Jennifer Aniston interview,1,dsN6FiF9ncI,0.8125
MultiQA,euclidean,Learn English with Jennifer Aniston interview,2,381NyVSorHo,0.8151
MultiQA,euclidean,Learn English with Jennifer Aniston interview,3,67b2RzwCqsI,0.8877
MultiQA,euclidean,Learn English with Jennifer Aniston interview,4,xpt3bJEjc-A,0.9354
MultiQA,euclidean,Learn English with Jennifer Aniston interview,5,ET0tZNFcpmk,0.9823
MultiQA,euclidean,Learn English with Zootopia movie dialogue,1,67E6Dl6LaW4,0.8705
MultiQA,euclidean,Learn English with Zootopia movie dialogue,2,xZIh2so3-AU,0.8708
MultiQA,euclidean,Learn English with Zootopia movie dialogue,3,fRseMUZ2NOM,0.9057
MultiQA,euclidean,Learn English with Zootopia movie dialogue,4,QaP6nhNyHb0,0.9058
MultiQA,euclidean,Learn English with Zootopia movie dialogue,5,cj0_XhE_qxE,0.9096
MultiQA,euclidean,Learn English with The Lion King movie scene,1,HgB2UHli0fU,0.7474
MultiQA,euclidean,Learn English with The Lion King movie scene,2,IIhWbZk2B3o,0.8328
MultiQA,euclidean,Learn English with The Lion King movie scene,3,Ql17ws1pmiQ,0.891
MultiQA,euclidean,Learn English with The Lion King movie scene,4,fRseMUZ2NOM,0.9053
MultiQA,euclidean,Learn English with The Lion King movie scene,5,3xCQrnTYmzY,0.9162
MultiQA,euclidean,Learn English with Pirates of the Caribbean dialogue,1,ICVQ6wfZr3c,0.6774
MultiQA,euclidean,Learn English with Pirates of the Caribbean dialogue,2,UUAENx1NANg,0.6871
MultiQA,euclidean,Learn English with Pirates of the Caribbean dialogue,3,iuQsu4HOlrA,0.7237
MultiQA,euclidean,Learn English with Pirates of the Caribbean dialogue,4,8cjTEJseLUk,0.9739
MultiQA,euclidean,Learn English with Pirates of the Caribbean dialogue,5,wqOlUOkiFbs,0.9819
MultiQA,euclidean,Learn English with Beauty and the Beast conversation,1,aTYNX1pjwwk,0.6488
MultiQA,euclidean,Learn English with Beauty and the Beast conversation,2,1jdjbt8W3es,0.7988
MultiQA,euclidean,Learn English with Beauty and the Beast conversation,3,Ql17ws1pmiQ,0.8718
MultiQA,euclidean,Learn English with Beauty and the Beast conversation,4,fRseMUZ2NOM,0.9015
MultiQA,euclidean,Learn English with Beauty and the Beast conversation,5,4Pu-xXFfkro,0.9301
MultiQA,euclidean,Learn English with Frozen movie scene,1,PL7niJMDu5w,0.889
MultiQA,euclidean,Learn English with Frozen movie scene,2,RjNka8csfYU,0.9336
MultiQA,euclidean,Learn English with Frozen movie scene,3,fRseMUZ2NOM,0.937
MultiQA,euclidean,Learn English with Frozen movie scene,4,67E6Dl6LaW4,0.951
MultiQA,euclidean,Learn English with Frozen movie scene,5,tdn81jlykww,0.9645
MultiQA,euclidean,Learn English with Toy Story movie dialogue,1,67E6Dl6LaW4,0.8306
MultiQA,euclidean,Learn English with Toy Story movie dialogue,2,IYsurU_B4Qo,0.8369
MultiQA,euclidean,Learn English with Toy Story movie dialogue,3,3W2gRl5UIDY,0.86
MultiQA,euclidean,Learn English with Toy Story movie dialogue,4,fRseMUZ2NOM,0.8643
MultiQA,euclidean,Learn English with Toy Story movie dialogue,5,edvu5y-phhY,0.8683
MultiQA,euclidean,Learn English with Finding Nemo conversation,1,TswCNV6meYM,0.8647
MultiQA,euclidean,Learn English with Finding Nemo conversation,2,Xr2px4Zmdtg,0.9147
MultiQA,euclidean,Learn English with Finding Nemo conversation,3,2li3fhbUnXI,0.9398
MultiQA,euclidean,Learn English with Finding Nemo conversation,4,RlcSm5jf89o,0.9492
MultiQA,euclidean,Learn English with Finding Nemo conversation,5,xR7qcezLcXI,0.962
MultiQA,euclidean,Learn English with Aladdin movie dialogue,1,3xCQrnTYmzY,0.9032
MultiQA,euclidean,Learn English with Aladdin movie dialogue,2,cj0_XhE_qxE,0.9039
MultiQA,euclidean,Learn English with Aladdin movie dialogue,3,67E6Dl6LaW4,0.9051
MultiQA,euclidean,Learn English with Aladdin movie dialogue,4,OyNA4FA47do,0.9129
MultiQA,euclidean,Learn English with Aladdin movie dialogue,5,fRseMUZ2NOM,0.9156
MultiQA,euclidean,Learn English with Maleficent movie scene,1,fRseMUZ2NOM,0.8662
MultiQA,euclidean,Learn English with Maleficent movie scene,2,YR1n_jid024,0.8781
MultiQA,euclidean,Learn English with Maleficent movie scene,3,Xmgohhgb3pA,0.8883
MultiQA,euclidean,Learn English with Maleficent movie scene,4,tdn81jlykww,0.8896
MultiQA,euclidean,Learn English with Maleficent movie scene,5,edvu5y-phhY,0.8919
MultiQA,euclidean,Learn English with Ice Age movie conversation,1,RjNka8csfYU,0.7819
MultiQA,euclidean,Learn English with Ice Age movie conversation,2,edvu5y-phhY,0.9186
MultiQA,euclidean,Learn English with Ice Age movie conversation,3,pKoH9GkEKxQ,0.9201
MultiQA,euclidean,Learn English with Ice Age movie conversation,4,OyNA4FA47do,0.9207
MultiQA,euclidean,Learn English with Ice Age movie conversation,5,PL7niJMDu5w,0.9316
MultiQA,euclidean,Learn English with Monsters Inc movie dialogue,1,_kafLt9bNyU,0.8221
MultiQA,euclidean,Learn English with Monsters Inc movie dialogue,2,fRseMUZ2NOM,0.8579
MultiQA,euclidean,Learn English with Monsters Inc movie dialogue,3,67E6Dl6LaW4,0.8895
MultiQA,euclidean,Learn English with Monsters Inc movie dialogue,4,k9MTueetF38,0.8909
MultiQA,euclidean,Learn English with Monsters Inc movie dialogue,5,QaP6nhNyHb0,0.8929
MultiQA,euclidean,Learn English with Shrek movie expressions,1,esG_czN6sOc,0.8079
MultiQA,euclidean,Learn English with Shrek movie expressions,2,Sev_UnaqWmM,0.8597
MultiQA,euclidean,Learn English with Shrek movie expressions,3,Ns9o3Ixysqo,0.8879
MultiQA,euclidean,Learn English with Shrek movie expressions,4,pKoH9GkEKxQ,0.947
MultiQA,euclidean,Learn English with Shrek movie expressions,5,0zbPeoZzcPg,0.9556
MultiQA,euclidean,Learn English with Disney movie conversations,1,3xCQrnTYmzY,0.693
MultiQA,euclidean,Learn English with Disney movie conversations,2,cj0_XhE_qxE,0.6945
MultiQA,euclidean,Learn English with Disney movie conversations,3,SkViUbosnD4,0.7092
MultiQA,euclidean,Learn English with Disney movie conversations,4,YDTw1qL0wDw,0.7151
MultiQA,euclidean,Learn English with Disney movie conversations,5,67E6Dl6LaW4,0.7329
MultiQA,euclidean,Learn English with How I Met Your Mother dialogue,1,HLBxx-rejmE,0.8216
MultiQA,euclidean,Learn English with How I Met Your Mother dialogue,2,KEWge76EHpA,0.9711
MultiQA,euclidean,Learn English with How I Met Your Mother dialogue,3,on4SqK6EKTo,0.9854
MultiQA,euclidean,Learn English with How I Met Your Mother dialogue,4,RjQJRRU8ZFU,1.0017
MultiQA,euclidean,Learn English with How I Met Your Mother dialogue,5,xV-GT84xzE8,1.0071
MultiQA,euclidean,Learn English with Friends TV series conversation,1,HLBxx-rejmE,0.817
MultiQA,euclidean,Learn English with Friends TV series conversation,2,xR7qcezLcXI,0.8554
MultiQA,euclidean,Learn English with Friends TV series conversation,3,FZoeUNG_x4I,0.8795
MultiQA,euclidean,Learn English with Friends TV series conversation,4,Dp1I_iFRRVA,0.8907
MultiQA,euclidean,Learn English with Friends TV series conversation,5,QaP6nhNyHb0,0.8915
MultiQA,euclidean,Learn English with rap songs pronunciation,1,soZc03vH_qQ,0.7658
MultiQA,euclidean,Learn English with rap songs pronunciation,2,gj9SQk-rlkQ,0.8417
MultiQA,euclidean,Learn English with rap songs pronunciation,3,u53Seni_i8U,0.8977
MultiQA,euclidean,Learn English with rap songs pronunciation,4,ys0SYYPLVOg,0.9059
MultiQA,euclidean,Learn English with rap songs pronunciation,5,VAAOTyfO-Oo,0.9192
MultiQA,euclidean,Learn English with Eminem lyrics pronunciation,1,soZc03vH_qQ,0.7187
MultiQA,euclidean,Learn English with Eminem lyrics pronunciation,2,gj9SQk-rlkQ,0.7585
MultiQA,euclidean,Learn English with Eminem lyrics pronunciation,3,HBVX1D1SerE,0.8566
MultiQA,euclidean,Learn English with Eminem lyrics pronunciation,4,CflETAu1f4I,0.8599
MultiQA,euclidean,Learn English with Eminem lyrics pronunciation,5,u53Seni_i8U,0.9101
MultiQA,euclidean,Learn English with Queen song vocabulary,1,E7mbFm3NAp0,0.8794
MultiQA,euclidean,Learn English with Queen song vocabulary,2,A_zhjxLLA08,0.9067
MultiQA,euclidean,Learn English with Queen song vocabulary,3,soZc03vH_qQ,0.9067
MultiQA,euclidean,Learn English with Queen song vocabulary,4,VAAOTyfO-Oo,0.911
MultiQA,euclidean,Learn English with Queen song vocabulary,5,ys0SYYPLVOg,0.92
MultiQA,euclidean,Learn English with Ariana Grande song dialogue,1,CYkM3zOmjUE,0.6945
MultiQA,euclidean,Learn English with Ariana Grande song dialogue,2,VAAOTyfO-Oo,0.8177
MultiQA,euclidean,Learn English with Ariana Grande song dialogue,3,A_zhjxLLA08,0.8965
MultiQA,euclidean,Learn English with Ariana Grande song dialogue,4,y6mK4ugKCac,0.9074
MultiQA,euclidean,Learn English with Ariana Grande song dialogue,5,ys0SYYPLVOg,0.9157
MultiQA,euclidean,Learn English with Taylor Swift song expressions,1,bUpTiOgMJu4,0.8609
MultiQA,euclidean,Learn English with Taylor Swift song expressions,2,ys0SYYPLVOg,0.9059
MultiQA,euclidean,Learn English with Taylor Swift song expressions,3,VAAOTyfO-Oo,0.9167
MultiQA,euclidean,Learn English with Taylor Swift song expressions,4,BrWkotDAvfg,0.9181
MultiQA,euclidean,Learn English with Taylor Swift song expressions,5,soZc03vH_qQ,0.9281
MultiQA,euclidean,Learn English with Billie Eilish song pronunciation,1,2EhiOgkklY0,0.7357
MultiQA,euclidean,Learn English with Billie Eilish song pronunciation,2,soZc03vH_qQ,0.9414
MultiQA,euclidean,Learn English with Billie Eilish song pronunciation,3,gj9SQk-rlkQ,0.9666
MultiQA,euclidean,Learn English with Billie Eilish song pronunciation,4,DiBxjkkGb5o,0.9972
MultiQA,euclidean,Learn English with Billie Eilish song pronunciation,5,u53Seni_i8U,0.999
MultiQA,euclidean,Learn English with Michael Jackson song lyrics,1,gj9SQk-rlkQ,0.9329
MultiQA,euclidean,Learn English with Michael Jackson song lyrics,2,soZc03vH_qQ,0.9341
MultiQA,euclidean,Learn English with Michael Jackson song lyrics,3,fwrD70WeSzs,0.9429
MultiQA,euclidean,Learn English with Michael Jackson song lyrics,4,2EhiOgkklY0,0.9488
MultiQA,euclidean,Learn English with Michael Jackson song lyrics,5,DiBxjkkGb5o,0.9613
MultiQA,euclidean,Learn English with Jonas Brothers song dialogue,1,u53Seni_i8U,0.9598
MultiQA,euclidean,Learn English with Jonas Brothers song dialogue,2,lEuqXNfn90Y,0.9619
MultiQA,euclidean,Learn English with Jonas Brothers song dialogue,3,ufCndfbsfpw,0.9747
MultiQA,euclidean,Learn English with Jonas Brothers song dialogue,4,y6mK4ugKCac,0.9846
MultiQA,euclidean,Learn English with Jonas Brothers song dialogue,5,g82BjCFBH-8,0.9853
MultiQA,euclidean,Learn English with Lady Gaga song vocabulary,1,3GCmsMI5iAY,0.7258
MultiQA,euclidean,Learn English with Lady Gaga song vocabulary,2,VAAOTyfO-Oo,0.7406
MultiQA,euclidean,Learn English with Lady Gaga song vocabulary,3,A_zhjxLLA08,0.8804
MultiQA,euclidean,Learn English with Lady Gaga song vocabulary,4,soZc03vH_qQ,0.9028
MultiQA,euclidean,Learn English with Lady Gaga song vocabulary,5,aTYNX1pjwwk,0.909
MultiQA,euclidean,Learn English with Bob Marley song expressions,1,soZc03vH_qQ,0.9258
MultiQA,euclidean,Learn English with Bob Marley song expressions,2,gj9SQk-rlkQ,0.9537
MultiQA,euclidean,Learn English with Bob Marley song expressions,3,u53Seni_i8U,0.9779
MultiQA,euclidean,Learn English with Bob Marley song expressions,4,HKomCO56swg,0.9791
MultiQA,euclidean,Learn English with Bob Marley song expressions,5,g82BjCFBH-8,0.9826
MultiQA,euclidean,Understand fast English without subtitles,1,lhugwz26kUc,0.8655
MultiQA,euclidean,Understand fast English without subtitles,2,OyNA4FA47do,0.8839
MultiQA,euclidean,Understand fast English without subtitles,3,ufCndfbsfpw,0.9014
MultiQA,euclidean,Understand fast English without subtitles,4,tdn81jlykww,0.9124
MultiQA,euclidean,Understand fast English without subtitles,5,KEWge76EHpA,0.9227
MultiQA,euclidean,How to understand movies without subtitles,1,lhugwz26kUc,0.8369
MultiQA,euclidean,How to understand movies without subtitles,2,T-FXi4Buqps,0.9259
MultiQA,euclidean,How to understand movies without subtitles,3,s3p2EoAzhtE,0.957
MultiQA,euclidean,How to understand movies without subtitles,4,iuQsu4HOlrA,1.0185
MultiQA,euclidean,How to understand movies without subtitles,5,YR1n_jid024,1.0186
MultiQA,euclidean,How to learn English with Netflix shows,1,xsUEm_faz_w,0.7785
MultiQA,euclidean,How to learn English with Netflix shows,2,urxzhnYYPm8,0.8092
MultiQA,euclidean,How to learn English with Netflix shows,3,uW-I9SFuU1A,0.8202
MultiQA,euclidean,How to learn English with Netflix shows,4,RQuL3lsuarQ,0.8517
MultiQA,euclidean,How to learn English with Netflix shows,5,SkViUbosnD4,0.8588
MultiQA,euclidean,How to improve English listening with TV series,1,xR7qcezLcXI,0.7706
MultiQA,euclidean,How to improve English listening with TV series,2,K7n_D9FbD2k,0.8335
MultiQA,euclidean,How to improve English listening with TV series,3,5i8s5XMzEoA,0.8464
MultiQA,euclidean,How to improve English listening with TV series,4,lhugwz26kUc,0.8469
MultiQA,euclidean,How to improve English listening with TV series,5,xV-GT84xzE8,0.8584
MultiQA,euclidean,How to learn English with movie scenes,1,fRseMUZ2NOM,0.7571
MultiQA,euclidean,How to learn English with movie scenes,2,Xmgohhgb3pA,0.7794
MultiQA,euclidean,How to learn English with movie scenes,3,pKoH9GkEKxQ,0.8044
MultiQA,euclidean,How to learn English with movie scenes,4,tdn81jlykww,0.8103
MultiQA,euclidean,How to learn English with movie scenes,5,Cd2pxyKaKUM,0.8213
MultiQA,euclidean,How to understand fast native English speech,1,KEWge76EHpA,0.7772
MultiQA,euclidean,How to understand fast native English speech,2,LPA52CoT44w,0.8023
MultiQA,euclidean,How to understand fast native English speech,3,F23Bm4FrwJI,0.8317
MultiQA,euclidean,How to understand fast native English speech,4,FZXyYuiyq2I,0.8415
MultiQA,euclidean,How to understand fast native English speech,5,xV-GT84xzE8,0.8527
MultiQA,euclidean,How to learn English with TV show dialogue,1,xR7qcezLcXI,0.7987
MultiQA,euclidean,How to learn English with TV show dialogue,2,OyNA4FA47do,0.8099
MultiQA,euclidean,How to learn English with TV show dialogue,3,RQuL3lsuarQ,0.8153
MultiQA,euclidean,How to learn English with TV show dialogue,4,Dp1I_iFRRVA,0.8206
MultiQA,euclidean,How to learn English with TV show dialogue,5,xV-GT84xzE8,0.8251
MultiQA,euclidean,How to practice English listening with movies,1,Xmgohhgb3pA,0.8075
MultiQA,euclidean,How to practice English listening with movies,2,pKoH9GkEKxQ,0.8551
MultiQA,euclidean,How to practice English listening with movies,3,fRseMUZ2NOM,0.8572
MultiQA,euclidean,How to practice English listening with movies,4,Cd2pxyKaKUM,0.8748
MultiQA,euclidean,How to practice English listening with movies,5,OyNA4FA47do,0.8814
MultiQA,euclidean,How to learn real English expressions from movies,1,edvu5y-phhY,0.7731
MultiQA,euclidean,How to learn real English expressions from movies,2,fRseMUZ2NOM,0.8205
MultiQA,euclidean,How to learn real English expressions from movies,3,lhugwz26kUc,0.8214
MultiQA,euclidean,How to learn real English expressions from movies,4,pKoH9GkEKxQ,0.8447
MultiQA,euclidean,How to learn real English expressions from movies,5,Xmgohhgb3pA,0.8554
MultiQA,euclidean,How to understand jokes in English TV shows,1,RQuL3lsuarQ,0.9732
MultiQA,euclidean,How to understand jokes in English TV shows,2,67E6Dl6LaW4,0.9742
MultiQA,euclidean,How to understand jokes in English TV shows,3,5fBrINGT0Dg,0.9745
MultiQA,euclidean,How to understand jokes in English TV shows,4,3W2gRl5UIDY,0.9758
MultiQA,euclidean,How to understand jokes in English TV shows,5,xV-GT84xzE8,0.9782
MultiQA,euclidean,Real English expressions used by native speakers,1,srFHh4UiO7U,1.0283
MultiQA,euclidean,Real English expressions used by native speakers,2,GdD065F54ko,1.0444
MultiQA,euclidean,Real English expressions used by native speakers,3,72okAeSn5Tc,1.0562
MultiQA,euclidean,Real English expressions used by native speakers,4,2pkNRVuJ_70,1.0623
MultiQA,euclidean,Real English expressions used by native speakers,5,a79pawTkIx8,1.0655
MultiQA,euclidean,Common phrases used in American TV series,1,T-FXi4Buqps,1.0433
MultiQA,euclidean,Common phrases used in American TV series,2,72okAeSn5Tc,1.0747
MultiQA,euclidean,Common phrases used in American TV series,3,CKTPXv9XCeA,1.0755
MultiQA,euclidean,Common phrases used in American TV series,4,a79pawTkIx8,1.0764
MultiQA,euclidean,Common phrases used in American TV series,5,MbTOCvm2-OE,1.0969
MultiQA,euclidean,English slang used in movie dialogues,1,edvu5y-phhY,1.0626
MultiQA,euclidean,English slang used in movie dialogues,2,pOWZp3X_1aU,1.065
MultiQA,euclidean,English slang used in movie dialogues,3,Rs_wuc9J4Wo,1.072
MultiQA,euclidean,English slang used in movie dialogues,4,OCp43nUf0yQ,1.0742
MultiQA,euclidean,English slang used in movie dialogues,5,3W2gRl5UIDY,1.0745
MultiQA,euclidean,Daily English expressions used by natives,1,a79pawTkIx8,0.988
MultiQA,euclidean,Daily English expressions used by natives,2,LPA52CoT44w,1.0729
MultiQA,euclidean,Daily English expressions used by natives,3,xV-GT84xzE8,1.0794
MultiQA,euclidean,Daily English expressions used by natives,4,KEWge76EHpA,1.091
MultiQA,euclidean,Daily English expressions used by natives,5,wc3rY_2YQkM,1.0928
MultiQA,euclidean,Natural English pronunciation in movies,1,Nb7KuhBVCH8,0.9735
MultiQA,euclidean,Natural English pronunciation in movies,2,NKLyCK0zySA,0.9754
MultiQA,euclidean,Natural English pronunciation in movies,3,edvu5y-phhY,1.0058
MultiQA,euclidean,Natural English pronunciation in movies,4,3W2gRl5UIDY,1.0069
MultiQA,euclidean,Natural English pronunciation in movies,5,fRseMUZ2NOM,1.0155
MultiQA,euclidean,Connected speech examples in movie dialogue,1,Vcum4dzafOE,1.0162
MultiQA,euclidean,Connected speech examples in movie dialogue,2,ufCndfbsfpw,1.0558
MultiQA,euclidean,Connected speech examples in movie dialogue,3,19iestleXXc,1.061
MultiQA,euclidean,Connected speech examples in movie dialogue,4,Xmgohhgb3pA,1.0765
MultiQA,euclidean,Connected speech examples in movie dialogue,5,T-FXi4Buqps,1.0765
MultiQA,euclidean,Reduced speech in native English conversation,1,L5EW4uRl_ps,0.9201
MultiQA,euclidean,Reduced speech in native English conversation,2,OCp43nUf0yQ,0.9675
MultiQA,euclidean,Reduced speech in native English conversation,3,oGjowST6d20,0.9694
MultiQA,euclidean,Reduced speech in native English conversation,4,L2ylZyu0j7g,0.9715
MultiQA,euclidean,Reduced speech in native English conversation,5,KEWge76EHpA,0.9988
MultiQA,euclidean,Shadowing technique with TV series dialogue,1,r1WUFIK-96M,1.106
MultiQA,euclidean,Shadowing technique with TV series dialogue,2,1puk6bREVMI,1.1165
MultiQA,euclidean,Shadowing technique with TV series dialogue,3,r3K7sfk7dmY,1.1263
MultiQA,euclidean,Shadowing technique with TV series dialogue,4,fO4hWM0qi9A,1.131
MultiQA,euclidean,Shadowing technique with TV series dialogue,5,JteHl9PQEIU,1.1398
MultiQA,euclidean,English listening practice with TV show scenes,1,xR7qcezLcXI,0.9224
MultiQA,euclidean,English listening practice with TV show scenes,2,RQuL3lsuarQ,0.9378
MultiQA,euclidean,English listening practice with TV show scenes,3,FZoeUNG_x4I,0.9451
MultiQA,euclidean,English listening practice with TV show scenes,4,Xmgohhgb3pA,0.9485
MultiQA,euclidean,English listening practice with TV show scenes,5,K7n_D9FbD2k,0.9661
MultiQA,euclidean,English pronunciation practice with movie dialogue,1,Xmgohhgb3pA,0.9248
MultiQA,euclidean,English pronunciation practice with movie dialogue,2,NKLyCK0zySA,0.9472
MultiQA,euclidean,English pronunciation practice with movie dialogue,3,edvu5y-phhY,0.9679
MultiQA,euclidean,English pronunciation practice with movie dialogue,4,LPA52CoT44w,0.9786
MultiQA,euclidean,English pronunciation practice with movie dialogue,5,fRseMUZ2NOM,0.9791
MultiQA,euclidean,Best TV series to learn English fast,1,JteHl9PQEIU,0.8782
MultiQA,euclidean,Best TV series to learn English fast,2,7Ck3q5GaF5M,0.8835
MultiQA,euclidean,Best TV series to learn English fast,3,4rX4sH8PMFc,0.8983
MultiQA,euclidean,Best TV series to learn English fast,4,5i8s5XMzEoA,0.8997
MultiQA,euclidean,Best TV series to learn English fast,5,RQuL3lsuarQ,0.9042
MultiQA,euclidean,Best movies to learn English listening,1,V1mhdFpsYFA,0.7866
MultiQA,euclidean,Best movies to learn English listening,2,dcCn9a8TC_I,0.8972
MultiQA,euclidean,Best movies to learn English listening,3,xQI0Kqu7x4o,0.9044
MultiQA,euclidean,Best movies to learn English listening,4,Cd2pxyKaKUM,0.9106
MultiQA,euclidean,Best movies to learn English listening,5,edvu5y-phhY,0.911
MultiQA,euclidean,How to train your ear with English movies,1,pKoH9GkEKxQ,0.8958
MultiQA,euclidean,How to train your ear with English movies,2,Xmgohhgb3pA,0.8973
MultiQA,euclidean,How to train your ear with English movies,3,xQI0Kqu7x4o,0.9047
MultiQA,euclidean,How to train your ear with English movies,4,QaP6nhNyHb0,0.9085
MultiQA,euclidean,How to train your ear with English movies,5,67E6Dl6LaW4,0.913
MultiQA,euclidean,How to improve speaking using TV shows,1,xR7qcezLcXI,0.9389
MultiQA,euclidean,How to improve speaking using TV shows,2,lhugwz26kUc,0.9617
MultiQA,euclidean,How to improve speaking using TV shows,3,T-FXi4Buqps,0.9687
MultiQA,euclidean,How to improve speaking using TV shows,4,KEWge76EHpA,0.9726
MultiQA,euclidean,How to improve speaking using TV shows,5,L2ylZyu0j7g,0.9784
MultiQA,euclidean,How to learn vocabulary from movie scenes,1,edvu5y-phhY,0.8861
MultiQA,euclidean,How to learn vocabulary from movie scenes,2,fRseMUZ2NOM,0.8991
MultiQA,euclidean,How to learn vocabulary from movie scenes,3,Cd2pxyKaKUM,0.8995
MultiQA,euclidean,How to learn vocabulary from movie scenes,4,3xCQrnTYmzY,0.9009
MultiQA,euclidean,How to learn vocabulary from movie scenes,5,Ql17ws1pmiQ,0.9092
MultiQA,euclidean,How to sound like a native English speaker,1,srFHh4UiO7U,0.8957
MultiQA,euclidean,How to sound like a native English speaker,2,KEWge76EHpA,0.9006
MultiQA,euclidean,How to sound like a native English speaker,3,LPA52CoT44w,0.9062
MultiQA,euclidean,How to sound like a native English speaker,4,xV-GT84xzE8,0.9152
MultiQA,euclidean,How to sound like a native English speaker,5,atySD7QuIqI,0.9194
MultiQA,euclidean,English conversation practice with movie clips,1,Xmgohhgb3pA,0.8941
MultiQA,euclidean,English conversation practice with movie clips,2,fRseMUZ2NOM,0.9519
MultiQA,euclidean,English conversation practice with movie clips,3,WU0W0S5ILHY,0.9599
MultiQA,euclidean,English conversation practice with movie clips,4,pKoH9GkEKxQ,0.9616
MultiQA,euclidean,English conversation practice with movie clips,5,Cd2pxyKaKUM,0.97
MultiQA,euclidean,Advanced English listening with TV series,1,K7n_D9FbD2k,0.8803
MultiQA,euclidean,Advanced English listening with TV series,2,FZoeUNG_x4I,0.8869
MultiQA,euclidean,Advanced English listening with TV series,3,RQuL3lsuarQ,0.8924
MultiQA,euclidean,Advanced English listening with TV series,4,xR7qcezLcXI,0.9001
MultiQA,euclidean,Advanced English listening with TV series,5,uW-I9SFuU1A,0.9042
MultiQA,euclidean,Real life English conversation from movies,1,67E6Dl6LaW4,0.9313
MultiQA,euclidean,Real life English conversation from movies,2,V1mhdFpsYFA,0.932
MultiQA,euclidean,Real life English conversation from movies,3,Xmgohhgb3pA,0.9344
MultiQA,euclidean,Real life English conversation from movies,4,edvu5y-phhY,0.9497
MultiQA,euclidean,Real life English conversation from movies,5,OCp43nUf0yQ,0.9506
MultiQA,euclidean,English fluency practice with TV series scenes,1,JteHl9PQEIU,0.8916
MultiQA,euclidean,English fluency practice with TV series scenes,2,RQuL3lsuarQ,0.9068
MultiQA,euclidean,English fluency practice with TV series scenes,3,7Ck3q5GaF5M,0.9129
MultiQA,euclidean,English fluency practice with TV series scenes,4,lhugwz26kUc,0.93
MultiQA,euclidean,English fluency practice with TV series scenes,5,tdn81jlykww,0.9378
MultiQA,cityblock,Learn English with The Devil Wears Prada scene,1,aRbaIHNttv4,12.1786
MultiQA,cityblock,Learn English with The Devil Wears Prada scene,2,OuTtIzGhUDY,15.1219
MultiQA,cityblock,Learn English with The Devil Wears Prada scene,3,fRseMUZ2NOM,15.4121
MultiQA,cityblock,Learn English with The Devil Wears Prada scene,4,QaP6nhNyHb0,15.5249
MultiQA,cityblock,Learn English with The Devil Wears Prada scene,5,dcCn9a8TC_I,15.5489
MultiQA,cityblock,Learn English with SpongeBob SquarePants dialogue,1,JxWEAP0aAJQ,8.5048
MultiQA,cityblock,Learn English with SpongeBob SquarePants dialogue,2,NDhPifXoBYI,11.4676
MultiQA,cityblock,Learn English with SpongeBob SquarePants dialogue,3,8cjTEJseLUk,13.4997
MultiQA,cityblock,Learn English with SpongeBob SquarePants dialogue,4,fRseMUZ2NOM,13.7529
MultiQA,cityblock,Learn English with SpongeBob SquarePants dialogue,5,PL7niJMDu5w,13.9964
MultiQA,cityblock,Learn English with The Simpsons episode conversation,1,apI6j_LQYAA,13.7959
MultiQA,cityblock,Learn English with The Simpsons episode conversation,2,8cjTEJseLUk,14.2765
MultiQA,cityblock,Learn English with The Simpsons episode conversation,3,HLBxx-rejmE,14.5074
MultiQA,cityblock,Learn English with The Simpsons episode conversation,4,ufCndfbsfpw,14.5285
MultiQA,cityblock,Learn English with The Simpsons episode conversation,5,xR7qcezLcXI,14.5945
MultiQA,cityblock,Learn English with Peaky Blinders speaking style,1,2li3fhbUnXI,12.1319
MultiQA,cityblock,Learn English with Peaky Blinders speaking style,2,uW-I9SFuU1A,13.6571
MultiQA,cityblock,Learn English with Peaky Blinders speaking style,3,aRbaIHNttv4,14.3804
MultiQA,cityblock,Learn English with Peaky Blinders speaking style,4,OyNA4FA47do,14.4493
MultiQA,cityblock,Learn English with Peaky Blinders speaking style,5,3kcpvIRbSnA,14.691
MultiQA,cityblock,Learn English with Jennifer Aniston interview,1,381NyVSorHo,12.805
MultiQA,cityblock,Learn English with Jennifer Aniston interview,2,dsN6FiF9ncI,12.8276
MultiQA,cityblock,Learn English with Jennifer Aniston interview,3,67b2RzwCqsI,13.7815
MultiQA,cityblock,Learn English with Jennifer Aniston interview,4,xpt3bJEjc-A,14.568
MultiQA,cityblock,Learn English with Jennifer Aniston interview,5,MKv55DyDk0Y,15.1325
MultiQA,cityblock,Learn English with Zootopia movie dialogue,1,67E6Dl6LaW4,13.6522
MultiQA,cityblock,Learn English with Zootopia movie dialogue,2,xZIh2so3-AU,13.707
MultiQA,cityblock,Learn English with Zootopia movie dialogue,3,cj0_XhE_qxE,13.8943
MultiQA,cityblock,Learn English with Zootopia movie dialogue,4,QaP6nhNyHb0,13.9266
MultiQA,cityblock,Learn English with Zootopia movie dialogue,5,8cjTEJseLUk,13.9593
MultiQA,cityblock,Learn English with The Lion King movie scene,1,HgB2UHli0fU,11.6845
MultiQA,cityblock,Learn English with The Lion King movie scene,2,IIhWbZk2B3o,12.6188
MultiQA,cityblock,Learn English with The Lion King movie scene,3,Ql17ws1pmiQ,13.6352
MultiQA,cityblock,Learn English with The Lion King movie scene,4,aTYNX1pjwwk,13.9598
MultiQA,cityblock,Learn English with The Lion King movie scene,5,fRseMUZ2NOM,14.0307
MultiQA,cityblock,Learn English with Pirates of the Caribbean dialogue,1,UUAENx1NANg,10.47
MultiQA,cityblock,Learn English with Pirates of the Caribbean dialogue,2,ICVQ6wfZr3c,10.5202
MultiQA,cityblock,Learn English with Pirates of the Caribbean dialogue,3,iuQsu4HOlrA,10.8872
MultiQA,cityblock,Learn English with Pirates of the Caribbean dialogue,4,wqOlUOkiFbs,15.1989
MultiQA,cityblock,Learn English with Pirates of the Caribbean dialogue,5,8cjTEJseLUk,15.2732
MultiQA,cityblock,Learn English with Beauty and the Beast conversation,1,aTYNX1pjwwk,10.1833
MultiQA,cityblock,Learn English with Beauty and the Beast conversation,2,1jdjbt8W3es,12.4472
MultiQA,cityblock,Learn English with Beauty and the Beast conversation,3,Ql17ws1pmiQ,13.8396
MultiQA,cityblock,Learn English with Beauty and the Beast conversation,4,fRseMUZ2NOM,13.9799
MultiQA,cityblock,Learn English with Beauty and the Beast conversation,5,4Pu-xXFfkro,14.4216
MultiQA,cityblock,Learn English with Frozen movie scene,1,PL7niJMDu5w,13.8131
MultiQA,cityblock,Learn English with Frozen movie scene,2,fRseMUZ2NOM,14.1477
MultiQA,cityblock,Learn English with Frozen movie scene,3,67E6Dl6LaW4,14.6763
MultiQA,cityblock,Learn English with Frozen movie scene,4,RjNka8csfYU,14.6784
MultiQA,cityblock,Learn English with Frozen movie scene,5,3W2gRl5UIDY,14.9391
MultiQA,cityblock,Learn English with Toy Story movie dialogue,1,67E6Dl6LaW4,13.048
MultiQA,cityblock,Learn English with Toy Story movie dialogue,2,IYsurU_B4Qo,13.111
MultiQA,cityblock,Learn English with Toy Story movie dialogue,3,8cjTEJseLUk,13.1892
MultiQA,cityblock,Learn English with Toy Story movie dialogue,4,fRseMUZ2NOM,13.3341
MultiQA,cityblock,Learn English with Toy Story movie dialogue,5,edvu5y-phhY,13.5698
MultiQA,cityblock,Learn English with Finding Nemo conversation,1,TswCNV6meYM,13.199
MultiQA,cityblock,Learn English with Finding Nemo conversation,2,2li3fhbUnXI,14.5617
MultiQA,cityblock,Learn English with Finding Nemo conversation,3,Xr2px4Zmdtg,14.5783
MultiQA,cityblock,Learn English with Finding Nemo conversation,4,xR7qcezLcXI,14.5846
MultiQA,cityblock,Learn English with Finding Nemo conversation,5,RlcSm5jf89o,14.7294
MultiQA,cityblock,Learn English with Aladdin movie dialogue,1,cj0_XhE_qxE,13.9222
MultiQA,cityblock,Learn English with Aladdin movie dialogue,2,OyNA4FA47do,14.0093
MultiQA,cityblock,Learn English with Aladdin movie dialogue,3,67E6Dl6LaW4,14.1303
MultiQA,cityblock,Learn English with Aladdin movie dialogue,4,3xCQrnTYmzY,14.2851
MultiQA,cityblock,Learn English with Aladdin movie dialogue,5,fRseMUZ2NOM,14.373
MultiQA,cityblock,Learn English with Maleficent movie scene,1,fRseMUZ2NOM,13.3525
MultiQA,cityblock,Learn English with Maleficent movie scene,2,Xmgohhgb3pA,13.7363
MultiQA,cityblock,Learn English with Maleficent movie scene,3,V1mhdFpsYFA,13.7454
MultiQA,cityblock,Learn English with Maleficent movie scene,4,tdn81jlykww,13.7465
MultiQA,cityblock,Learn English with Maleficent movie scene,5,edvu5y-phhY,13.7487
MultiQA,cityblock,Learn English with Ice Age movie conversation,1,RjNka8csfYU,12.3489
MultiQA,cityblock,Learn English with Ice Age movie conversation,2,fRseMUZ2NOM,14.0226
MultiQA,cityblock,Learn English with Ice Age movie conversation,3,OyNA4FA47do,14.1941
MultiQA,cityblock,Learn English with Ice Age movie conversation,4,PL7niJMDu5w,14.3029
MultiQA,cityblock,Learn English with Ice Age movie conversation,5,edvu5y-phhY,14.3813
MultiQA,cityblock,Learn English with Monsters Inc movie dialogue,1,_kafLt9bNyU,12.7869
MultiQA,cityblock,Learn English with Monsters Inc movie dialogue,2,fRseMUZ2NOM,13.2635
MultiQA,cityblock,Learn English with Monsters Inc movie dialogue,3,67E6Dl6LaW4,13.5277
MultiQA,cityblock,Learn English with Monsters Inc movie dialogue,4,k9MTueetF38,13.6569
MultiQA,cityblock,Learn English with Monsters Inc movie dialogue,5,Cd2pxyKaKUM,13.9174
MultiQA,cityblock,Learn English with Shrek movie expressions,1,esG_czN6sOc,12.5047
MultiQA,cityblock,Learn English with Shrek movie expressions,2,Sev_UnaqWmM,13.3264
MultiQA,cityblock,Learn English with Shrek movie expressions,3,Ns9o3Ixysqo,13.9062
MultiQA,cityblock,Learn English with Shrek movie expressions,4,pKoH9GkEKxQ,14.5849
MultiQA,cityblock,Learn English with Shrek movie expressions,5,0zbPeoZzcPg,14.6992
MultiQA,cityblock,Learn English with Disney movie conversations,1,cj0_XhE_qxE,10.764
MultiQA,cityblock,Learn English with Disney movie conversations,2,SkViUbosnD4,10.8304
MultiQA,cityblock,Learn English with Disney movie conversations,3,3xCQrnTYmzY,10.8829
MultiQA,cityblock,Learn English with Disney movie conversations,4,YDTw1qL0wDw,11.3793
MultiQA,cityblock,Learn English with Disney movie conversations,5,67E6Dl6LaW4,11.4357
MultiQA,cityblock,Learn English with How I Met Your Mother dialogue,1,HLBxx-rejmE,12.52
MultiQA,cityblock,Learn English with How I Met Your Mother dialogue,2,on4SqK6EKTo,15.2862
MultiQA,cityblock,Learn English with How I Met Your Mother dialogue,3,KEWge76EHpA,15.3028
MultiQA,cityblock,Learn English with How I Met Your Mother dialogue,4,xV-GT84xzE8,15.4941
MultiQA,cityblock,Learn English with How I Met Your Mother dialogue,5,RjQJRRU8ZFU,15.7263
MultiQA,cityblock,Learn English with Friends TV series conversation,1,HLBxx-rejmE,12.8856
MultiQA,cityblock,Learn English with Friends TV series conversation,2,xR7qcezLcXI,12.9759
MultiQA,cityblock,Learn English with Friends TV series conversation,3,QaP6nhNyHb0,13.6562
MultiQA,cityblock,Learn English with Friends TV series conversation,4,xV-GT84xzE8,13.6932
MultiQA,cityblock,Learn English with Friends TV series conversation,5,rz478f17kn0,13.8079
MultiQA,cityblock,Learn English with rap songs pronunciation,1,soZc03vH_qQ,11.845
MultiQA,cityblock,Learn English with rap songs pronunciation,2,gj9SQk-rlkQ,12.9831
MultiQA,cityblock,Learn English with rap songs pronunciation,3,ys0SYYPLVOg,13.8011
MultiQA,cityblock,Learn English with rap songs pronunciation,4,u53Seni_i8U,14.0961
MultiQA,cityblock,Learn English with rap songs pronunciation,5,DiBxjkkGb5o,14.3029
MultiQA,cityblock,Learn English with Eminem lyrics pronunciation,1,soZc03vH_qQ,11.0743
MultiQA,cityblock,Learn English with Eminem lyrics pronunciation,2,gj9SQk-rlkQ,11.6355
MultiQA,cityblock,Learn English with Eminem lyrics pronunciation,3,HBVX1D1SerE,13.1448
MultiQA,cityblock,Learn English with Eminem lyrics pronunciation,4,CflETAu1f4I,13.3823
MultiQA,cityblock,Learn English with Eminem lyrics pronunciation,5,u53Seni_i8U,14.1845
MultiQA,cityblock,Learn English with Queen song vocabulary,1,E7mbFm3NAp0,13.7278
MultiQA,cityblock,Learn English with Queen song vocabulary,2,A_zhjxLLA08,14.1067
MultiQA,cityblock,Learn English with Queen song vocabulary,3,VAAOTyfO-Oo,14.216
MultiQA,cityblock,Learn English with Queen song vocabulary,4,soZc03vH_qQ,14.3841
MultiQA,cityblock,Learn English with Queen song vocabulary,5,ys0SYYPLVOg,14.4065
MultiQA,cityblock,Learn English with Ariana Grande song dialogue,1,CYkM3zOmjUE,10.7031
MultiQA,cityblock,Learn English with Ariana Grande song dialogue,2,VAAOTyfO-Oo,12.6851
MultiQA,cityblock,Learn English with Ariana Grande song dialogue,3,A_zhjxLLA08,13.7596
MultiQA,cityblock,Learn English with Ariana Grande song dialogue,4,3GCmsMI5iAY,14.2353
MultiQA,cityblock,Learn English with Ariana Grande song dialogue,5,ys0SYYPLVOg,14.3093
MultiQA,cityblock,Learn English with Taylor Swift song expressions,1,bUpTiOgMJu4,13.5383
MultiQA,cityblock,Learn English with Taylor Swift song expressions,2,ys0SYYPLVOg,14.1085
MultiQA,cityblock,Learn English with Taylor Swift song expressions,3,CYkM3zOmjUE,14.3101
MultiQA,cityblock,Learn English with Taylor Swift song expressions,4,u53Seni_i8U,14.4782
MultiQA,cityblock,Learn English with Taylor Swift song expressions,5,BrWkotDAvfg,14.4921
MultiQA,cityblock,Learn English with Billie Eilish song pronunciation,1,2EhiOgkklY0,11.4336
MultiQA,cityblock,Learn English with Billie Eilish song pronunciation,2,soZc03vH_qQ,14.8158
MultiQA,cityblock,Learn English with Billie Eilish song pronunciation,3,gj9SQk-rlkQ,15.0567
MultiQA,cityblock,Learn English with Billie Eilish song pronunciation,4,u53Seni_i8U,15.5708
MultiQA,cityblock,Learn English with Billie Eilish song pronunciation,5,3kcpvIRbSnA,15.6461
MultiQA,cityblock,Learn English with Michael Jackson song lyrics,1,fwrD70WeSzs,14.2866
MultiQA,cityblock,Learn English with Michael Jackson song lyrics,2,soZc03vH_qQ,14.4271
MultiQA,cityblock,Learn English with Michael Jackson song lyrics,3,2EhiOgkklY0,14.5667
MultiQA,cityblock,Learn English with Michael Jackson song lyrics,4,gj9SQk-rlkQ,14.7609
MultiQA,cityblock,Learn English with Michael Jackson song lyrics,5,HKomCO56swg,14.9203
MultiQA,cityblock,Learn English with Jonas Brothers song dialogue,1,y6mK4ugKCac,14.7067
MultiQA,cityblock,Learn English with Jonas Brothers song dialogue,2,u53Seni_i8U,14.7437
MultiQA,cityblock,Learn English with Jonas Brothers song dialogue,3,lEuqXNfn90Y,14.9437
MultiQA,cityblock,Learn English with Jonas Brothers song dialogue,4,gj9SQk-rlkQ,15.3063
MultiQA,cityblock,Learn English with Jonas Brothers song dialogue,5,MRD0pEWzT4c,15.3148
MultiQA,cityblock,Learn English with Lady Gaga song vocabulary,1,3GCmsMI5iAY,11.1912
MultiQA,cityblock,Learn English with Lady Gaga song vocabulary,2,VAAOTyfO-Oo,11.544
MultiQA,cityblock,Learn English with Lady Gaga song vocabulary,3,A_zhjxLLA08,13.9347
MultiQA,cityblock,Learn English with Lady Gaga song vocabulary,4,aTYNX1pjwwk,14.0755
MultiQA,cityblock,Learn English with Lady Gaga song vocabulary,5,CYkM3zOmjUE,14.3483
MultiQA,cityblock,Learn English with Bob Marley song expressions,1,soZc03vH_qQ,14.5297
MultiQA,cityblock,Learn English with Bob Marley song expressions,2,gj9SQk-rlkQ,14.8423
MultiQA,cityblock,Learn English with Bob Marley song expressions,3,pKoH9GkEKxQ,15.1948
MultiQA,cityblock,Learn English with Bob Marley song expressions,4,HKomCO56swg,15.2095
MultiQA,cityblock,Learn English with Bob Marley song expressions,5,u53Seni_i8U,15.2789
MultiQA,cityblock,Understand fast English without subtitles,1,lhugwz26kUc,13.2505
MultiQA,cityblock,Understand fast English without subtitles,2,ufCndfbsfpw,13.8227
MultiQA,cityblock,Understand fast English without subtitles,3,OyNA4FA47do,13.9186
MultiQA,cityblock,Understand fast English without subtitles,4,KEWge76EHpA,13.9764
MultiQA,cityblock,Understand fast English without subtitles,5,5i8s5XMzEoA,14.3679
MultiQA,cityblock,How to understand movies without subtitles,1,lhugwz26kUc,13.3585
MultiQA,cityblock,How to understand movies without subtitles,2,T-FXi4Buqps,14.6549
MultiQA,cityblock,How to understand movies without subtitles,3,s3p2EoAzhtE,14.9621
MultiQA,cityblock,How to understand movies without subtitles,4,YR1n_jid024,15.6066
MultiQA,cityblock,How to understand movies without subtitles,5,iuQsu4HOlrA,15.9903
MultiQA,cityblock,How to learn English with Netflix shows,1,xsUEm_faz_w,12.265
MultiQA,cityblock,How to learn English with Netflix shows,2,urxzhnYYPm8,12.8592
MultiQA,cityblock,How to learn English with Netflix shows,3,uW-I9SFuU1A,12.923
MultiQA,cityblock,How to learn English with Netflix shows,4,RQuL3lsuarQ,13.0258
MultiQA,cityblock,How to learn English with Netflix shows,5,SkViUbosnD4,13.204
MultiQA,cityblock,How to improve English listening with TV series,1,xR7qcezLcXI,11.847
MultiQA,cityblock,How to improve English listening with TV series,2,K7n_D9FbD2k,13.1295
MultiQA,cityblock,How to improve English listening with TV series,3,xV-GT84xzE8,13.2289
MultiQA,cityblock,How to improve English listening with TV series,4,lhugwz26kUc,13.2334
MultiQA,cityblock,How to improve English listening with TV series,5,T-FXi4Buqps,13.4163
MultiQA,cityblock,How to learn English with movie scenes,1,fRseMUZ2NOM,11.6627
MultiQA,cityblock,How to learn English with movie scenes,2,Xmgohhgb3pA,12.212
MultiQA,cityblock,How to learn English with movie scenes,3,pKoH9GkEKxQ,12.5763
MultiQA,cityblock,How to learn English with movie scenes,4,tdn81jlykww,12.6908
MultiQA,cityblock,How to learn English with movie scenes,5,edvu5y-phhY,12.7143
MultiQA,cityblock,How to understand fast native English speech,1,KEWge76EHpA,12.0285
MultiQA,cityblock,How to understand fast native English speech,2,LPA52CoT44w,12.4925
MultiQA,cityblock,How to understand fast native English speech,3,xV-GT84xzE8,12.8153
MultiQA,cityblock,How to understand fast native English speech,4,F23Bm4FrwJI,12.986
MultiQA,cityblock,How to understand fast native English speech,5,FZXyYuiyq2I,13.0253
MultiQA,cityblock,How to learn English with TV show dialogue,1,RQuL3lsuarQ,12.2586
MultiQA,cityblock,How to learn English with TV show dialogue,2,xR7qcezLcXI,12.2816
MultiQA,cityblock,How to learn English with TV show dialogue,3,67E6Dl6LaW4,12.6089
MultiQA,cityblock,How to learn English with TV show dialogue,4,xV-GT84xzE8,12.6865
MultiQA,cityblock,How to learn English with TV show dialogue,5,tdn81jlykww,12.8143
MultiQA,cityblock,How to practice English listening with movies,1,Xmgohhgb3pA,12.4557
MultiQA,cityblock,How to practice English listening with movies,2,fRseMUZ2NOM,13.1846
MultiQA,cityblock,How to practice English listening with movies,3,xR7qcezLcXI,13.2802
MultiQA,cityblock,How to practice English listening with movies,4,Cd2pxyKaKUM,13.403
MultiQA,cityblock,How to practice English listening with movies,5,pKoH9GkEKxQ,13.4135
MultiQA,cityblock,How to learn real English expressions from movies,1,edvu5y-phhY,12.332
MultiQA,cityblock,How to learn real English expressions from movies,2,lhugwz26kUc,12.6683
MultiQA,cityblock,How to learn real English expressions from movies,3,fRseMUZ2NOM,12.7821
MultiQA,cityblock,How to learn real English expressions from movies,4,Xmgohhgb3pA,13.3781
MultiQA,cityblock,How to learn real English expressions from movies,5,pKoH9GkEKxQ,13.3927
MultiQA,cityblock,How to understand jokes in English TV shows,1,5fBrINGT0Dg,14.7967
MultiQA,cityblock,How to understand jokes in English TV shows,2,3W2gRl5UIDY,14.8866
MultiQA,cityblock,How to understand jokes in English TV shows,3,RQuL3lsuarQ,14.8983
MultiQA,cityblock,How to understand jokes in English TV shows,4,NKLyCK0zySA,14.9325
MultiQA,cityblock,How to understand jokes in English TV shows,5,67E6Dl6LaW4,15.2275
MultiQA,cityblock,Real English expressions used by native speakers,1,srFHh4UiO7U,16.1664
MultiQA,cityblock,Real English expressions used by native speakers,2,GdD065F54ko,16.5066
MultiQA,cityblock,Real English expressions used by native speakers,3,_WTEzSLs3LU,16.7397
MultiQA,cityblock,Real English expressions used by native speakers,4,OCp43nUf0yQ,16.7538
MultiQA,cityblock,Real English expressions used by native speakers,5,72okAeSn5Tc,16.7817
MultiQA,cityblock,Common phrases used in American TV series,1,T-FXi4Buqps,16.0479
MultiQA,cityblock,Common phrases used in American TV series,2,CKTPXv9XCeA,16.5745
MultiQA,cityblock,Common phrases used in American TV series,3,a79pawTkIx8,16.6288
MultiQA,cityblock,Common phrases used in American TV series,4,72okAeSn5Tc,16.8589
MultiQA,cityblock,Common phrases used in American TV series,5,pOWZp3X_1aU,16.978
MultiQA,cityblock,English slang used in movie dialogues,1,edvu5y-phhY,16.1207
MultiQA,cityblock,English slang used in movie dialogues,2,Rs_wuc9J4Wo,16.3462
MultiQA,cityblock,English slang used in movie dialogues,3,3W2gRl5UIDY,16.465
MultiQA,cityblock,English slang used in movie dialogues,4,pOWZp3X_1aU,16.5453
MultiQA,cityblock,English slang used in movie dialogues,5,67E6Dl6LaW4,16.5786
MultiQA,cityblock,Daily English expressions used by natives,1,a79pawTkIx8,15.5183
MultiQA,cityblock,Daily English expressions used by natives,2,xV-GT84xzE8,16.8658
MultiQA,cityblock,Daily English expressions used by natives,3,OCp43nUf0yQ,16.9474
MultiQA,cityblock,Daily English expressions used by natives,4,LPA52CoT44w,17.0136
MultiQA,cityblock,Daily English expressions used by natives,5,SNvjZZneE6k,17.0895
MultiQA,cityblock,Natural English pronunciation in movies,1,NKLyCK0zySA,14.9778
MultiQA,cityblock,Natural English pronunciation in movies,2,Nb7KuhBVCH8,15.2247
MultiQA,cityblock,Natural English pronunciation in movies,3,edvu5y-phhY,15.5815
MultiQA,cityblock,Natural English pronunciation in movies,4,fRseMUZ2NOM,15.7
MultiQA,cityblock,Natural English pronunciation in movies,5,3W2gRl5UIDY,15.8142
MultiQA,cityblock,Connected speech examples in movie dialogue,1,Vcum4dzafOE,15.4801
MultiQA,cityblock,Connected speech examples in movie dialogue,2,T-FXi4Buqps,16.1174
MultiQA,cityblock,Connected speech examples in movie dialogue,3,19iestleXXc,16.2661
MultiQA,cityblock,Connected speech examples in movie dialogue,4,ufCndfbsfpw,16.2859
MultiQA,cityblock,Connected speech examples in movie dialogue,5,wOx50owZLyA,16.5219
MultiQA,cityblock,Reduced speech in native English conversation,1,L5EW4uRl_ps,14.0111
MultiQA,cityblock,Reduced speech in native English conversation,2,L2ylZyu0j7g,14.7526
MultiQA,cityblock,Reduced speech in native English conversation,3,OCp43nUf0yQ,14.9416
MultiQA,cityblock,Reduced speech in native English conversation,4,oGjowST6d20,14.9983
MultiQA,cityblock,Reduced speech in native English conversation,5,NKLyCK0zySA,15.5147
MultiQA,cityblock,Shadowing technique with TV series dialogue,1,r1WUFIK-96M,16.7952
MultiQA,cityblock,Shadowing technique with TV series dialogue,2,r3K7sfk7dmY,17.2203
MultiQA,cityblock,Shadowing technique with TV series dialogue,3,1puk6bREVMI,17.2477
MultiQA,cityblock,Shadowing technique with TV series dialogue,4,JteHl9PQEIU,17.4868
MultiQA,cityblock,Shadowing technique with TV series dialogue,5,2uYHIfVOcvE,17.667
MultiQA,cityblock,English listening practice with TV show scenes,1,xR7qcezLcXI,13.9893
MultiQA,cityblock,English listening practice with TV show scenes,2,Xmgohhgb3pA,14.3021
MultiQA,cityblock,English listening practice with TV show scenes,3,RQuL3lsuarQ,14.635
MultiQA,cityblock,English listening practice with TV show scenes,4,FZoeUNG_x4I,14.7028
MultiQA,cityblock,English listening practice with TV show scenes,5,lhugwz26kUc,14.7693
MultiQA,cityblock,English pronunciation practice with movie dialogue,1,NKLyCK0zySA,14.1439
MultiQA,cityblock,English pronunciation practice with movie dialogue,2,Xmgohhgb3pA,14.2411
MultiQA,cityblock,English pronunciation practice with movie dialogue,3,Cd2pxyKaKUM,14.8307
MultiQA,cityblock,English pronunciation practice with movie dialogue,4,edvu5y-phhY,14.8788
MultiQA,cityblock,English pronunciation practice with movie dialogue,5,LPA52CoT44w,15.0632
MultiQA,cityblock,Best TV series to learn English fast,1,JteHl9PQEIU,13.3602
MultiQA,cityblock,Best TV series to learn English fast,2,7Ck3q5GaF5M,13.465
MultiQA,cityblock,Best TV series to learn English fast,3,RQuL3lsuarQ,13.5672
MultiQA,cityblock,Best TV series to learn English fast,4,4rX4sH8PMFc,13.8042
MultiQA,cityblock,Best TV series to learn English fast,5,5i8s5XMzEoA,13.8119
MultiQA,cityblock,Best movies to learn English listening,1,V1mhdFpsYFA,12.0977
MultiQA,cityblock,Best movies to learn English listening,2,xQI0Kqu7x4o,13.7407
MultiQA,cityblock,Best movies to learn English listening,3,pKoH9GkEKxQ,13.8085
MultiQA,cityblock,Best movies to learn English listening,4,fRseMUZ2NOM,13.8561
MultiQA,cityblock,Best movies to learn English listening,5,Cd2pxyKaKUM,13.8607
MultiQA,cityblock,How to train your ear with English movies,1,pKoH9GkEKxQ,13.8216
MultiQA,cityblock,How to train your ear with English movies,2,Xmgohhgb3pA,13.9647
MultiQA,cityblock,How to train your ear with English movies,3,QaP6nhNyHb0,13.9964
MultiQA,cityblock,How to train your ear with English movies,4,xQI0Kqu7x4o,14.028
MultiQA,cityblock,How to train your ear with English movies,5,67E6Dl6LaW4,14.0399
MultiQA,cityblock,How to improve speaking using TV shows,1,xR7qcezLcXI,14.5502
MultiQA,cityblock,How to improve speaking using TV shows,2,L2ylZyu0j7g,14.9912
MultiQA,cityblock,How to improve speaking using TV shows,3,lhugwz26kUc,15.0865
MultiQA,cityblock,How to improve speaking using TV shows,4,T-FXi4Buqps,15.116
MultiQA,cityblock,How to improve speaking using TV shows,5,KEWge76EHpA,15.177
MultiQA,cityblock,How to learn vocabulary from movie scenes,1,fRseMUZ2NOM,13.8362
MultiQA,cityblock,How to learn vocabulary from movie scenes,2,edvu5y-phhY,13.8953
MultiQA,cityblock,How to learn vocabulary from movie scenes,3,Ql17ws1pmiQ,14.0396
MultiQA,cityblock,How to learn vocabulary from movie scenes,4,Cd2pxyKaKUM,14.1062
MultiQA,cityblock,How to learn vocabulary from movie scenes,5,3xCQrnTYmzY,14.1215
MultiQA,cityblock,How to sound like a native English speaker,1,xV-GT84xzE8,14.1779
MultiQA,cityblock,How to sound like a native English speaker,2,srFHh4UiO7U,14.249
MultiQA,cityblock,How to sound like a native English speaker,3,fQwqes1cQ8E,14.2739
MultiQA,cityblock,How to sound like a native English speaker,4,KEWge76EHpA,14.3279
MultiQA,cityblock,How to sound like a native English speaker,5,LPA52CoT44w,14.5261
MultiQA,cityblock,English conversation practice with movie clips,1,Xmgohhgb3pA,13.6399
MultiQA,cityblock,English conversation practice with movie clips,2,pKoH9GkEKxQ,14.6094
MultiQA,cityblock,English conversation practice with movie clips,3,WU0W0S5ILHY,14.6404
MultiQA,cityblock,English conversation practice with movie clips,4,Cd2pxyKaKUM,14.7484
MultiQA,cityblock,English conversation practice with movie clips,5,fRseMUZ2NOM,14.7533
MultiQA,cityblock,Advanced English listening with TV series,1,K7n_D9FbD2k,13.2358
MultiQA,cityblock,Advanced English listening with TV series,2,xR7qcezLcXI,13.5345
MultiQA,cityblock,Advanced English listening with TV series,3,FZoeUNG_x4I,13.8097
MultiQA,cityblock,Advanced English listening with TV series,4,RQuL3lsuarQ,13.8723
MultiQA,cityblock,Advanced English listening with TV series,5,uW-I9SFuU1A,13.9433
MultiQA,cityblock,Real life English conversation from movies,1,Xmgohhgb3pA,14.4316
MultiQA,cityblock,Real life English conversation from movies,2,67E6Dl6LaW4,14.4717
MultiQA,cityblock,Real life English conversation from movies,3,V1mhdFpsYFA,14.5789
MultiQA,cityblock,Real life English conversation from movies,4,edvu5y-phhY,14.7881
MultiQA,cityblock,Real life English conversation from movies,5,pKoH9GkEKxQ,14.7976
MultiQA,cityblock,English fluency practice with TV series scenes,1,JteHl9PQEIU,13.6355
MultiQA,cityblock,English fluency practice with TV series scenes,2,RQuL3lsuarQ,14.0482
MultiQA,cityblock,English fluency practice with TV series scenes,3,7Ck3q5GaF5M,14.1305
MultiQA,cityblock,English fluency practice with TV series scenes,4,lhugwz26kUc,14.2368
MultiQA,cityblock,English fluency practice with TV series scenes,5,tdn81jlykww,14.563
MultiQA,chebyshev,Learn English with The Devil Wears Prada scene,1,aRbaIHNttv4,0.1395
MultiQA,chebyshev,Learn English with The Devil Wears Prada scene,2,67E6Dl6LaW4,0.1475
MultiQA,chebyshev,Learn English with The Devil Wears Prada scene,3,3GCmsMI5iAY,0.1487
MultiQA,chebyshev,Learn English with The Devil Wears Prada scene,4,Xmgohhgb3pA,0.1491
MultiQA,chebyshev,Learn English with The Devil Wears Prada scene,5,3xCQrnTYmzY,0.1514
MultiQA,chebyshev,Learn English with SpongeBob SquarePants dialogue,1,JxWEAP0aAJQ,0.0902
MultiQA,chebyshev,Learn English with SpongeBob SquarePants dialogue,2,qSBNioIIQi4,0.1236
MultiQA,chebyshev,Learn English with SpongeBob SquarePants dialogue,3,FZXyYuiyq2I,0.1268
MultiQA,chebyshev,Learn English with SpongeBob SquarePants dialogue,4,lEuqXNfn90Y,0.1288
MultiQA,chebyshev,Learn English with SpongeBob SquarePants dialogue,5,NDhPifXoBYI,0.1306
MultiQA,chebyshev,Learn English with The Simpsons episode conversation,1,FZXyYuiyq2I,0.1362
MultiQA,chebyshev,Learn English with The Simpsons episode conversation,2,8cjTEJseLUk,0.1387
MultiQA,chebyshev,Learn English with The Simpsons episode conversation,3,A8h35t_VYQA,0.139
MultiQA,chebyshev,Learn English with The Simpsons episode conversation,4,fO4hWM0qi9A,0.1396
MultiQA,chebyshev,Learn English with The Simpsons episode conversation,5,QCWoDO07TRM,0.1414
MultiQA,chebyshev,Learn English with Peaky Blinders speaking style,1,y6mK4ugKCac,0.1275
MultiQA,chebyshev,Learn English with Peaky Blinders speaking style,2,urxzhnYYPm8,0.1331
MultiQA,chebyshev,Learn English with Peaky Blinders speaking style,3,atySD7QuIqI,0.1341
MultiQA,chebyshev,Learn English with Peaky Blinders speaking style,4,LPA52CoT44w,0.1366
MultiQA,chebyshev,Learn English with Peaky Blinders speaking style,5,FZXyYuiyq2I,0.1378
MultiQA,chebyshev,Learn English with Jennifer Aniston interview,1,67b2RzwCqsI,0.1277
MultiQA,chebyshev,Learn English with Jennifer Aniston interview,2,381NyVSorHo,0.1294
MultiQA,chebyshev,Learn English with Jennifer Aniston interview,3,aTYNX1pjwwk,0.1406
MultiQA,chebyshev,Learn English with Jennifer Aniston interview,4,A8h35t_VYQA,0.1421
MultiQA,chebyshev,Learn English with Jennifer Aniston interview,5,YR1n_jid024,0.1426
MultiQA,chebyshev,Learn English with Zootopia movie dialogue,1,67E6Dl6LaW4,0.1344
MultiQA,chebyshev,Learn English with Zootopia movie dialogue,2,X7A19Y66Cao,0.1369
MultiQA,chebyshev,Learn English with Zootopia movie dialogue,3,SkViUbosnD4,0.1396
MultiQA,chebyshev,Learn English with Zootopia movie dialogue,4,VAAOTyfO-Oo,0.1402
MultiQA,chebyshev,Learn English with Zootopia movie dialogue,5,8cjTEJseLUk,0.1405
MultiQA,chebyshev,Learn English with The Lion King movie scene,1,67E6Dl6LaW4,0.1244
MultiQA,chebyshev,Learn English with The Lion King movie scene,2,HgB2UHli0fU,0.128
MultiQA,chebyshev,Learn English with The Lion King movie scene,3,IIhWbZk2B3o,0.1293
MultiQA,chebyshev,Learn English with The Lion King movie scene,4,WU0W0S5ILHY,0.1366
MultiQA,chebyshev,Learn English with The Lion King movie scene,5,PL7niJMDu5w,0.1378
MultiQA,chebyshev,Learn English with Pirates of the Caribbean dialogue,1,ICVQ6wfZr3c,0.0993
MultiQA,chebyshev,Learn English with Pirates of the Caribbean dialogue,2,UUAENx1NANg,0.133
MultiQA,chebyshev,Learn English with Pirates of the Caribbean dialogue,3,iuQsu4HOlrA,0.1355
MultiQA,chebyshev,Learn English with Pirates of the Caribbean dialogue,4,xZIh2so3-AU,0.1396
MultiQA,chebyshev,Learn English with Pirates of the Caribbean dialogue,5,LPA52CoT44w,0.1431
MultiQA,chebyshev,Learn English with Beauty and the Beast conversation,1,aTYNX1pjwwk,0.0983
MultiQA,chebyshev,Learn English with Beauty and the Beast conversation,2,fRseMUZ2NOM,0.1259
MultiQA,chebyshev,Learn English with Beauty and the Beast conversation,3,OyNA4FA47do,0.1272
MultiQA,chebyshev,Learn English with Beauty and the Beast conversation,4,Ql17ws1pmiQ,0.1334
MultiQA,chebyshev,Learn English with Beauty and the Beast conversation,5,cj0_XhE_qxE,0.1334
MultiQA,chebyshev,Learn English with Frozen movie scene,1,edvu5y-phhY,0.1393
MultiQA,chebyshev,Learn English with Frozen movie scene,2,PL7niJMDu5w,0.1426
MultiQA,chebyshev,Learn English with Frozen movie scene,3,pKoH9GkEKxQ,0.1464
MultiQA,chebyshev,Learn English with Frozen movie scene,4,8cjTEJseLUk,0.1465
MultiQA,chebyshev,Learn English with Frozen movie scene,5,RjNka8csfYU,0.1479
MultiQA,chebyshev,Learn English with Toy Story movie dialogue,1,PL7niJMDu5w,0.1202
MultiQA,chebyshev,Learn English with Toy Story movie dialogue,2,fRseMUZ2NOM,0.121
MultiQA,chebyshev,Learn English with Toy Story movie dialogue,3,q3UH86tOuDI,0.1226
MultiQA,chebyshev,Learn English with Toy Story movie dialogue,4,QaP6nhNyHb0,0.1232
MultiQA,chebyshev,Learn English with Toy Story movie dialogue,5,SkViUbosnD4,0.126
MultiQA,chebyshev,Learn English with Finding Nemo conversation,1,wqOlUOkiFbs,0.1334
MultiQA,chebyshev,Learn English with Finding Nemo conversation,2,LPA52CoT44w,0.1337
MultiQA,chebyshev,Learn English with Finding Nemo conversation,3,FZXyYuiyq2I,0.1352
MultiQA,chebyshev,Learn English with Finding Nemo conversation,4,RjNka8csfYU,0.1422
MultiQA,chebyshev,Learn English with Finding Nemo conversation,5,Xr2px4Zmdtg,0.1426
MultiQA,chebyshev,Learn English with Aladdin movie dialogue,1,2MlWEVKMD_M,0.131
MultiQA,chebyshev,Learn English with Aladdin movie dialogue,2,LPA52CoT44w,0.1317
MultiQA,chebyshev,Learn English with Aladdin movie dialogue,3,WU0W0S5ILHY,0.1329
MultiQA,chebyshev,Learn English with Aladdin movie dialogue,4,-hWE1DbQ43s,0.1335
MultiQA,chebyshev,Learn English with Aladdin movie dialogue,5,fRseMUZ2NOM,0.1389
MultiQA,chebyshev,Learn English with Maleficent movie scene,1,wdh9y2TkIns,0.1324
MultiQA,chebyshev,Learn English with Maleficent movie scene,2,UUAENx1NANg,0.1325
MultiQA,chebyshev,Learn English with Maleficent movie scene,3,Xmgohhgb3pA,0.1362
MultiQA,chebyshev,Learn English with Maleficent movie scene,4,ICVQ6wfZr3c,0.1423
MultiQA,chebyshev,Learn English with Maleficent movie scene,5,edvu5y-phhY,0.1448
MultiQA,chebyshev,Learn English with Ice Age movie conversation,1,RjNka8csfYU,0.1183
MultiQA,chebyshev,Learn English with Ice Age movie conversation,2,PL7niJMDu5w,0.1357
MultiQA,chebyshev,Learn English with Ice Age movie conversation,3,tdn81jlykww,0.1381
MultiQA,chebyshev,Learn English with Ice Age movie conversation,4,-aUIiirSTJ8,0.1395
MultiQA,chebyshev,Learn English with Ice Age movie conversation,5,Ejb9b0veUPA,0.1397
MultiQA,chebyshev,Learn English with Monsters Inc movie dialogue,1,xZIh2so3-AU,0.137
MultiQA,chebyshev,Learn English with Monsters Inc movie dialogue,2,3W2gRl5UIDY,0.1371
MultiQA,chebyshev,Learn English with Monsters Inc movie dialogue,3,lEuqXNfn90Y,0.1377
MultiQA,chebyshev,Learn English with Monsters Inc movie dialogue,4,IYsurU_B4Qo,0.1382
MultiQA,chebyshev,Learn English with Monsters Inc movie dialogue,5,WU0W0S5ILHY,0.1392
MultiQA,chebyshev,Learn English with Shrek movie expressions,1,Ns9o3Ixysqo,0.1319
MultiQA,chebyshev,Learn English with Shrek movie expressions,2,esG_czN6sOc,0.134
MultiQA,chebyshev,Learn English with Shrek movie expressions,3,Sev_UnaqWmM,0.1368
MultiQA,chebyshev,Learn English with Shrek movie expressions,4,pKoH9GkEKxQ,0.1442
MultiQA,chebyshev,Learn English with Shrek movie expressions,5,3W2gRl5UIDY,0.1456
MultiQA,chebyshev,Learn English with Disney movie conversations,1,LPA52CoT44w,0.098
MultiQA,chebyshev,Learn English with Disney movie conversations,2,YDTw1qL0wDw,0.0989
MultiQA,chebyshev,Learn English with Disney movie conversations,3,3xCQrnTYmzY,0.0996
MultiQA,chebyshev,Learn English with Disney movie conversations,4,WU0W0S5ILHY,0.1096
MultiQA,chebyshev,Learn English with Disney movie conversations,5,67E6Dl6LaW4,0.11
MultiQA,chebyshev,Learn English with How I Met Your Mother dialogue,1,VAAOTyfO-Oo,0.1454
MultiQA,chebyshev,Learn English with How I Met Your Mother dialogue,2,OyNA4FA47do,0.147
MultiQA,chebyshev,Learn English with How I Met Your Mother dialogue,3,pKoH9GkEKxQ,0.1479
MultiQA,chebyshev,Learn English with How I Met Your Mother dialogue,4,MRD0pEWzT4c,0.1486
MultiQA,chebyshev,Learn English with How I Met Your Mother dialogue,5,3kcpvIRbSnA,0.1501
MultiQA,chebyshev,Learn English with Friends TV series conversation,1,4rX4sH8PMFc,0.127
MultiQA,chebyshev,Learn English with Friends TV series conversation,2,3GCmsMI5iAY,0.1294
MultiQA,chebyshev,Learn English with Friends TV series conversation,3,Xmgohhgb3pA,0.1306
MultiQA,chebyshev,Learn English with Friends TV series conversation,4,FZoeUNG_x4I,0.1313
MultiQA,chebyshev,Learn English with Friends TV series conversation,5,OyNA4FA47do,0.1314
MultiQA,chebyshev,Learn English with rap songs pronunciation,1,QaP6nhNyHb0,0.1354
MultiQA,chebyshev,Learn English with rap songs pronunciation,2,soZc03vH_qQ,0.1392
MultiQA,chebyshev,Learn English with rap songs pronunciation,3,DiBxjkkGb5o,0.14
MultiQA,chebyshev,Learn English with rap songs pronunciation,4,k9MTueetF38,0.1406
MultiQA,chebyshev,Learn English with rap songs pronunciation,5,2MlWEVKMD_M,0.142
MultiQA,chebyshev,Learn English with Eminem lyrics pronunciation,1,soZc03vH_qQ,0.1124
MultiQA,chebyshev,Learn English with Eminem lyrics pronunciation,2,DiBxjkkGb5o,0.133
MultiQA,chebyshev,Learn English with Eminem lyrics pronunciation,3,KEWge76EHpA,0.135
MultiQA,chebyshev,Learn English with Eminem lyrics pronunciation,4,gj9SQk-rlkQ,0.1384
MultiQA,chebyshev,Learn English with Eminem lyrics pronunciation,5,RHOGowO5i2A,0.1405
MultiQA,chebyshev,Learn English with Queen song vocabulary,1,E7mbFm3NAp0,0.131
MultiQA,chebyshev,Learn English with Queen song vocabulary,2,wdh9y2TkIns,0.1317
MultiQA,chebyshev,Learn English with Queen song vocabulary,3,RjQJRRU8ZFU,0.1318
MultiQA,chebyshev,Learn English with Queen song vocabulary,4,A_zhjxLLA08,0.1373
MultiQA,chebyshev,Learn English with Queen song vocabulary,5,Ql17ws1pmiQ,0.1375
MultiQA,chebyshev,Learn English with Ariana Grande song dialogue,1,CYkM3zOmjUE,0.1192
MultiQA,chebyshev,Learn English with Ariana Grande song dialogue,2,VAAOTyfO-Oo,0.1283
MultiQA,chebyshev,Learn English with Ariana Grande song dialogue,3,KEWge76EHpA,0.1321
MultiQA,chebyshev,Learn English with Ariana Grande song dialogue,4,u53Seni_i8U,0.1356
MultiQA,chebyshev,Learn English with Ariana Grande song dialogue,5,OyNA4FA47do,0.1361
MultiQA,chebyshev,Learn English with Taylor Swift song expressions,1,ys0SYYPLVOg,0.1245
MultiQA,chebyshev,Learn English with Taylor Swift song expressions,2,bUpTiOgMJu4,0.1343
MultiQA,chebyshev,Learn English with Taylor Swift song expressions,3,VAAOTyfO-Oo,0.1351
MultiQA,chebyshev,Learn English with Taylor Swift song expressions,4,gj9SQk-rlkQ,0.1382
MultiQA,chebyshev,Learn English with Taylor Swift song expressions,5,cj0_XhE_qxE,0.1401
MultiQA,chebyshev,Learn English with Billie Eilish song pronunciation,1,2EhiOgkklY0,0.1202
MultiQA,chebyshev,Learn English with Billie Eilish song pronunciation,2,QaP6nhNyHb0,0.1351
MultiQA,chebyshev,Learn English with Billie Eilish song pronunciation,3,CYkM3zOmjUE,0.1426
MultiQA,chebyshev,Learn English with Billie Eilish song pronunciation,4,fwrD70WeSzs,0.1443
MultiQA,chebyshev,Learn English with Billie Eilish song pronunciation,5,ys0SYYPLVOg,0.1447
MultiQA,chebyshev,Learn English with Michael Jackson song lyrics,1,DiBxjkkGb5o,0.1263
MultiQA,chebyshev,Learn English with Michael Jackson song lyrics,2,KEWge76EHpA,0.138
MultiQA,chebyshev,Learn English with Michael Jackson song lyrics,3,A_zhjxLLA08,0.1383
MultiQA,chebyshev,Learn English with Michael Jackson song lyrics,4,VAAOTyfO-Oo,0.1406
MultiQA,chebyshev,Learn English with Michael Jackson song lyrics,5,fQwqes1cQ8E,0.1414
MultiQA,chebyshev,Learn English with Jonas Brothers song dialogue,1,ufCndfbsfpw,0.134
MultiQA,chebyshev,Learn English with Jonas Brothers song dialogue,2,wqOlUOkiFbs,0.1375
MultiQA,chebyshev,Learn English with Jonas Brothers song dialogue,3,g82BjCFBH-8,0.1381
MultiQA,chebyshev,Learn English with Jonas Brothers song dialogue,4,X7A19Y66Cao,0.1409
MultiQA,chebyshev,Learn English with Jonas Brothers song dialogue,5,-hWE1DbQ43s,0.1464
MultiQA,chebyshev,Learn English with Lady Gaga song vocabulary,1,VAAOTyfO-Oo,0.1106
MultiQA,chebyshev,Learn English with Lady Gaga song vocabulary,2,3GCmsMI5iAY,0.1256
MultiQA,chebyshev,Learn English with Lady Gaga song vocabulary,3,aRbaIHNttv4,0.1324
MultiQA,chebyshev,Learn English with Lady Gaga song vocabulary,4,aTYNX1pjwwk,0.1352
MultiQA,chebyshev,Learn English with Lady Gaga song vocabulary,5,soZc03vH_qQ,0.1415
MultiQA,chebyshev,Learn English with Bob Marley song expressions,1,VAAOTyfO-Oo,0.1373
MultiQA,chebyshev,Learn English with Bob Marley song expressions,2,J135Qy4TVfQ,0.1397
MultiQA,chebyshev,Learn English with Bob Marley song expressions,3,HLBxx-rejmE,0.1407
MultiQA,chebyshev,Learn English with Bob Marley song expressions,4,gj9SQk-rlkQ,0.1435
MultiQA,chebyshev,Learn English with Bob Marley song expressions,5,ys0SYYPLVOg,0.1438
MultiQA,chebyshev,Understand fast English without subtitles,1,ufCndfbsfpw,0.1292
MultiQA,chebyshev,Understand fast English without subtitles,2,mNCS4_wqaPY,0.1338
MultiQA,chebyshev,Understand fast English without subtitles,3,OyNA4FA47do,0.1355
MultiQA,chebyshev,Understand fast English without subtitles,4,4Pu-xXFfkro,0.1386
MultiQA,chebyshev,Understand fast English without subtitles,5,FZXyYuiyq2I,0.1392
MultiQA,chebyshev,How to understand movies without subtitles,1,lhugwz26kUc,0.1379
MultiQA,chebyshev,How to understand movies without subtitles,2,s3p2EoAzhtE,0.1407
MultiQA,chebyshev,How to understand movies without subtitles,3,cHWHY-JpAHw,0.1432
MultiQA,chebyshev,How to understand movies without subtitles,4,T-FXi4Buqps,0.1445
MultiQA,chebyshev,How to understand movies without subtitles,5,JpUZsBUitzA,0.1472
MultiQA,chebyshev,How to learn English with Netflix shows,1,uW-I9SFuU1A,0.1091
MultiQA,chebyshev,How to learn English with Netflix shows,2,urxzhnYYPm8,0.111
MultiQA,chebyshev,How to learn English with Netflix shows,3,xsUEm_faz_w,0.1217
MultiQA,chebyshev,How to learn English with Netflix shows,4,UUAENx1NANg,0.1265
MultiQA,chebyshev,How to learn English with Netflix shows,5,wdh9y2TkIns,0.1265
MultiQA,chebyshev,How to improve English listening with TV series,1,JDYksdXAOOU,0.1162
MultiQA,chebyshev,How to improve English listening with TV series,2,FZoeUNG_x4I,0.1221
MultiQA,chebyshev,How to improve English listening with TV series,3,5i8s5XMzEoA,0.1251
MultiQA,chebyshev,How to improve English listening with TV series,4,WsdwmoQcjiw,0.1264
MultiQA,chebyshev,How to improve English listening with TV series,5,k9MTueetF38,0.1267
MultiQA,chebyshev,How to learn English with movie scenes,1,Xmgohhgb3pA,0.111
MultiQA,chebyshev,How to learn English with movie scenes,2,wdh9y2TkIns,0.1186
MultiQA,chebyshev,How to learn English with movie scenes,3,fRseMUZ2NOM,0.1196
MultiQA,chebyshev,How to learn English with movie scenes,4,3xCQrnTYmzY,0.1214
MultiQA,chebyshev,How to learn English with movie scenes,5,3kcpvIRbSnA,0.1262
MultiQA,chebyshev,How to understand fast native English speech,1,KEWge76EHpA,0.1194
MultiQA,chebyshev,How to understand fast native English speech,2,PL7niJMDu5w,0.126
MultiQA,chebyshev,How to understand fast native English speech,3,xV-GT84xzE8,0.1275
MultiQA,chebyshev,How to understand fast native English speech,4,2li3fhbUnXI,0.1311
MultiQA,chebyshev,How to understand fast native English speech,5,UUAENx1NANg,0.1324
MultiQA,chebyshev,How to learn English with TV show dialogue,1,FZoeUNG_x4I,0.1119
MultiQA,chebyshev,How to learn English with TV show dialogue,2,WsdwmoQcjiw,0.1156
MultiQA,chebyshev,How to learn English with TV show dialogue,3,QaP6nhNyHb0,0.1168
MultiQA,chebyshev,How to learn English with TV show dialogue,4,PL7niJMDu5w,0.1189
MultiQA,chebyshev,How to learn English with TV show dialogue,5,SkViUbosnD4,0.1209
MultiQA,chebyshev,How to practice English listening with movies,1,ICVQ6wfZr3c,0.124
MultiQA,chebyshev,How to practice English listening with movies,2,edvu5y-phhY,0.1252
MultiQA,chebyshev,How to practice English listening with movies,3,Xmgohhgb3pA,0.1278
MultiQA,chebyshev,How to practice English listening with movies,4,ys0SYYPLVOg,0.1282
MultiQA,chebyshev,How to practice English listening with movies,5,RQuL3lsuarQ,0.1332
MultiQA,chebyshev,How to learn real English expressions from movies,1,edvu5y-phhY,0.1135
MultiQA,chebyshev,How to learn real English expressions from movies,2,dcCn9a8TC_I,0.1206
MultiQA,chebyshev,How to learn real English expressions from movies,3,67E6Dl6LaW4,0.1235
MultiQA,chebyshev,How to learn real English expressions from movies,4,QaP6nhNyHb0,0.13
MultiQA,chebyshev,How to learn real English expressions from movies,5,HLBxx-rejmE,0.1305
MultiQA,chebyshev,How to understand jokes in English TV shows,1,sNyls5jrgvw,0.1384
MultiQA,chebyshev,How to understand jokes in English TV shows,2,ufCndfbsfpw,0.1405
MultiQA,chebyshev,How to understand jokes in English TV shows,3,JDYksdXAOOU,0.1409
MultiQA,chebyshev,How to understand jokes in English TV shows,4,cj0_XhE_qxE,0.1413
MultiQA,chebyshev,How to understand jokes in English TV shows,5,WsdwmoQcjiw,0.1439
MultiQA,chebyshev,Real English expressions used by native speakers,1,KEWge76EHpA,0.1384
MultiQA,chebyshev,Real English expressions used by native speakers,2,2li3fhbUnXI,0.1396
MultiQA,chebyshev,Real English expressions used by native speakers,3,IjEax-B7lrg,0.1414
MultiQA,chebyshev,Real English expressions used by native speakers,4,JpUZsBUitzA,0.1434
MultiQA,chebyshev,Real English expressions used by native speakers,5,JDYksdXAOOU,0.1449
MultiQA,chebyshev,Common phrases used in American TV series,1,Wv0_rOzy48c,0.1511
MultiQA,chebyshev,Common phrases used in American TV series,2,LZJp1UfrAVk,0.1522
MultiQA,chebyshev,Common phrases used in American TV series,3,apI6j_LQYAA,0.1547
MultiQA,chebyshev,Common phrases used in American TV series,4,edvu5y-phhY,0.1566
MultiQA,chebyshev,Common phrases used in American TV series,5,jslJbssyfUQ,0.1603
MultiQA,chebyshev,English slang used in movie dialogues,1,GdD065F54ko,0.1634
MultiQA,chebyshev,English slang used in movie dialogues,2,pOWZp3X_1aU,0.1646
MultiQA,chebyshev,English slang used in movie dialogues,3,F9hBErKjL_Y,0.1678
MultiQA,chebyshev,English slang used in movie dialogues,4,NKLyCK0zySA,0.1695
MultiQA,chebyshev,English slang used in movie dialogues,5,nCf2qbVQ4Y4,0.1706
MultiQA,chebyshev,Daily English expressions used by natives,1,a79pawTkIx8,0.1419
MultiQA,chebyshev,Daily English expressions used by natives,2,mJHR-D3GQ0Q,0.1485
MultiQA,chebyshev,Daily English expressions used by natives,3,2pkNRVuJ_70,0.1543
MultiQA,chebyshev,Daily English expressions used by natives,4,Dp1I_iFRRVA,0.1543
MultiQA,chebyshev,Daily English expressions used by natives,5,LPA52CoT44w,0.1544
MultiQA,chebyshev,Natural English pronunciation in movies,1,PL7niJMDu5w,0.1386
MultiQA,chebyshev,Natural English pronunciation in movies,2,3W2gRl5UIDY,0.1396
MultiQA,chebyshev,Natural English pronunciation in movies,3,WU0W0S5ILHY,0.1412
MultiQA,chebyshev,Natural English pronunciation in movies,4,LPA52CoT44w,0.145
MultiQA,chebyshev,Natural English pronunciation in movies,5,edvu5y-phhY,0.1461
MultiQA,chebyshev,Connected speech examples in movie dialogue,1,Xmgohhgb3pA,0.1471
MultiQA,chebyshev,Connected speech examples in movie dialogue,2,G_p1Qky4-Dc,0.1526
MultiQA,chebyshev,Connected speech examples in movie dialogue,3,NKLyCK0zySA,0.1555
MultiQA,chebyshev,Connected speech examples in movie dialogue,4,MtTDYMhU-qA,0.157
MultiQA,chebyshev,Connected speech examples in movie dialogue,5,67E6Dl6LaW4,0.1619
MultiQA,chebyshev,Reduced speech in native English conversation,1,EccLlzUCF4w,0.15
MultiQA,chebyshev,Reduced speech in native English conversation,2,-aUIiirSTJ8,0.1505
MultiQA,chebyshev,Reduced speech in native English conversation,3,xR7qcezLcXI,0.1528
MultiQA,chebyshev,Reduced speech in native English conversation,4,aTYNX1pjwwk,0.1533
MultiQA,chebyshev,Reduced speech in native English conversation,5,F23Bm4FrwJI,0.1538
MultiQA,chebyshev,Shadowing technique with TV series dialogue,1,7Ck3q5GaF5M,0.161
MultiQA,chebyshev,Shadowing technique with TV series dialogue,2,aU58RGC4IKw,0.1655
MultiQA,chebyshev,Shadowing technique with TV series dialogue,3,r1WUFIK-96M,0.1657
MultiQA,chebyshev,Shadowing technique with TV series dialogue,4,YONM8R2_iu8,0.1662
MultiQA,chebyshev,Shadowing technique with TV series dialogue,5,8cjTEJseLUk,0.1693
MultiQA,chebyshev,English listening practice with TV show scenes,1,RQuL3lsuarQ,0.136
MultiQA,chebyshev,English listening practice with TV show scenes,2,tdn81jlykww,0.1366
MultiQA,chebyshev,English listening practice with TV show scenes,3,MtTDYMhU-qA,0.1381
MultiQA,chebyshev,English listening practice with TV show scenes,4,NDhPifXoBYI,0.1412
MultiQA,chebyshev,English listening practice with TV show scenes,5,FZoeUNG_x4I,0.1438
MultiQA,chebyshev,English pronunciation practice with movie dialogue,1,Xmgohhgb3pA,0.1369
MultiQA,chebyshev,English pronunciation practice with movie dialogue,2,LPA52CoT44w,0.1383
MultiQA,chebyshev,English pronunciation practice with movie dialogue,3,NKLyCK0zySA,0.1424
MultiQA,chebyshev,English pronunciation practice with movie dialogue,4,y6mK4ugKCac,0.1439
MultiQA,chebyshev,English pronunciation practice with movie dialogue,5,wdh9y2TkIns,0.1439
MultiQA,chebyshev,Best TV series to learn English fast,1,YDTw1qL0wDw,0.1362
MultiQA,chebyshev,Best TV series to learn English fast,2,tCrpvHJ52T0,0.1376
MultiQA,chebyshev,Best TV series to learn English fast,3,4rX4sH8PMFc,0.1384
MultiQA,chebyshev,Best TV series to learn English fast,4,-aUIiirSTJ8,0.1385
MultiQA,chebyshev,Best TV series to learn English fast,5,PL7niJMDu5w,0.1417
MultiQA,chebyshev,Best movies to learn English listening,1,wdh9y2TkIns,0.1289
MultiQA,chebyshev,Best movies to learn English listening,2,dcCn9a8TC_I,0.1314
MultiQA,chebyshev,Best movies to learn English listening,3,g82BjCFBH-8,0.1369
MultiQA,chebyshev,Best movies to learn English listening,4,Bft__01hqsQ,0.1422
MultiQA,chebyshev,Best movies to learn English listening,5,TswCNV6meYM,0.1446
MultiQA,chebyshev,How to train your ear with English movies,1,3GCmsMI5iAY,0.1297
MultiQA,chebyshev,How to train your ear with English movies,2,lhugwz26kUc,0.1304
MultiQA,chebyshev,How to train your ear with English movies,3,qSBNioIIQi4,0.1326
MultiQA,chebyshev,How to train your ear with English movies,4,YDTw1qL0wDw,0.1385
MultiQA,chebyshev,How to train your ear with English movies,5,xQI0Kqu7x4o,0.1388
MultiQA,chebyshev,How to improve speaking using TV shows,1,WU0W0S5ILHY,0.1386
MultiQA,chebyshev,How to improve speaking using TV shows,2,VZJaXyjs9RI,0.1431
MultiQA,chebyshev,How to improve speaking using TV shows,3,KEWge76EHpA,0.1433
MultiQA,chebyshev,How to improve speaking using TV shows,4,LPA52CoT44w,0.1438
MultiQA,chebyshev,How to improve speaking using TV shows,5,UUj4dwbCnGE,0.1451
MultiQA,chebyshev,How to learn vocabulary from movie scenes,1,3xCQrnTYmzY,0.1294
MultiQA,chebyshev,How to learn vocabulary from movie scenes,2,edvu5y-phhY,0.1302
MultiQA,chebyshev,How to learn vocabulary from movie scenes,3,Cd2pxyKaKUM,0.1309
MultiQA,chebyshev,How to learn vocabulary from movie scenes,4,QaP6nhNyHb0,0.1361
MultiQA,chebyshev,How to learn vocabulary from movie scenes,5,Bft__01hqsQ,0.1378
MultiQA,chebyshev,How to sound like a native English speaker,1,MKv55DyDk0Y,0.1305
MultiQA,chebyshev,How to sound like a native English speaker,2,CYkM3zOmjUE,0.133
MultiQA,chebyshev,How to sound like a native English speaker,3,RHOGowO5i2A,0.1347
MultiQA,chebyshev,How to sound like a native English speaker,4,atySD7QuIqI,0.1361
MultiQA,chebyshev,How to sound like a native English speaker,5,5i8s5XMzEoA,0.1373
MultiQA,chebyshev,English conversation practice with movie clips,1,mNCS4_wqaPY,0.1461
MultiQA,chebyshev,English conversation practice with movie clips,2,MRD0pEWzT4c,0.1473
MultiQA,chebyshev,English conversation practice with movie clips,3,nCf2qbVQ4Y4,0.1508
MultiQA,chebyshev,English conversation practice with movie clips,4,LlTP-I9o3PA,0.1517
MultiQA,chebyshev,English conversation practice with movie clips,5,HLBxx-rejmE,0.1549
MultiQA,chebyshev,Advanced English listening with TV series,1,VZJaXyjs9RI,0.1296
MultiQA,chebyshev,Advanced English listening with TV series,2,FZoeUNG_x4I,0.132
MultiQA,chebyshev,Advanced English listening with TV series,3,5i8s5XMzEoA,0.1376
MultiQA,chebyshev,Advanced English listening with TV series,4,vV_onVQFJt8,0.1386
MultiQA,chebyshev,Advanced English listening with TV series,5,cj0_XhE_qxE,0.139
MultiQA,chebyshev,Real life English conversation from movies,1,Dp1I_iFRRVA,0.1336
MultiQA,chebyshev,Real life English conversation from movies,2,QaP6nhNyHb0,0.1358
MultiQA,chebyshev,Real life English conversation from movies,3,3W2gRl5UIDY,0.1371
MultiQA,chebyshev,Real life English conversation from movies,4,IJoJKkqJgac,0.1381
MultiQA,chebyshev,Real life English conversation from movies,5,edvu5y-phhY,0.1388
MultiQA,chebyshev,English fluency practice with TV series scenes,1,8cjTEJseLUk,0.1328
MultiQA,chebyshev,English fluency practice with TV series scenes,2,7Ck3q5GaF5M,0.1339
MultiQA,chebyshev,English fluency practice with TV series scenes,3,fRseMUZ2NOM,0.1368
MultiQA,chebyshev,English fluency practice with TV series scenes,4,Dp1I_iFRRVA,0.1381
MultiQA,chebyshev,English fluency practice with TV series scenes,5,FTHpPLghxFs,0.1424
